status	circ_id	host_gene	chrom	start	end	cnv_bin_id	n_cells	mean_local_copy_number	mean_circ_support	pearson_r	pearson_p	mean_support_by_copy_number
ok	chr9:110941421|111011690	LPAR1	chr9	110941421	111011690	chr9:110950000-111000000	23	2.0	0.34782608695652173			"{""2.0"": 0.34782608695652173}"
ok	chr9:110972073|111011690	LPAR1	chr9	110972073	111011690	chr9:110950000-111000000	23	2.0	1.2173913043478262			"{""2.0"": 1.2173913043478262}"
ok	chr9:110972073|110973558	LPAR1	chr9	110972073	110973558	chr9:110950000-111000000	23	2.0	5.521739130434782			"{""2.0"": 5.521739130434782}"
ok	chr9:131643239|131650949	RAPGEF1	chr9	131643239	131650949	chr9:131600000-131650000	23	1.826086956521739	0.13043478260869565	-0.4646601886422926	0.02549182097304459	"{""1.0"": 0.75, ""2.0"": 0.0}"
ok	chr7:849373|849578	SUN1	chr7	849373	849578	chr7:800000-850000	23	1.826086956521739	0.08695652173913043	-0.46466018864229264	0.025491820973044515	"{""1.0"": 0.5, ""2.0"": 0.0}"
ok	chr7:73683592|73687095	BUD23	chr7	73683592	73687095	chr7:73650000-73700000	23	1.9130434782608696	0.043478260869565216	0.0657951694959769	0.7654978135179871	"{""1.0"": 0.0, ""2.0"": 0.047619047619047616}"
ok	chr7:94411056|94413110	COL1A2	chr7	94411056	94413110	chr7:94400000-94450000	23	2.0	0.043478260869565216			"{""2.0"": 0.043478260869565216}"
ok	chr7:100023419|100031100	ZKSCAN1	chr7	100023419	100031100	chr7:100000000-100050000	23	1.9565217391304348	0.043478260869565216	0.04545454545454546	0.8368364960931192	"{""1.0"": 0.0, ""2.0"": 0.045454545454545456}"
ok	chr7:105090009|105109228	KMT2E	chr7	105090009	105109228	chr7:105050000-105100000	23	2.0	0.043478260869565216			"{""2.0"": 0.043478260869565216}"
ok	chr7:156756393|156763795	LMBR1	chr7	156756393	156763795	chr7:156750000-156800000	23	2.0	0.08695652173913043			"{""2.0"": 0.08695652173913043}"
ok	chr8:17098458|17120401	MICU3	chr8	17098458	17120401	chr8:17100000-17150000	23	2.0	0.13043478260869565			"{""2.0"": 0.13043478260869565}"
ok	chr8:23303311|23309861	LOXL2	chr8	23303311	23309861	chr8:23300000-23350000	23	2.0	0.13043478260869565			"{""2.0"": 0.13043478260869565}"
ok	chr8:29098869|29099241	KIF13B	chr8	29098869	29099241	chr8:29050000-29100000	23	2.0	0.043478260869565216			"{""2.0"": 0.043478260869565216}"
ok	chr8:61618978|61653660	ASPH;RN7SKP97	chr8	61618978	61653660	chr8:61600000-61650000	23	2.0	0.08695652173913043			"{""2.0"": 0.08695652173913043}"
ok	chr8:61680968|61684188	ASPH	chr8	61680968	61684188	chr8:61650000-61700000	23	2.0	0.34782608695652173			"{""2.0"": 0.34782608695652173}"
ok	chr8:67103037|67132080	CSPP1	chr8	67103037	67132080	chr8:67100000-67150000	23	2.0	0.13043478260869565			"{""2.0"": 0.13043478260869565}"
ok	chr8:140879471|140890769	PTK2	chr8	140879471	140890769	chr8:140850000-140900000	23	2.0	0.17391304347826086			"{""2.0"": 0.17391304347826086}"
ok	chr8:144138744|144139412	HGH1	chr8	144138744	144139412	chr8:144100000-144150000	23	1.9130434782608696	0.043478260869565216	-0.6908492797077576	0.00026264212294049274	"{""1.0"": 0.5, ""2.0"": 0.0}"
ok	chrX:47584982|47585609	ENSG00000283743;SYN1	chrX	47584982	47585609	chrX:47550000-47600000	23	2.0	0.08695652173913043			"{""2.0"": 0.08695652173913043}"
ok	chrX:54811026|54811277	MAGED2	chrX	54811026	54811277	chrX:54800000-54850000	23	2.0	0.043478260869565216			"{""2.0"": 0.043478260869565216}"
ok	chrX:140783175|140784659	LINC00632	chrX	140783175	140784659	chrX:140750000-140800000	23	1.9565217391304348	52.91304347826087	0.10123782986649159	0.6457833511856899	"{""1.0"": 43.0, ""2.0"": 53.36363636363637}"
ok	chr5:65242104|65273447	ADAMTS6;RPEP1	chr5	65242104	65273447	chr5:65250000-65300000	23	2.0	0.043478260869565216			"{""2.0"": 0.043478260869565216}"
ok	chr5:65451475|65473952	ADAMTS6	chr5	65451475	65473952	chr5:65450000-65500000	23	2.0	0.2608695652173913			"{""2.0"": 0.2608695652173913}"
ok	chr5:75581209|75583417	POLK	chr5	75581209	75583417	chr5:75550000-75600000	23	2.0	0.08695652173913043			"{""2.0"": 0.08695652173913043}"
ok	chr5:76616776|76617231	IQGAP2	chr5	76616776	76617231	chr5:76600000-76650000	23	2.0	0.17391304347826086			"{""2.0"": 0.17391304347826086}"
ok	chr5:79439010|79457018	HOMER1	chr5	79439010	79457018	chr5:79400000-79450000	23	2.0	0.043478260869565216			"{""2.0"": 0.043478260869565216}"
ok	chr5:96702850|96727530	CAST	chr5	96702850	96727530	chr5:96700000-96750000	23	1.9565217391304348	0.08695652173913043	0.045454545454545456	0.8368364960931192	"{""1.0"": 0.0, ""2.0"": 0.09090909090909091}"
ok	chr5:176943335|176958154	UIMC1	chr5	176943335	176958154	chr5:176950000-177000000	23	2.0	0.34782608695652173			"{""2.0"": 0.34782608695652173}"
ok	chr6:53065712|53082562	FBXO9	chr6	53065712	53082562	chr6:53050000-53100000	23	2.0	0.08695652173913043			"{""2.0"": 0.08695652173913043}"
ok	chr6:161034259|161049979	MAP3K4	chr6	161034259	161049979	chr6:161000000-161050000	23	2.0	0.13043478260869565			"{""2.0"": 0.13043478260869565}"
ok	chr10:17235316|17237262	VIM	chr10	17235316	17237262	chr10:17200000-17250000	23	2.0434782608695654	0.391304347826087	0.7961653588395573	5.5254859690175904e-06	"{""2.0"": 0.22727272727272727, ""3.0"": 4.0}"
ok	chr10:30313891|30341640	MTPAP	chr10	30313891	30341640	chr10:30300000-30350000	23	2.0	0.13043478260869565			"{""2.0"": 0.13043478260869565}"
ok	chr10:32543300|32584304	CCDC7	chr10	32543300	32584304	chr10:32550000-32600000	23	2.0	0.043478260869565216			"{""2.0"": 0.043478260869565216}"
ok	chr10:72715111|72715902	MCU	chr10	72715111	72715902	chr10:72700000-72750000	23	1.9565217391304348	0.30434782608695654	0.04545454545454546	0.8368364960931192	"{""1.0"": 0.0, ""2.0"": 0.3181818181818182}"
ok	chr10:88935208|88938168	ACTA2-AS1;STAMBPL1	chr10	88935208	88938168	chr10:88900000-88950000	23	1.9565217391304348	0.08695652173913043	0.04545454545454546	0.8368364960931192	"{""1.0"": 0.0, ""2.0"": 0.09090909090909091}"
ok	chr10:102157019|102162354	NOLC1	chr10	102157019	102162354	chr10:102150000-102200000	23	1.9565217391304348	0.043478260869565216	0.04545454545454546	0.8368364960931192	"{""1.0"": 0.0, ""2.0"": 0.045454545454545456}"
ok	chr10:115120185|115129535	ATRNL1	chr10	115120185	115129535	chr10:115100000-115150000	23	1.9565217391304348	0.043478260869565216	0.04545454545454546	0.8368364960931192	"{""1.0"": 0.0, ""2.0"": 0.045454545454545456}"
ok	chr3:27411642|27452498	SLC4A7	chr3	27411642	27452498	chr3:27400000-27450000	23	1.8695652173913044	0.043478260869565216	0.08257228238447706	0.7079879068817685	"{""1.0"": 0.0, ""2.0"": 0.05}"
ok	chr3:29936086|29944254	RBMS3	chr3	29936086	29944254	chr3:29900000-29950000	23	1.9130434782608696	0.043478260869565216	0.0657951694959769	0.7654978135179871	"{""1.0"": 0.0, ""2.0"": 0.047619047619047616}"
ok	chr3:47046487|47062346	SETD2	chr3	47046487	47062346	chr3:47050000-47100000	23	1.9130434782608696	0.043478260869565216	0.0657951694959769	0.7654978135179871	"{""1.0"": 0.0, ""2.0"": 0.047619047619047616}"
ok	chr3:67495798|67529186	SUCLG2	chr3	67495798	67529186	chr3:67500000-67550000	23	1.9130434782608696	0.043478260869565216	0.0657951694959769	0.7654978135179871	"{""1.0"": 0.0, ""2.0"": 0.047619047619047616}"
ok	chr3:138570318|138571356	CEP70	chr3	138570318	138571356	chr3:138550000-138600000	23	1.9130434782608696	0.043478260869565216	0.036835473434187874	0.867479167044514	"{""1.0"": 0.0, ""2.0"": 0.058823529411764705, ""3.0"": 0.0}"
ok	chr3:155910692|155925366	GMPS	chr3	155910692	155925366	chr3:155900000-155950000	23	1.9565217391304348	0.17391304347826086	0.0199680765957718	0.9279440947274481	"{""1.0"": 0.0, ""2.0"": 0.2222222222222222, ""3.0"": 0.0}"
ok	chr3:170145423|170149244	PHC3	chr3	170145423	170149244	chr3:170100000-170150000	23	1.9130434782608696	0.6086956521739131	-0.1360243347535181	0.5360100838340706	"{""1.0"": 0.75, ""2.0"": 0.6470588235294118, ""3.0"": 0.0}"
ok	chr3:172251260|172262083	FNDC3B	chr3	172251260	172262083	chr3:172250000-172300000	23	1.9565217391304348	0.043478260869565216	0.0199680765957718	0.9279440947274481	"{""1.0"": 0.0, ""2.0"": 0.05555555555555555, ""3.0"": 0.0}"
ok	chr3:179681878|179708957	ENSG00000288698;USP13	chr3	179681878	179708957	chr3:179650000-179700000	23	1.9130434782608696	0.08695652173913043	0.04545454545454544	0.8368364960931192	"{""1.0"": 0.0, ""2.0"": 0.10526315789473684, ""3.0"": 0.0}"
ok	chr3:183715144|183728851	YEATS2	chr3	183715144	183728851	chr3:183700000-183750000	23	1.9565217391304348	0.043478260869565216	0.0199680765957718	0.9279440947274481	"{""1.0"": 0.0, ""2.0"": 0.05555555555555555, ""3.0"": 0.0}"
ok	chr3:196806579|196807914	PAK2	chr3	196806579	196807914	chr3:196800000-196850000	23	2.0	0.21739130434782608	0.4093622032858589	0.052413386026253214	"{""1.0"": 0.0, ""2.0"": 0.058823529411764705, ""3.0"": 1.3333333333333333}"
ok	chr21:44055698|44059214	TRAPPC10	chr21	44055698	44059214	chr21:44050000-44100000	23	1.608695652173913	0.043478260869565216	0.12995797100802928	0.5545102848935703	"{""0.0"": 0.0, ""1.0"": 0.0, ""2.0"": 0.0625}"
ok	chr11:19826876|19842923	NAV2	chr11	19826876	19842923	chr11:19800000-19850000	23	2.260869565217391	0.13043478260869565	-0.04545454545454546	0.8368364960931192	"{""2.0"": 0.13636363636363635, ""8.0"": 0.0}"
ok	chr11:33286413|33287511	HIPK3	chr11	33286413	33287511	chr11:33250000-33300000	23	2.260869565217391	4.434782608695652	0.26195543022853224	0.2272550118909629	"{""2.0"": 4.2727272727272725, ""8.0"": 8.0}"
ok	chr11:35190015|35219387	CD44;ENSG00000251194	chr11	35190015	35219387	chr11:35200000-35250000	23	2.260869565217391	0.08695652173913043	-0.04545454545454546	0.8368364960931192	"{""2.0"": 0.09090909090909091, ""8.0"": 0.0}"
ok	chr11:44107683|44130138	EXT2	chr11	44107683	44130138	chr11:44100000-44150000	23	2.260869565217391	0.043478260869565216	-0.04545454545454546	0.8368364960931192	"{""2.0"": 0.045454545454545456, ""8.0"": 0.0}"
ok	chr11:57491591|57491862	SLC43A1	chr11	57491591	57491862	chr11:57450000-57500000	23	1.9565217391304348	0.043478260869565216	0.04545454545454546	0.8368364960931192	"{""1.0"": 0.0, ""2.0"": 0.045454545454545456}"
ok	chr11:72837682|72837903	ATG16L2	chr11	72837682	72837903	chr11:72800000-72850000	23	2.0	0.043478260869565216			"{""2.0"": 0.043478260869565216}"
ok	chr11:85996826|86003451	PICALM	chr11	85996826	86003451	chr11:86000000-86050000	23	2.0	0.21739130434782608			"{""2.0"": 0.21739130434782608}"
ok	chr11:89400017|89402542	NOX4	chr11	89400017	89402542	chr11:89400000-89450000	23	2.0	0.13043478260869565			"{""2.0"": 0.13043478260869565}"
ok	chr11:89421902|89451895	NOX4	chr11	89421902	89451895	chr11:89400000-89450000	23	2.0	0.043478260869565216			"{""2.0"": 0.043478260869565216}"
ok	chr11:108172199|108197420	NPAT	chr11	108172199	108197420	chr11:108150000-108200000	23	2.0	0.17391304347826086			"{""2.0"": 0.17391304347826086}"
ok	chr11:118401622|118407062	ENSG00000254873	chr11	118401622	118407062	chr11:118400000-118450000	23	1.9130434782608696	0.043478260869565216	0.0657951694959769	0.7654978135179871	"{""1.0"": 0.0, ""2.0"": 0.047619047619047616}"
ok	chr11:128480191|128480451	ETS1	chr11	128480191	128480451	chr11:128450000-128500000	23	2.0	0.043478260869565216			"{""2.0"": 0.043478260869565216}"
ok	chr4:7868622|7872080	AFAP1	chr4	7868622	7872080	chr4:7850000-7900000	23	1.9130434782608696	0.4782608695652174	-0.8973451269593884	6.580538899507144e-09	"{""1.0"": 4.0, ""2.0"": 0.14285714285714285}"
ok	chr4:15636494|15644708	FBXL5	chr4	15636494	15644708	chr4:15600000-15650000	23	2.0	0.043478260869565216			"{""2.0"": 0.043478260869565216}"
ok	chr4:26739864|26769852	TBC1D19	chr4	26739864	26769852	chr4:26750000-26800000	23	1.9565217391304348	0.08695652173913043	0.04545454545454546	0.8368364960931192	"{""1.0"": 0.0, ""2.0"": 0.09090909090909091}"
ok	chr4:82874611|82881940	SEC31A	chr4	82874611	82881940	chr4:82850000-82900000	23	1.9565217391304348	0.13043478260869565	0.04545454545454546	0.8368364960931192	"{""1.0"": 0.0, ""2.0"": 0.13636363636363635}"
ok	chr4:86735747|86741618	PTPN13	chr4	86735747	86741618	chr4:86700000-86750000	23	2.0	0.08695652173913043			"{""2.0"": 0.08695652173913043}"
ok	chr4:146305926|146308975	SLC10A7	chr4	146305926	146308975	chr4:146300000-146350000	23	2.0	0.08695652173913043			"{""2.0"": 0.08695652173913043}"
ok	chr4:152411303|152412529	FBXW7	chr4	152411303	152412529	chr4:152400000-152450000	23	1.9565217391304348	0.17391304347826086	0.07720914364821836	0.7262215833931178	"{""1.0"": 0.0, ""2.0"": 0.18181818181818182}"
ok	chr4:177353308|177360677	NEIL3	chr4	177353308	177360677	chr4:177350000-177400000	23	2.0	0.043478260869565216			"{""2.0"": 0.043478260869565216}"
ok	chr22:40266801|40321229	TNRC6B	chr22	40266801	40321229	chr22:40250000-40300000	23	1.9565217391304348	0.043478260869565216	0.045454545454545456	0.8368364960931192	"{""1.0"": 0.0, ""2.0"": 0.045454545454545456}"
ok	chr22:40404330|40404599	ENSG00000284431;SGSM3	chr22	40404330	40404599	chr22:40400000-40450000	23	1.9565217391304348	0.043478260869565216	0.045454545454545456	0.8368364960931192	"{""1.0"": 0.0, ""2.0"": 0.045454545454545456}"
ok	chr12:19462510|19484053	AEBP2	chr12	19462510	19484053	chr12:19450000-19500000	23	2.0	0.13043478260869565			"{""2.0"": 0.13043478260869565}"
ok	chr12:55840759|55842786	MMP19	chr12	55840759	55842786	chr12:55800000-55850000	23	2.0	0.043478260869565216			"{""2.0"": 0.043478260869565216}"
ok	chr12:57180693|57183876	LRP1	chr12	57180693	57183876	chr12:57150000-57200000	23	2.0	0.08695652173913043			"{""2.0"": 0.08695652173913043}"
ok	chr12:78006419|78021862	NAV3	chr12	78006419	78021862	chr12:78000000-78050000	23	2.0	0.17391304347826086			"{""2.0"": 0.17391304347826086}"
ok	chr12:108652272|108654410	CORO1C	chr12	108652272	108654410	chr12:108650000-108700000	23	2.0	0.9130434782608695			"{""2.0"": 0.9130434782608695}"
ok	chr12:108818249|108818558	SSH1	chr12	108818249	108818558	chr12:108800000-108850000	23	2.0	0.391304347826087			"{""2.0"": 0.391304347826087}"
ok	chr12:111509549|111510582	ATXN2	chr12	111509549	111510582	chr12:111500000-111550000	23	2.0	0.08695652173913043			"{""2.0"": 0.08695652173913043}"
ok	chr12:113822200|113823321	RBM19	chr12	113822200	113823321	chr12:113800000-113850000	23	2.0	0.08695652173913043			"{""2.0"": 0.08695652173913043}"
ok	chr12:114725301|114725746	TBX3-AS1	chr12	114725301	114725746	chr12:114700000-114750000	23	2.0	0.21739130434782608			"{""2.0"": 0.21739130434782608}"
ok	chr12:116096669|116119779	MED13L	chr12	116096669	116119779	chr12:116100000-116150000	23	2.0	0.043478260869565216			"{""2.0"": 0.043478260869565216}"
ok	chr12:122340753|122341697	CLIP1	chr12	122340753	122341697	chr12:122300000-122350000	23	1.9565217391304348	0.043478260869565216	0.04545454545454546	0.8368364960931192	"{""1.0"": 0.0, ""2.0"": 0.045454545454545456}"
ok	chr12:124437930|124495368	NCOR2	chr12	124437930	124495368	chr12:124450000-124500000	23	1.8695652173913044	0.08695652173913043	0.08257228238447706	0.7079879068817685	"{""1.0"": 0.0, ""2.0"": 0.1}"
ok	chr12:128808788|128815070	ENSG00000279500;SLC15A4	chr12	128808788	128815070	chr12:128800000-128850000	23	2.0	0.17391304347826086			"{""2.0"": 0.17391304347826086}"
ok	chr1:1223244|1223968	SDF4	chr1	1223244	1223968	chr1:1200000-1250000	23	2.0434782608695654	0.17391304347826086	-0.033158788015393556	0.88060953906129	"{""1.0"": 0.0, ""2.0"": 0.2, ""3.0"": 0.0}"
ok	chr1:1793245|1817875	GNB1	chr1	1793245	1817875	chr1:1800000-1850000	23	2.0434782608695654	0.043478260869565216	-0.025854384499750964	0.9067825996615458	"{""1.0"": 0.0, ""2.0"": 0.05, ""3.0"": 0.0}"
ok	chr1:13773078|13782831	PRDM2	chr1	13773078	13782831	chr1:13750000-13800000	23	2.0	0.13043478260869565			"{""2.0"": 0.13043478260869565}"
ok	chr1:21050866|21089213	EIF4G3;ENSG00000236073	chr1	21050866	21089213	chr1:21050000-21100000	23	2.0	0.13043478260869565			"{""2.0"": 0.13043478260869565}"
ok	chr1:26446316|26447660	DHDDS	chr1	26446316	26447660	chr1:26400000-26450000	23	2.0	0.043478260869565216			"{""2.0"": 0.043478260869565216}"
ok	chr1:31907661|31911826	ENSG00000269967;PTP4A2	chr1	31907661	31911826	chr1:31900000-31950000	23	2.0434782608695654	0.043478260869565216	-0.045454545454545484	0.8368364960931192	"{""2.0"": 0.045454545454545456, ""3.0"": 0.0}"
ok	chr1:31915895|31919658	ENSG00000269967;ENSG00000288678;PTP4A2	chr1	31915895	31919658	chr1:31900000-31950000	23	2.0434782608695654	0.2608695652173913	-0.06579516949597693	0.7654978135179871	"{""2.0"": 0.2727272727272727, ""3.0"": 0.0}"
ok	chr1:32948222|32949774	RNF19B	chr1	32948222	32949774	chr1:32900000-32950000	23	1.9565217391304348	0.043478260869565216	0.04545454545454546	0.8368364960931192	"{""1.0"": 0.0, ""2.0"": 0.045454545454545456}"
ok	chr1:52954740|52961629	SCP2	chr1	52954740	52961629	chr1:52950000-53000000	23	1.9565217391304348	0.043478260869565216	0.04545454545454546	0.8368364960931192	"{""1.0"": 0.0, ""2.0"": 0.045454545454545456}"
ok	chr1:62577262|62586624	DOCK7	chr1	62577262	62586624	chr1:62550000-62600000	23	1.9565217391304348	0.08695652173913043	0.04545454545454546	0.8368364960931192	"{""1.0"": 0.0, ""2.0"": 0.09090909090909091}"
ok	chr1:146968448|146972960	NBPF12	chr1	146968448	146972960	chr1:146950000-147000000	23	2.0	0.13043478260869565			"{""2.0"": 0.13043478260869565}"
ok	chr1:150966162|150969091	CERS2	chr1	150966162	150969091	chr1:150950000-151000000	23	2.0	0.043478260869565216			"{""2.0"": 0.043478260869565216}"
ok	chr1:153932402|153932951	ENSG00000284738	chr1	153932402	153932951	chr1:153900000-153950000	23	1.608695652173913	0.08695652173913043	0.11809437324333258	0.5915019236033908	"{""0.0"": 0.0, ""1.0"": 0.0, ""2.0"": 0.11764705882352941}"
ok	chr1:154963734|154963880	PYGO2;SHC1	chr1	154963734	154963880	chr1:154950000-155000000	23	1.8695652173913044	0.043478260869565216	0.08257228238447706	0.7079879068817685	"{""1.0"": 0.0, ""2.0"": 0.05}"
ok	chr1:179337837|179343635	SOAT1	chr1	179337837	179343635	chr1:179300000-179350000	23	2.0	0.08695652173913043			"{""2.0"": 0.08695652173913043}"
ok	chr1:201809946|201817285	NAV1	chr1	201809946	201817285	chr1:201800000-201850000	23	2.0	0.08695652173913043			"{""2.0"": 0.08695652173913043}"
ok	chr1:203682861|203683169	ATP2B4	chr1	203682861	203683169	chr1:203650000-203700000	23	1.9565217391304348	0.043478260869565216	0.04545454545454546	0.8368364960931192	"{""1.0"": 0.0, ""2.0"": 0.045454545454545456}"
ok	chr1:205618957|205623891	ELK4	chr1	205618957	205623891	chr1:205600000-205650000	23	2.0	0.043478260869565216			"{""2.0"": 0.043478260869565216}"
ok	chr1:246186743|246193963	RNU6-1283P;SMYD3	chr1	246186743	246193963	chr1:246150000-246200000	23	2.0	0.043478260869565216			"{""2.0"": 0.043478260869565216}"
ok	chr2:36441258|36442735	CRIM1	chr2	36441258	36442735	chr2:36400000-36450000	23	1.9565217391304348	0.30434782608695654	0.08070002078437538	0.714336225116128	"{""1.0"": 0.0, ""2.0"": 0.3181818181818182}"
ok	chr2:62990716|62996766	EHBP1	chr2	62990716	62996766	chr2:62950000-63000000	23	2.0	0.08695652173913043			"{""2.0"": 0.08695652173913043}"
ok	chr2:121503167|121530325	CLASP1	chr2	121503167	121530325	chr2:121500000-121550000	23	2.0	0.21739130434782608			"{""2.0"": 0.21739130434782608}"
ok	chr2:128164730|128171284	UGGT1	chr2	128164730	128171284	chr2:128150000-128200000	23	2.0	0.043478260869565216			"{""2.0"": 0.043478260869565216}"
ok	chr2:169812457|169822057	METTL5	chr2	169812457	169822057	chr2:169800000-169850000	23	2.0434782608695654	0.08695652173913043	-0.045454545454545484	0.8368364960931192	"{""2.0"": 0.09090909090909091, ""3.0"": 0.0}"
ok	chr2:214767482|214781509	BARD1	chr2	214767482	214781509	chr2:214750000-214800000	23	2.0434782608695654	0.08695652173913043	-0.045454545454545484	0.8368364960931192	"{""2.0"": 0.09090909090909091, ""3.0"": 0.0}"
ok	chr2:215386777|215391719	FN1	chr2	215386777	215391719	chr2:215350000-215400000	23	2.0434782608695654	0.2608695652173913	-0.04545454545454548	0.8368364960931192	"{""2.0"": 0.2727272727272727, ""3.0"": 0.0}"
ok	chr2:215391642|215399313	FN1	chr2	215391642	215399313	chr2:215350000-215400000	23	2.0434782608695654	0.13043478260869565	-0.04545454545454548	0.8368364960931192	"{""2.0"": 0.13636363636363635, ""3.0"": 0.0}"
ok	chr13:32517857|32527532	N4BP2L2	chr13	32517857	32527532	chr13:32500000-32550000	23	2.0	0.13043478260869565			"{""2.0"": 0.13043478260869565}"
ok	chr13:75713182|75761038	ENSG00000261553;LMO7	chr13	75713182	75761038	chr13:75700000-75750000	23	2.0	0.8695652173913043			"{""2.0"": 0.8695652173913043}"
ok	chr20:32366384|32369123	ASXL1	chr20	32366384	32369123	chr20:32350000-32400000	23	1.9565217391304348	0.21739130434782608	0.05572089983649915	0.8006379558936813	"{""1.0"": 0.0, ""2.0"": 0.22727272727272727}"
ok	chr20:35279049|35280052	EIF6;ENSG00000261582	chr20	35279049	35280052	chr20:35250000-35300000	23	2.0	0.08695652173913043			"{""2.0"": 0.08695652173913043}"
ok	chr20:58438945|58441083	VAPB	chr20	58438945	58441083	chr20:58400000-58450000	23	1.9565217391304348	0.043478260869565216	0.04545454545454546	0.8368364960931192	"{""1.0"": 0.0, ""2.0"": 0.045454545454545456}"
ok	chr18:8076455|8088851	PTPRM	chr18	8076455	8088851	chr18:8050000-8100000	23	2.0434782608695654	0.21739130434782608	-0.04545454545454548	0.8368364960931192	"{""2.0"": 0.22727272727272727, ""3.0"": 0.0}"
ok	chr18:42027443|42049605	PIK3C3	chr18	42027443	42049605	chr18:42000000-42050000	23	2.0	0.08695652173913043			"{""2.0"": 0.08695652173913043}"
ok	chr18:49483584|49483771	C18orf32;RPL17-C18orf32	chr18	49483584	49483771	chr18:49450000-49500000	23	1.9565217391304348	0.043478260869565216	0.04545454545454546	0.8368364960931192	"{""1.0"": 0.0, ""2.0"": 0.045454545454545456}"
ok	chr18:63331540|63331813	KDSR	chr18	63331540	63331813	chr18:63300000-63350000	23	2.0	0.08695652173913043			"{""2.0"": 0.08695652173913043}"
ok	chr19:3382024|3382243	NFIC	chr19	3382024	3382243	chr19:3350000-3400000	23	1.9130434782608696	0.08695652173913043	0.0657951694959769	0.7654978135179871	"{""1.0"": 0.0, ""2.0"": 0.09523809523809523}"
ok	chr19:32617589|32628849	ANKRD27	chr19	32617589	32628849	chr19:32600000-32650000	23	1.9565217391304348	0.13043478260869565	0.04545454545454546	0.8368364960931192	"{""1.0"": 0.0, ""2.0"": 0.13636363636363635}"
ok	chr14:31127785|31172122	HECTD1	chr14	31127785	31172122	chr14:31100000-31150000	23	2.0869565217391304	0.08695652173913043	-0.0952380952380952	0.6655527244594626	"{""2.0"": 0.09523809523809523, ""3.0"": 0.0}"
ok	chr14:50462665|50475149	MAP4K5;Y_RNA	chr14	50462665	50475149	chr14:50450000-50500000	23	2.0434782608695654	0.08695652173913043	-0.045454545454545484	0.8368364960931192	"{""2.0"": 0.09090909090909091, ""3.0"": 0.0}"
ok	chr14:100935772|100988790	ENSG00000201036;MEG8;MIR493HG;SNORD113-5;SNORD114-2	chr14	100935772	100988790	chr14:100950000-101000000	23	1.9565217391304348	0.7391304347826086	0.07325408941596105	0.7397613612092913	"{""1.0"": 0.0, ""2.0"": 0.7727272727272727}"
ok	chr14:100942762|100988790	ENSG00000201036;ENSG00000201500;MEG8;MIR493HG;SNORD114-2	chr14	100942762	100988790	chr14:100950000-101000000	23	1.9565217391304348	0.2608695652173913	0.04545454545454546	0.8368364960931192	"{""1.0"": 0.0, ""2.0"": 0.2727272727272727}"
ok	chr15:42162459|42165089	VPS39	chr15	42162459	42165089	chr15:42150000-42200000	23	2.0	0.043478260869565216			"{""2.0"": 0.043478260869565216}"
ok	chr15:50300789|50304133	GABPB1	chr15	50300789	50304133	chr15:50300000-50350000	23	2.0	0.043478260869565216			"{""2.0"": 0.043478260869565216}"
ok	chr15:75904551|75917283	FBXO22	chr15	75904551	75917283	chr15:75900000-75950000	23	2.0	0.08695652173913043			"{""2.0"": 0.08695652173913043}"
ok	chr15:90619741|90629532	CRTC3	chr15	90619741	90629532	chr15:90600000-90650000	23	1.9565217391304348	0.043478260869565216	0.04545454545454546	0.8368364960931192	"{""1.0"": 0.0, ""2.0"": 0.045454545454545456}"
ok	chr16:24968351|24970580	ARHGAP17	chr16	24968351	24970580	chr16:24950000-25000000	23	2.0	0.08695652173913043			"{""2.0"": 0.08695652173913043}"
ok	chr16:53155926|53157541	CHD9	chr16	53155926	53157541	chr16:53150000-53200000	23	2.0	0.13043478260869565			"{""2.0"": 0.13043478260869565}"
ok	chr16:70255728|70259018	AARS1	chr16	70255728	70259018	chr16:70250000-70300000	23	1.9565217391304348	0.043478260869565216	0.04545454545454546	0.8368364960931192	"{""1.0"": 0.0, ""2.0"": 0.045454545454545456}"
ok	chr16:72811577|72812038	ZFHX3	chr16	72811577	72812038	chr16:72800000-72850000	23	2.0	0.08695652173913043			"{""2.0"": 0.08695652173913043}"
ok	chr17:47402132|47414919	EFCAB13	chr17	47402132	47414919	chr17:47400000-47450000	23	2.0	0.043478260869565216			"{""2.0"": 0.043478260869565216}"
ok	chr17:50189168|50189538	COL1A1	chr17	50189168	50189538	chr17:50150000-50200000	23	2.0	6.565217391304348			"{""2.0"": 6.565217391304348}"
ok	chr17:67120405|67151224	HELZ	chr17	67120405	67151224	chr17:67100000-67150000	23	2.0	0.17391304347826086			"{""2.0"": 0.17391304347826086}"
ok	chr9:21476899|21477292	MIR31HG	chr9	21476899	21477292	chr9:21450000-21500000	23	2.0	0.08695652173913043			"{""2.0"": 0.08695652173913043}"
ok	chr9:35546430|35546578	RUSC2	chr9	35546430	35546578	chr9:35500000-35550000	23	2.0	0.043478260869565216			"{""2.0"": 0.043478260869565216}"
ok	chr9:131884058|131947831	MED27	chr9	131884058	131947831	chr9:131900000-131950000	23	1.826086956521739	0.08695652173913043	0.09782319760890373	0.6570073287387147	"{""1.0"": 0.0, ""2.0"": 0.10526315789473684}"
ok	chr7:33002777|33005294	FKBP9	chr7	33002777	33005294	chr7:33000000-33050000	23	1.9565217391304348	0.13043478260869565	0.04545454545454544	0.8368364960931192	"{""1.0"": 0.0, ""2.0"": 0.13636363636363635}"
ok	chr7:74338448|74339004	CLIP2	chr7	74338448	74339004	chr7:74300000-74350000	23	1.9130434782608696	0.043478260869565216	-0.6908492797077576	0.00026264212294049274	"{""1.0"": 0.5, ""2.0"": 0.0}"
ok	chr7:80789306|80810701	SEMA3C	chr7	80789306	80810701	chr7:80800000-80850000	23	2.0434782608695654	0.043478260869565216	-0.04545454545454549	0.8368364960931192	"{""2.0"": 0.045454545454545456, ""3.0"": 0.0}"
ok	chr7:91112542|91118208	CDK14	chr7	91112542	91118208	chr7:91100000-91150000	23	2.0	0.043478260869565216			"{""2.0"": 0.043478260869565216}"
ok	chr7:127373342|127386155	ZNF800	chr7	127373342	127386155	chr7:127350000-127400000	23	2.0	0.17391304347826086			"{""2.0"": 0.17391304347826086}"
ok	chr8:26627883|26634875	DPYSL2	chr8	26627883	26634875	chr8:26600000-26650000	23	2.0	0.043478260869565216			"{""2.0"": 0.043478260869565216}"
ok	chr8:142328903|142331831	TSNARE1	chr8	142328903	142331831	chr8:142300000-142350000	23	1.9565217391304348	0.17391304347826086	0.04545454545454544	0.8368364960931192	"{""1.0"": 0.0, ""2.0"": 0.18181818181818182}"
ok	chr5:32135572|32143880	GOLPH3	chr5	32135572	32143880	chr5:32100000-32150000	23	2.0	0.043478260869565216			"{""2.0"": 0.043478260869565216}"
ok	chr5:39382618|39388852	DAB2;ENSG00000289699	chr5	39382618	39388852	chr5:39350000-39400000	23	2.0	0.043478260869565216			"{""2.0"": 0.043478260869565216}"
ok	chr5:41794003|41807438	OXCT1	chr5	41794003	41807438	chr5:41800000-41850000	23	2.0	0.08695652173913043			"{""2.0"": 0.08695652173913043}"
ok	chr5:43292474|43298975	HMGCS1	chr5	43292474	43298975	chr5:43250000-43300000	23	2.0	0.08695652173913043			"{""2.0"": 0.08695652173913043}"
ok	chr5:72861808|72883232	MIR4804;TNPO1	chr5	72861808	72883232	chr5:72850000-72900000	23	2.0	0.13043478260869565			"{""2.0"": 0.13043478260869565}"
ok	chr5:83941125|83941312	EDIL3	chr5	83941125	83941312	chr5:83900000-83950000	23	1.9565217391304348	0.13043478260869565	0.08257228238447709	0.7079879068817685	"{""1.0"": 0.0, ""2.0"": 0.13636363636363635}"
ok	chr5:138285051|138326054	CDC25C	chr5	138285051	138326054	chr5:138300000-138350000	23	2.0	0.043478260869565216			"{""2.0"": 0.043478260869565216}"
ok	chr5:168488602|168498046	RARS1	chr5	168488602	168498046	chr5:168450000-168500000	23	2.0	0.043478260869565216			"{""2.0"": 0.043478260869565216}"
ok	chr6:87215903|87245644	ZNF292	chr6	87215903	87245644	chr6:87200000-87250000	23	2.0	0.043478260869565216			"{""2.0"": 0.043478260869565216}"
ok	chr6:156829227|156829421	ARID1B	chr6	156829227	156829421	chr6:156800000-156850000	23	2.0	0.13043478260869565			"{""2.0"": 0.13043478260869565}"
ok	chr6:158282263|158314268	ENSG00000274023;TULP4	chr6	158282263	158314268	chr6:158250000-158300000	23	2.0	0.8695652173913043			"{""2.0"": 0.8695652173913043}"
ok	chr6:158312051|158314268	ENSG00000274023;TULP4	chr6	158312051	158314268	chr6:158300000-158350000	23	2.0	0.30434782608695654			"{""2.0"": 0.30434782608695654}"
ok	chr3:43574809|43605863	ANO10	chr3	43574809	43605863	chr3:43550000-43600000	23	1.9130434782608696	0.13043478260869565	0.06579516949597693	0.7654978135179871	"{""1.0"": 0.0, ""2.0"": 0.14285714285714285}"
ok	chr3:56660731|56673725	TASOR	chr3	56660731	56673725	chr3:56650000-56700000	23	1.9130434782608696	0.2608695652173913	0.09523809523809518	0.6655527244594626	"{""1.0"": 0.0, ""2.0"": 0.2857142857142857}"
ok	chr3:57242856|57267792	APPL1	chr3	57242856	57267792	chr3:57250000-57300000	23	1.9130434782608696	0.13043478260869565	0.08992359739952704	0.6832464729898787	"{""1.0"": 0.0, ""2.0"": 0.14285714285714285}"
ok	chr3:58863558|58870309	CFAP20DC	chr3	58863558	58870309	chr3:58850000-58900000	23	1.9130434782608696	0.043478260869565216	0.06579516949597694	0.7654978135179871	"{""1.0"": 0.0, ""2.0"": 0.047619047619047616}"
ok	chr3:67495798|67508903	SUCLG2	chr3	67495798	67508903	chr3:67500000-67550000	23	1.9130434782608696	0.13043478260869565	0.06579516949597693	0.7654978135179871	"{""1.0"": 0.0, ""2.0"": 0.14285714285714285}"
ok	chr3:71015549|71053773	ENSG00000285708;FOXP1	chr3	71015549	71053773	chr3:71000000-71050000	23	1.9130434782608696	0.043478260869565216	0.06579516949597694	0.7654978135179871	"{""1.0"": 0.0, ""2.0"": 0.047619047619047616}"
ok	chr3:124769063|124773847	ITGB5	chr3	124769063	124773847	chr3:124750000-124800000	23	1.9565217391304348	0.043478260869565216	0.019968076595771805	0.9279440947274481	"{""1.0"": 0.0, ""2.0"": 0.05555555555555555, ""3.0"": 0.0}"
ok	chr3:196391813|196407393	RN7SL434P;RNU6-1279P;UBXN7	chr3	196391813	196407393	chr3:196350000-196400000	23	1.9565217391304348	0.30434782608695654	0.019968076595771805	0.9279440947274481	"{""1.0"": 0.0, ""2.0"": 0.3888888888888889, ""3.0"": 0.0}"
ok	chr3:197081051|197119530	DLG1	chr3	197081051	197119530	chr3:197100000-197150000	23	2.0	0.08695652173913043	0.0	1.0	"{""1.0"": 0.0, ""2.0"": 0.11764705882352941, ""3.0"": 0.0}"
ok	chr10:13123995|13136897	OPTN	chr10	13123995	13136897	chr10:13100000-13150000	23	2.0434782608695654	0.043478260869565216	-0.04545454545454549	0.8368364960931192	"{""2.0"": 0.045454545454545456, ""3.0"": 0.0}"
ok	chr10:17230678|17234776	VIM	chr10	17230678	17234776	chr10:17200000-17250000	23	2.0434782608695654	0.043478260869565216	-0.04545454545454549	0.8368364960931192	"{""2.0"": 0.045454545454545456, ""3.0"": 0.0}"
ok	chr10:68437011|68470163	DNA2	chr10	68437011	68470163	chr10:68450000-68500000	23	1.9565217391304348	0.13043478260869565	0.04545454545454544	0.8368364960931192	"{""1.0"": 0.0, ""2.0"": 0.13636363636363635}"
ok	chr10:101792839|101810328	OGA	chr10	101792839	101810328	chr10:101800000-101850000	23	1.9565217391304348	0.043478260869565216	0.04545454545454544	0.8368364960931192	"{""1.0"": 0.0, ""2.0"": 0.045454545454545456}"
ok	chr4:2625262|2646832	ENSG00000290180;FAM193A	chr4	2625262	2646832	chr4:2600000-2650000	23	1.9565217391304348	0.043478260869565216	0.045454545454545456	0.8368364960931192	"{""1.0"": 0.0, ""2.0"": 0.045454545454545456}"
ok	chr4:73085249|73092300	ANKRD17	chr4	73085249	73092300	chr4:73050000-73100000	23	1.9565217391304348	0.21739130434782608	0.09140905301589129	0.6782841536913389	"{""1.0"": 0.0, ""2.0"": 0.22727272727272727}"
ok	chr4:73090667|73092300	ANKRD17	chr4	73090667	73092300	chr4:73050000-73100000	23	1.9565217391304348	0.21739130434782608	0.07059781184061313	0.7488972994102574	"{""1.0"": 0.0, ""2.0"": 0.22727272727272727}"
ok	chr4:105233897|105237351	TET2	chr4	105233897	105237351	chr4:105200000-105250000	23	2.0	0.6521739130434783			"{""2.0"": 0.6521739130434783}"
ok	chr4:156850221|156850416	PDGFC	chr4	156850221	156850416	chr4:156850000-156900000	23	2.0	0.08695652173913043			"{""2.0"": 0.08695652173913043}"
ok	chr22:42516011|42577098	RN7SKP80;RNU6-513P;RRP7A;RRP7BP	chr22	42516011	42577098	chr22:42500000-42550000	23	1.8695652173913044	1.3043478260869565	-0.05752372767895154	0.7943198664700106	"{""1.0"": 1.6666666666666667, ""2.0"": 1.25}"
ok	chr22:45700282|45718493	ATXN10	chr22	45700282	45718493	chr22:45700000-45750000	23	2.0	0.043478260869565216			"{""2.0"": 0.043478260869565216}"
ok	chr22:50372020|50394135	PPP6R2	chr22	50372020	50394135	chr22:50350000-50400000	23	1.9565217391304348	0.2608695652173913	0.10514994558491729	0.633015503465745	"{""1.0"": 0.0, ""2.0"": 0.2727272727272727}"
ok	chr11:314933|319797	ENSG00000251661;ENSG00000288681;IFITM1	chr11	314933	319797	chr11:300000-350000	23	1.1304347826086956	0.13043478260869565	-0.04094633178244606	0.8528384170124169	"{""0.0"": 0.0, ""1.0"": 0.15, ""2.0"": 0.0, ""4.0"": 0.0}"
ok	chr11:32097144|32098528	ENSG00000285283;RCN1	chr11	32097144	32098528	chr11:32050000-32100000	23	2.260869565217391	0.13043478260869565	-0.06212365249219365	0.7782566257277964	"{""2.0"": 0.13636363636363635, ""8.0"": 0.0}"
ok	chr12:122569681|122574380	KNTC1	chr12	122569681	122574380	chr12:122550000-122600000	23	1.9565217391304348	0.043478260869565216	0.04545454545454544	0.8368364960931192	"{""1.0"": 0.0, ""2.0"": 0.045454545454545456}"
ok	chr12:122576895|122591453	KNTC1	chr12	122576895	122591453	chr12:122550000-122600000	23	1.9565217391304348	0.08695652173913043	0.04545454545454544	0.8368364960931192	"{""1.0"": 0.0, ""2.0"": 0.09090909090909091}"
ok	chr12:123586747|123590449	TMED2	chr12	123586747	123590449	chr12:123550000-123600000	23	1.9565217391304348	0.043478260869565216	0.04545454545454544	0.8368364960931192	"{""1.0"": 0.0, ""2.0"": 0.045454545454545456}"
ok	chr1:1669664|1734835	CDK11A;ENSG00000268575;ENSG00000290854;SLC35E2A;SLC35E2B	chr1	1669664	1734835	chr1:1700000-1750000	23	2.0434782608695654	0.43478260869565216	-0.0684353857534951	0.7563589479502861	"{""1.0"": 0.0, ""2.0"": 0.5, ""3.0"": 0.0}"
ok	chr1:21701498|21703618	USP48	chr1	21701498	21703618	chr1:21700000-21750000	23	2.0	0.08695652173913043			"{""2.0"": 0.08695652173913043}"
ok	chr1:150077669|150085945	VPS45	chr1	150077669	150085945	chr1:150050000-150100000	23	2.0	0.13043478260869565			"{""2.0"": 0.13043478260869565}"
ok	chr1:155921375|155921918	KHDC4	chr1	155921375	155921918	chr1:155900000-155950000	23	1.826086956521739	0.13043478260869565	-0.12255554240093627	0.5774687906067049	"{""1.0"": 0.25, ""2.0"": 0.10526315789473684}"
ok	chr2:61343815|61378424	USP34	chr2	61343815	61378424	chr2:61350000-61400000	23	2.0	0.13043478260869565			"{""2.0"": 0.13043478260869565}"
ok	chr2:69123017|69152264	ANTXR1	chr2	69123017	69152264	chr2:69100000-69150000	23	2.0	0.13043478260869565			"{""2.0"": 0.13043478260869565}"
ok	chr2:95914108|95916171	ANKRD36C	chr2	95914108	95916171	chr2:95900000-95950000	23	0.08695652173913043	0.2608695652173913	-0.05395997654060553	0.8068208809982954	"{""0.0"": 0.2727272727272727, ""2.0"": 0.0}"
ok	chr2:199368605|199433514	SATB2	chr2	199368605	199433514	chr2:199400000-199450000	23	2.0434782608695654	0.43478260869565216	0.3809150601214366	0.07293549411519708	"{""2.0"": 0.36363636363636365, ""3.0"": 2.0}"
ok	chr2:216673465|216673764	IGFBP5	chr2	216673465	216673764	chr2:216650000-216700000	23	2.0	0.043478260869565216			"{""2.0"": 0.043478260869565216}"
ok	chr13:21381434|21391854	ZDHHC20	chr13	21381434	21391854	chr13:21350000-21400000	23	2.0	0.08695652173913043			"{""2.0"": 0.08695652173913043}"
ok	chr13:45379195|45379335	TPT1-AS1	chr13	45379195	45379335	chr13:45350000-45400000	23	2.0	0.13043478260869565			"{""2.0"": 0.13043478260869565}"
ok	chr13:49138747|49145935	FNDC3A	chr13	49138747	49145935	chr13:49100000-49150000	23	2.0	0.043478260869565216			"{""2.0"": 0.043478260869565216}"
ok	chr20:33366859|33372697	CDK5RAP1	chr20	33366859	33372697	chr20:33350000-33400000	23	2.0	0.043478260869565216			"{""2.0"": 0.043478260869565216}"
ok	chr20:35714185|35725155	RBM39	chr20	35714185	35725155	chr20:35700000-35750000	23	2.0	0.043478260869565216			"{""2.0"": 0.043478260869565216}"
ok	chr20:36829054|36839441	SOGA1	chr20	36829054	36839441	chr20:36800000-36850000	23	2.0	0.043478260869565216			"{""2.0"": 0.043478260869565216}"
ok	chr20:50902017|50904001	ADNP	chr20	50902017	50904001	chr20:50900000-50950000	23	2.0	0.08695652173913043			"{""2.0"": 0.08695652173913043}"
ok	chr20:62345818|62347028	LAMA5	chr20	62345818	62347028	chr20:62300000-62350000	23	1.7391304347826086	0.08695652173913043	0.12666009927622474	0.5646873680613326	"{""1.0"": 0.0, ""2.0"": 0.11764705882352941}"
ok	chr19:10143766|10146524	DNMT1	chr19	10143766	10146524	chr19:10100000-10150000	23	2.0	0.043478260869565216			"{""2.0"": 0.043478260869565216}"
ok	chr19:11867306|11903965	ZNF439;ZNF69	chr19	11867306	11903965	chr19:11850000-11900000	23	2.0	0.17391304347826086			"{""2.0"": 0.17391304347826086}"
ok	chr19:15191424|15380612	AKAP8;BRD4;ENSG00000273218;EPHX3;NOTCH3	chr19	15191424	15380612	chr19:15250000-15300000	23	2.0	0.08695652173913043			"{""2.0"": 0.08695652173913043}"
ok	chr19:38307307|38307469	YIF1B	chr19	38307307	38307469	chr19:38300000-38350000	23	1.9130434782608696	0.08695652173913043	0.06579516949597689	0.7654978135179871	"{""1.0"": 0.0, ""2.0"": 0.09523809523809523}"
ok	chr19:49104456|49107712	SNRNP70	chr19	49104456	49107712	chr19:49100000-49150000	23	1.826086956521739	0.043478260869565216	0.0772091436482183	0.7262215833931178	"{""0.0"": 0.0, ""1.0"": 0.0, ""2.0"": 0.05}"
ok	chr14:22842432|22843273	MMP14	chr14	22842432	22843273	chr14:22800000-22850000	23	1.8695652173913044	0.043478260869565216	0.08257228238447709	0.7079879068817685	"{""1.0"": 0.0, ""2.0"": 0.05}"
ok	chr14:51720093|51720298	FRMD6	chr14	51720093	51720298	chr14:51700000-51750000	23	2.0	0.043478260869565216			"{""2.0"": 0.043478260869565216}"
ok	chr14:68921006|68925608	ACTN1	chr14	68921006	68925608	chr14:68900000-68950000	23	1.9565217391304348	0.08695652173913043	0.04545454545454544	0.8368364960931192	"{""1.0"": 0.0, ""2.0"": 0.09090909090909091}"
ok	chr14:100835654|100845470	ENSG00000258663	chr14	100835654	100845470	chr14:100800000-100850000	23	1.9565217391304348	0.13043478260869565	0.04545454545454544	0.8368364960931192	"{""1.0"": 0.0, ""2.0"": 0.13636363636363635}"
ok	chr14:100950402|100969545	MEG8;MIR493HG;SNORD114-2;SNORD114-3;SNORD114-7	chr14	100950402	100969545	chr14:100950000-101000000	23	1.9565217391304348	0.08695652173913043	0.04545454545454544	0.8368364960931192	"{""1.0"": 0.0, ""2.0"": 0.09090909090909091}"
ok	chr15:39800710|39800850	ENSG00000259580;GPR176	chr15	39800710	39800850	chr15:39800000-39850000	23	2.0	0.08695652173913043			"{""2.0"": 0.08695652173913043}"
ok	chr15:61868659|61890400	VPS13C	chr15	61868659	61890400	chr15:61850000-61900000	23	2.0	0.043478260869565216			"{""2.0"": 0.043478260869565216}"
ok	chr15:92924321|92929091	CHD2	chr15	92924321	92929091	chr15:92900000-92950000	23	1.9565217391304348	0.043478260869565216	0.04545454545454544	0.8368364960931192	"{""1.0"": 0.0, ""2.0"": 0.045454545454545456}"
ok	chr16:261401|264057	FAM234A	chr16	261401	264057	chr16:250000-300000	23	1.8695652173913044	0.043478260869565216	0.08257228238447706	0.7079879068817685	"{""1.0"": 0.0, ""2.0"": 0.05}"
ok	chr16:13928028|13935743	ERCC4	chr16	13928028	13935743	chr16:13900000-13950000	23	2.0	0.13043478260869565			"{""2.0"": 0.13043478260869565}"
ok	chr16:56626880|56658740	ENSG00000259923;ENSG00000291095;MT1A;MT1JP;MT1M	chr16	56626880	56658740	chr16:56600000-56650000	23	2.0	0.43478260869565216			"{""2.0"": 0.43478260869565216}"
ok	chr16:56626880|56636504	MT1E;MT1JP;MT1M	chr16	56626880	56636504	chr16:56600000-56650000	23	2.0	1.1304347826086956			"{""2.0"": 1.1304347826086956}"
ok	chr17:50185497|50185925	COL1A1	chr17	50185497	50185925	chr17:50150000-50200000	23	2.0	0.13043478260869565			"{""2.0"": 0.13043478260869565}"
ok	chr17:68429996|68433575	WIPI1	chr17	68429996	68433575	chr17:68400000-68450000	23	2.0	0.043478260869565216			"{""2.0"": 0.043478260869565216}"
ok	chr9:33948374|33948587	UBAP2	chr9	33948374	33948587	chr9:33900000-33950000	23	1.9565217391304348	0.08695652173913043	0.045454545454545456	0.8368364960931192	"{""1.0"": 0.0, ""2.0"": 0.09090909090909091}"
ok	chr9:33971651|33973237	UBAP2	chr9	33971651	33973237	chr9:33950000-34000000	23	1.9565217391304348	0.34782608695652173	-0.4330501905466244	0.03900879689977419	"{""1.0"": 2.0, ""2.0"": 0.2727272727272727}"
ok	chr9:37126312|37127263	ZCCHC7	chr9	37126312	37127263	chr9:37100000-37150000	23	2.0	0.043478260869565216			"{""2.0"": 0.043478260869565216}"
ok	chr9:116200718|116227552	PAPPA	chr9	116200718	116227552	chr9:116200000-116250000	23	2.0	0.043478260869565216			"{""2.0"": 0.043478260869565216}"
ok	chr9:125444501|125484576	MAPKAP1	chr9	125444501	125484576	chr9:125450000-125500000	23	2.0	0.17391304347826086			"{""2.0"": 0.17391304347826086}"
ok	chr9:130235351|130235492	NCS1	chr9	130235351	130235492	chr9:130200000-130250000	23	1.9565217391304348	0.043478260869565216	0.04545454545454546	0.8368364960931192	"{""1.0"": 0.0, ""2.0"": 0.045454545454545456}"
ok	chr9:136208771|136209054	QSOX2	chr9	136208771	136209054	chr9:136200000-136250000	23	1.6521739130434783	0.08695652173913043	-0.2919371040605713	0.17648170442597813	"{""1.0"": 0.25, ""2.0"": 0.0}"
ok	chr7:5528004|5528719	ACTB	chr7	5528004	5528719	chr7:5500000-5550000	23	1.9130434782608696	0.13043478260869565	0.0899235973995271	0.683246472989878	"{""1.0"": 0.0, ""2.0"": 0.14285714285714285}"
ok	chr7:5641154|5641376	RNF216	chr7	5641154	5641376	chr7:5600000-5650000	23	1.9130434782608696	0.08695652173913043	0.09523809523809523	0.6655527244594618	"{""1.0"": 0.0, ""2.0"": 0.09523809523809523}"
ok	chr7:73686636|73687095	BUD23	chr7	73686636	73687095	chr7:73650000-73700000	23	1.9130434782608696	0.043478260869565216	0.06579516949597694	0.7654978135179871	"{""1.0"": 0.0, ""2.0"": 0.047619047619047616}"
ok	chr7:78808457|79000330	MAGI2	chr7	78808457	79000330	chr7:78900000-78950000	23	2.0	0.08695652173913043			"{""2.0"": 0.08695652173913043}"
ok	chr7:92671426|92833690	CDK6;RNU6-10P	chr7	92671426	92833690	chr7:92750000-92800000	23	2.0	0.043478260869565216			"{""2.0"": 0.043478260869565216}"
ok	chr7:102439151|102447043	ORAI2	chr7	102439151	102447043	chr7:102400000-102450000	23	1.2608695652173914	0.043478260869565216	-0.2851922558976394	0.18715156091232318	"{""0.0"": 0.125, ""1.0"": 0.0, ""2.0"": 0.0}"
ok	chrX:123638043|123703505	THOC2	chrX	123638043	123703505	chrX:123650000-123700000	23	2.0	0.13043478260869565			"{""2.0"": 0.13043478260869565}"
ok	chr8:130159864|130358143	ASAP1	chr8	130159864	130358143	chr8:130250000-130300000	23	2.0	0.17391304347826086			"{""2.0"": 0.17391304347826086}"
ok	chr5:73074742|73077493	FCHO2	chr5	73074742	73077493	chr5:73050000-73100000	23	2.0	0.30434782608695654			"{""2.0"": 0.30434782608695654}"
ok	chr5:73832338|73852692	ARHGEF28	chr5	73832338	73852692	chr5:73800000-73850000	23	2.0	0.08695652173913043			"{""2.0"": 0.08695652173913043}"
ok	chr5:95755396|95763620	RHOBTB3	chr5	95755396	95763620	chr5:95750000-95800000	23	2.0	0.08695652173913043			"{""2.0"": 0.08695652173913043}"
ok	chr5:159194716|159203656	RNF145	chr5	159194716	159203656	chr5:159150000-159200000	23	2.0	0.08695652173913043			"{""2.0"": 0.08695652173913043}"
ok	chr6:4891713|4892379	CDYL	chr6	4891713	4892379	chr6:4850000-4900000	23	2.0	0.782608695652174			"{""2.0"": 0.782608695652174}"
ok	chr6:15246156|15374252	JARID2;RNU6-522P	chr6	15246156	15374252	chr6:15300000-15350000	23	2.0	0.043478260869565216			"{""2.0"": 0.043478260869565216}"
ok	chr6:17493379|17513954	CAP2	chr6	17493379	17513954	chr6:17500000-17550000	23	2.0	0.043478260869565216			"{""2.0"": 0.043478260869565216}"
ok	chr6:159790532|159797347	MRPL18	chr6	159790532	159797347	chr6:159750000-159800000	23	2.0	0.17391304347826086			"{""2.0"": 0.17391304347826086}"
ok	chr10:17229666|17229902	VIM	chr10	17229666	17229902	chr10:17200000-17250000	23	2.0434782608695654	0.043478260869565216	-0.04545454545454549	0.8368364960931192	"{""2.0"": 0.045454545454545456, ""3.0"": 0.0}"
ok	chr10:17229879|17233682	VIM	chr10	17229879	17233682	chr10:17200000-17250000	23	2.0434782608695654	0.4782608695652174	0.8778325077460635	3.7429733560834804e-08	"{""2.0"": 0.2727272727272727, ""3.0"": 5.0}"
ok	chr10:99716348|99727563	COX15;ENSG00000285932	chr10	99716348	99727563	chr10:99700000-99750000	23	1.9565217391304348	0.17391304347826086	-1.0	0.0	"{""1.0"": 4.0, ""2.0"": 0.0}"
ok	chr3:10234459|10239039	IRAK2	chr3	10234459	10239039	chr3:10200000-10250000	23	1.826086956521739	0.043478260869565216	0.09782319760890373	0.6570073287387147	"{""1.0"": 0.0, ""2.0"": 0.05263157894736842}"
ok	chr3:45677212|45677547	LIMD1-AS1	chr3	45677212	45677547	chr3:45650000-45700000	23	1.8695652173913044	0.043478260869565216	0.062123652492193676	0.7782566257277964	"{""0.0"": 0.0, ""1.0"": 0.0, ""2.0"": 0.047619047619047616}"
ok	chr3:49305715|49311654	USP4	chr3	49305715	49311654	chr3:49300000-49350000	23	1.826086956521739	0.043478260869565216	0.0978231976089037	0.6570073287387147	"{""1.0"": 0.0, ""2.0"": 0.05263157894736842}"
ok	chr3:66236544|66263379	SLC25A26	chr3	66236544	66263379	chr3:66200000-66250000	23	1.9130434782608696	0.08695652173913043	0.06579516949597694	0.7654978135179871	"{""1.0"": 0.0, ""2.0"": 0.09523809523809523}"
ok	chr3:134175609|134195182	RYK	chr3	134175609	134195182	chr3:134150000-134200000	23	1.9565217391304348	0.043478260869565216	-0.4392976851069795	0.03596803248970327	"{""1.0"": 0.3333333333333333, ""2.0"": 0.0, ""3.0"": 0.0}"
ok	chr3:152299405|152300367	MBNL1	chr3	152299405	152300367	chr3:152250000-152300000	23	1.9565217391304348	0.2608695652173913	-0.1819385115347408	0.40605533340932776	"{""1.0"": 1.3333333333333333, ""2.0"": 0.0, ""3.0"": 1.0}"
ok	chr3:175823098|175830254		chr3	175823098	175830254	chr3:175800000-175850000	23	1.9565217391304348	0.043478260869565216	-0.4392976851069795	0.03596803248970327	"{""1.0"": 0.3333333333333333, ""2.0"": 0.0, ""3.0"": 0.0}"
ok	chr21:41854566|41860372	PRDM15	chr21	41854566	41860372	chr21:41850000-41900000	23	2.0	0.043478260869565216			"{""2.0"": 0.043478260869565216}"
ok	chr11:14464911|14498985	COPB1;ENSG00000256206	chr11	14464911	14498985	chr11:14450000-14500000	23	2.260869565217391	0.043478260869565216	-0.04545454545454544	0.8368364960931192	"{""2.0"": 0.045454545454545456, ""8.0"": 0.0}"
ok	chr11:18407117|18446333	LDHA;LDHC	chr11	18407117	18446333	chr11:18400000-18450000	23	2.260869565217391	7.0	0.5559128420426016	0.005881668779372451	"{""2.0"": 5.5, ""8.0"": 40.0}"
ok	chr11:28058926|28059161	KIF18A	chr11	28058926	28059161	chr11:28050000-28100000	23	2.260869565217391	0.13043478260869565	-0.06212365249219365	0.7782566257277964	"{""2.0"": 0.13636363636363635, ""8.0"": 0.0}"
ok	chr11:66438190|66438833	MRPL11	chr11	66438190	66438833	chr11:66400000-66450000	23	2.0434782608695654	0.13043478260869565	-0.04545454545454549	0.8368364960931192	"{""2.0"": 0.13636363636363635, ""3.0"": 0.0}"
ok	chr11:69641231|69641511	CCND1	chr11	69641231	69641511	chr11:69600000-69650000	23	1.8695652173913044	0.043478260869565216	0.08257228238447706	0.7079879068817685	"{""1.0"": 0.0, ""2.0"": 0.05}"
ok	chr11:126889332|126894047	KIRREL3	chr11	126889332	126894047	chr11:126850000-126900000	23	2.0	0.13043478260869565			"{""2.0"": 0.13043478260869565}"
ok	chr4:55877917|55890386	EXOC1;RNU6-652P	chr4	55877917	55890386	chr4:55850000-55900000	23	2.0	0.043478260869565216			"{""2.0"": 0.043478260869565216}"
ok	chr4:73118688|73125312	ANKRD17	chr4	73118688	73125312	chr4:73100000-73150000	23	2.0	0.043478260869565216			"{""2.0"": 0.043478260869565216}"
ok	chr4:168927227|168927464	PALLD	chr4	168927227	168927464	chr4:168900000-168950000	23	1.9565217391304348	0.043478260869565216	0.04545454545454544	0.8368364960931192	"{""1.0"": 0.0, ""2.0"": 0.045454545454545456}"
ok	chr22:37678547|37679683	LGALS1	chr22	37678547	37679683	chr22:37650000-37700000	23	1.9565217391304348	0.13043478260869565	0.062123652492193676	0.7782566257277964	"{""1.0"": 0.0, ""2.0"": 0.13636363636363635}"
ok	chr22:40953555|40967884	RBX1	chr22	40953555	40967884	chr22:40950000-41000000	23	1.9565217391304348	0.17391304347826086	0.045454545454545456	0.8368364960931192	"{""1.0"": 0.0, ""2.0"": 0.18181818181818182}"
ok	chr22:42909427|42912157	PACSIN2	chr22	42909427	42912157	chr22:42900000-42950000	23	1.9565217391304348	0.043478260869565216	0.04545454545454544	0.8368364960931192	"{""1.0"": 0.0, ""2.0"": 0.045454545454545456}"
ok	chr22:50266862|50267482	MAPK11	chr22	50266862	50267482	chr22:50250000-50300000	23	1.9565217391304348	0.043478260869565216	0.045454545454545456	0.8368364960931192	"{""1.0"": 0.0, ""2.0"": 0.045454545454545456}"
ok	chr12:3058977|3083719	TSPAN9	chr12	3058977	3083719	chr12:3050000-3100000	23	1.9130434782608696	0.043478260869565216	0.06579516949597689	0.7654978135179871	"{""1.0"": 0.0, ""2.0"": 0.047619047619047616}"
ok	chr12:49129242|49185990	TUBA1A;TUBA1B;Y_RNA	chr12	49129242	49185990	chr12:49150000-49200000	23	2.0	14.0			"{""2.0"": 14.0}"
ok	chr12:93409458|93409660	UBE2N	chr12	93409458	93409660	chr12:93400000-93450000	23	1.9565217391304348	0.08695652173913043	0.04545454545454544	0.8368364960931192	"{""1.0"": 0.0, ""2.0"": 0.09090909090909091}"
ok	chr12:110013125|110016433	ANKRD13A	chr12	110013125	110016433	chr12:110000000-110050000	23	2.0	0.08695652173913043			"{""2.0"": 0.08695652173913043}"
ok	chr12:111479070|111486824	ATXN2	chr12	111479070	111486824	chr12:111450000-111500000	23	2.0	0.08695652173913043			"{""2.0"": 0.08695652173913043}"
ok	chr12:120562957|120565121	RNF10	chr12	120562957	120565121	chr12:120550000-120600000	23	1.9565217391304348	0.17391304347826086	0.04545454545454544	0.8368364960931192	"{""1.0"": 0.0, ""2.0"": 0.18181818181818182}"
ok	chr12:122377389|122400243	CLIP1	chr12	122377389	122400243	chr12:122350000-122400000	23	1.9565217391304348	0.043478260869565216	0.04545454545454544	0.8368364960931192	"{""1.0"": 0.0, ""2.0"": 0.045454545454545456}"
ok	chr1:1482138|1518990	ATAD3A;ATAD3B;ENSG00000284740;ENSG00000290916	chr1	1482138	1518990	chr1:1500000-1550000	23	2.0434782608695654	0.6956521739130435	-0.03774844965434927	0.8642238074380787	"{""1.0"": 0.0, ""2.0"": 0.8, ""3.0"": 0.0}"
ok	chr1:1636897|1703940	CDK11A;CDK11B;ENSG00000268575;SLC35E2B	chr1	1636897	1703940	chr1:1650000-1700000	23	2.0434782608695654	1.608695652173913	-0.31865898118334646	0.13835067357004466	"{""1.0"": 8.0, ""2.0"": 1.3, ""3.0"": 1.5}"
ok	chr1:22078429|22086866	CDC42;ENSG00000289694	chr1	22078429	22086866	chr1:22050000-22100000	23	2.0	0.043478260869565216			"{""2.0"": 0.043478260869565216}"
ok	chr1:41070595|41075451	SCMH1	chr1	41070595	41075451	chr1:41050000-41100000	23	2.0	0.043478260869565216			"{""2.0"": 0.043478260869565216}"
ok	chr1:155612418|155747896	DAP3;MSTO1;MSTO2P	chr1	155612418	155747896	chr1:155650000-155700000	23	1.9130434782608696	0.4782608695652174	0.13952022959375626	0.5254814602236277	"{""1.0"": 0.0, ""2.0"": 0.5238095238095238}"
ok	chr1:155725382|155726019	DAP3	chr1	155725382	155726019	chr1:155700000-155750000	23	1.9130434782608696	0.13043478260869565	0.06579516949597693	0.7654978135179871	"{""1.0"": 0.0, ""2.0"": 0.14285714285714285}"
ok	chr2:32298234|32301495	YIPF4	chr2	32298234	32301495	chr2:32250000-32300000	23	2.0	0.08695652173913043			"{""2.0"": 0.08695652173913043}"
ok	chr2:61872082|61883548	CCT4	chr2	61872082	61883548	chr2:61850000-61900000	23	2.0	0.043478260869565216			"{""2.0"": 0.043478260869565216}"
ok	chr2:157760880|157774187	ACVR1	chr2	157760880	157774187	chr2:157750000-157800000	23	2.0434782608695654	0.043478260869565216	1.0	0.0	"{""2.0"": 0.0, ""3.0"": 1.0}"
ok	chr2:166293231|166307074	SCN9A	chr2	166293231	166307074	chr2:166300000-166350000	23	2.0434782608695654	0.08695652173913043	1.0	0.0	"{""2.0"": 0.0, ""3.0"": 2.0}"
ok	chr2:199348701|199433514	SATB2	chr2	199348701	199433514	chr2:199350000-199400000	23	2.0434782608695654	0.17391304347826086	0.9473165606597699	7.476430585195704e-12	"{""2.0"": 0.045454545454545456, ""3.0"": 3.0}"
ok	chr2:215373322|215391814	FN1	chr2	215373322	215391814	chr2:215350000-215400000	23	2.0434782608695654	0.13043478260869565	1.0	0.0	"{""2.0"": 0.0, ""3.0"": 3.0}"
ok	chr2:222916319|222924595	ACSL3	chr2	222916319	222924595	chr2:222900000-222950000	23	2.0434782608695654	0.08695652173913043	1.0	0.0	"{""2.0"": 0.0, ""3.0"": 2.0}"
ok	chr13:52425932|52433748	VPS36	chr13	52425932	52433748	chr13:52400000-52450000	23	1.9565217391304348	0.043478260869565216	0.04545454545454546	0.8368364960931192	"{""1.0"": 0.0, ""2.0"": 0.045454545454545456}"
ok	chr20:34369394|34413879	ENSG00000289720;ITCH	chr20	34369394	34413879	chr20:34350000-34400000	23	2.0	0.17391304347826086			"{""2.0"": 0.17391304347826086}"
ok	chr20:35724570|35725155	RBM39	chr20	35724570	35725155	chr20:35700000-35750000	23	2.0	0.043478260869565216			"{""2.0"": 0.043478260869565216}"
ok	chr20:58903696|58909996	GNAS	chr20	58903696	58909996	chr20:58900000-58950000	23	1.9565217391304348	0.043478260869565216	0.04545454545454544	0.8368364960931192	"{""1.0"": 0.0, ""2.0"": 0.045454545454545456}"
ok	chr18:13666479|13682105	FAM210A	chr18	13666479	13682105	chr18:13650000-13700000	23	2.0	0.08695652173913043			"{""2.0"": 0.08695652173913043}"
ok	chr18:26032399|26078160	SS18	chr18	26032399	26078160	chr18:26050000-26100000	23	2.0	0.043478260869565216			"{""2.0"": 0.043478260869565216}"
ok	chr18:32117892|32123574	RNF138	chr18	32117892	32123574	chr18:32100000-32150000	23	1.9565217391304348	0.08695652173913043	0.04545454545454544	0.8368364960931192	"{""1.0"": 0.0, ""2.0"": 0.09090909090909091}"
ok	chr19:18539371|18539720	FKBP8	chr19	18539371	18539720	chr19:18500000-18550000	23	2.0	0.17391304347826086			"{""2.0"": 0.17391304347826086}"
ok	chr19:40736986|40737769	ITPKC	chr19	40736986	40737769	chr19:40700000-40750000	23	1.9130434782608696	0.08695652173913043	0.06579516949597689	0.7654978135179871	"{""1.0"": 0.0, ""2.0"": 0.09523809523809523}"
ok	chr19:58549395|58549776	TRIM28	chr19	58549395	58549776	chr19:58500000-58550000	23	1.7826086956521738	0.043478260869565216	-0.40451991747794547	0.0555467119367926	"{""1.0"": 0.2, ""2.0"": 0.0}"
ok	chr14:45110549|45110817	PRPF39	chr14	45110549	45110817	chr14:45100000-45150000	23	1.9130434782608696	0.043478260869565216	0.06579516949597689	0.7654978135179871	"{""1.0"": 0.0, ""2.0"": 0.047619047619047616}"
ok	chr14:51689691|51689935	FRMD6	chr14	51689691	51689935	chr14:51650000-51700000	23	2.0	0.08695652173913043			"{""2.0"": 0.08695652173913043}"
ok	chr14:74521937|74522890	LTBP2	chr14	74521937	74522890	chr14:74500000-74550000	23	1.9130434782608696	0.13043478260869565	0.06579516949597693	0.7654978135179871	"{""1.0"": 0.0, ""2.0"": 0.14285714285714285}"
ok	chr14:102039111|102039516	ENSG00000293472	chr14	102039111	102039516	chr14:102000000-102050000	23	1.9565217391304348	0.08695652173913043	0.04545454545454544	0.8368364960931192	"{""1.0"": 0.0, ""2.0"": 0.09090909090909091}"
ok	chr15:39584392|39587491	THBS1;THBS1-IT1	chr15	39584392	39587491	chr15:39550000-39600000	23	2.0	0.043478260869565216			"{""2.0"": 0.043478260869565216}"
ok	chr15:89113725|89116521	ABHD2	chr15	89113725	89116521	chr15:89100000-89150000	23	1.9565217391304348	0.5217391304347826	0.0690202517874881	0.754338706180272	"{""1.0"": 0.0, ""2.0"": 0.5454545454545454}"
ok	chr15:90980884|90981981	ENSG00000284946;PRC1	chr15	90980884	90981981	chr15:90950000-91000000	23	2.0	0.043478260869565216			"{""2.0"": 0.043478260869565216}"
ok	chr16:31090775|31091342	ENSG00000255439;VKORC1	chr16	31090775	31091342	chr16:31050000-31100000	23	2.0	0.043478260869565216			"{""2.0"": 0.043478260869565216}"
ok	chr16:55482915|55485682	MMP2	chr16	55482915	55485682	chr16:55450000-55500000	23	2.0	0.08695652173913043			"{""2.0"": 0.08695652173913043}"
ok	chr16:84566804|84617869	ENSG00000261471	chr16	84566804	84617869	chr16:84550000-84600000	23	2.0	0.08695652173913043			"{""2.0"": 0.08695652173913043}"
ok	chr17:7945728|7945986	CNTROB	chr17	7945728	7945986	chr17:7900000-7950000	23	1.9565217391304348	0.13043478260869565	0.04545454545454546	0.8368364960931192	"{""1.0"": 0.0, ""2.0"": 0.13636363636363635}"
ok	chr17:20204333|20205912	ENSG00000263494;SPECC1	chr17	20204333	20205912	chr17:20200000-20250000	23	2.0	0.17391304347826086			"{""2.0"": 0.17391304347826086}"
ok	chr17:32361468|32368014	ZNF207	chr17	32361468	32368014	chr17:32350000-32400000	23	2.0	0.13043478260869565			"{""2.0"": 0.13043478260869565}"
ok	chr17:42254342|42403301	CAVIN1;ENSG00000236194;ENSG00000278829;STAT3;STAT5B	chr17	42254342	42403301	chr17:42300000-42350000	23	1.9565217391304348	0.043478260869565216	0.045454545454545456	0.8368364960931192	"{""1.0"": 0.0, ""2.0"": 0.045454545454545456}"
ok	chr17:50192797|50194041	COL1A1	chr17	50192797	50194041	chr17:50150000-50200000	23	2.0	0.21739130434782608			"{""2.0"": 0.21739130434782608}"
ok	chr17:67945409|67975958	BPTF;ENSG00000279573;ENSG00000279880	chr17	67945409	67975958	chr17:67950000-68000000	23	2.0	0.34782608695652173			"{""2.0"": 0.34782608695652173}"
ok	chr17:82049812|82050450	RFNG	chr17	82049812	82050450	chr17:82050000-82100000	23	2.0	0.08695652173913043			"{""2.0"": 0.08695652173913043}"
ok	chr9:16551607|16738485	BNC2	chr9	16551607	16738485	chr9:16600000-16650000	23	2.0	0.13043478260869565			"{""2.0"": 0.13043478260869565}"
ok	chr9:96364464|96368305	SLC35D2	chr9	96364464	96368305	chr9:96350000-96400000	23	2.0	0.043478260869565216			"{""2.0"": 0.043478260869565216}"
ok	chr9:96509673|96565483	CDC14B	chr9	96509673	96565483	chr9:96500000-96550000	23	2.0	0.17391304347826086			"{""2.0"": 0.17391304347826086}"
ok	chr9:125241121|125241311	HSPA5	chr9	125241121	125241311	chr9:125200000-125250000	23	2.0	0.043478260869565216			"{""2.0"": 0.043478260869565216}"
ok	chr9:128267194|128268524	GOLGA2	chr9	128267194	128268524	chr9:128250000-128300000	23	2.0	0.043478260869565216			"{""2.0"": 0.043478260869565216}"
ok	chr9:129639450|129642094	ASB6	chr9	129639450	129642094	chr9:129600000-129650000	23	1.9565217391304348	0.043478260869565216	0.04545454545454546	0.8368364960931192	"{""1.0"": 0.0, ""2.0"": 0.045454545454545456}"
ok	chr9:135866456|135883078	CAMSAP1	chr9	135866456	135883078	chr9:135850000-135900000	23	1.6521739130434783	0.13043478260869565	0.15569978883230465	0.47806803198115067	"{""1.0"": 0.0, ""2.0"": 0.2}"
ok	chr7:2663506|2663784	TTYH3	chr7	2663506	2663784	chr7:2650000-2700000	23	1.8695652173913044	0.08695652173913043	0.08257228238447706	0.7079879068817685	"{""1.0"": 0.0, ""2.0"": 0.1}"
ok	chr7:6814764|6823360	CCZ1B	chr7	6814764	6823360	chr7:6800000-6850000	23	1.9565217391304348	0.6086956521739131	0.09663679276563461	0.660924066674691	"{""1.0"": 0.0, ""2.0"": 0.6363636363636364}"
ok	chr7:90372155|90393458	CLDN12;GTPBP10	chr7	90372155	90393458	chr7:90350000-90400000	23	2.0	0.08695652173913043			"{""2.0"": 0.08695652173913043}"
ok	chr7:156605188|156605764	RNF32-DT	chr7	156605188	156605764	chr7:156600000-156650000	23	2.0	0.043478260869565216			"{""2.0"": 0.043478260869565216}"
ok	chr8:18867674|18872733	PSD3	chr8	18867674	18872733	chr8:18850000-18900000	23	2.0	0.08695652173913043			"{""2.0"": 0.08695652173913043}"
ok	chrX:150231434|150231817	XRCC6P2	chrX	150231434	150231817	chrX:150200000-150250000	23	2.0	0.043478260869565216			"{""2.0"": 0.043478260869565216}"
ok	chrX:150469745|150473802	MAMLD1	chrX	150469745	150473802	chrX:150450000-150500000	23	2.0	0.08695652173913043			"{""2.0"": 0.08695652173913043}"
ok	chr5:14280322|14297263	TRIO	chr5	14280322	14297263	chr5:14250000-14300000	23	2.0	0.08695652173913043			"{""2.0"": 0.08695652173913043}"
ok	chr5:38496382|38530666	LIFR	chr5	38496382	38530666	chr5:38500000-38550000	23	2.0	0.08695652173913043			"{""2.0"": 0.08695652173913043}"
ok	chr5:65350273|65473952	ADAMTS6	chr5	65350273	65473952	chr5:65400000-65450000	23	2.0	0.13043478260869565			"{""2.0"": 0.13043478260869565}"
ok	chr5:65988635|66014725	ERBIN	chr5	65988635	66014725	chr5:66000000-66050000	23	2.0	0.30434782608695654			"{""2.0"": 0.30434782608695654}"
ok	chr5:121974196|121975387	SRFBP1	chr5	121974196	121975387	chr5:121950000-122000000	23	2.0	0.08695652173913043			"{""2.0"": 0.08695652173913043}"
ok	chr5:124638782|124644661	ZNF608	chr5	124638782	124644661	chr5:124600000-124650000	23	2.0	0.08695652173913043			"{""2.0"": 0.08695652173913043}"
ok	chr5:136154058|136163391	SMAD5	chr5	136154058	136163391	chr5:136150000-136200000	23	2.0	0.043478260869565216			"{""2.0"": 0.043478260869565216}"
ok	chr5:151664107|151669688	SPARC	chr5	151664107	151669688	chr5:151650000-151700000	23	2.0	0.043478260869565216			"{""2.0"": 0.043478260869565216}"
ok	chr6:43175780|43179133	SRF	chr6	43175780	43179133	chr6:43150000-43200000	23	1.9565217391304348	0.08695652173913043	0.045454545454545456	0.8368364960931192	"{""1.0"": 0.0, ""2.0"": 0.09090909090909091}"
ok	chr6:75822782|75832947	MYO6	chr6	75822782	75832947	chr6:75800000-75850000	23	2.0	0.043478260869565216			"{""2.0"": 0.043478260869565216}"
ok	chr6:90088961|90131458	BACH2;ENSG00000218730	chr6	90088961	90131458	chr6:90100000-90150000	23	2.0	0.13043478260869565			"{""2.0"": 0.13043478260869565}"
ok	chr6:134171068|134172687	SGK1	chr6	134171068	134172687	chr6:134150000-134200000	23	2.0	0.17391304347826086			"{""2.0"": 0.17391304347826086}"
ok	chr6:158718087|158745658	SYTL3	chr6	158718087	158745658	chr6:158700000-158750000	23	2.0	0.043478260869565216			"{""2.0"": 0.043478260869565216}"
ok	chr6:169229572|169232171	THBS2	chr6	169229572	169232171	chr6:169200000-169250000	23	2.0	0.08695652173913043			"{""2.0"": 0.08695652173913043}"
ok	chr10:3118782|3120044	PFKP	chr10	3118782	3120044	chr10:3100000-3150000	23	2.0	0.13043478260869565			"{""2.0"": 0.13043478260869565}"
ok	chr10:3158914|3159936	PITRM1	chr10	3158914	3159936	chr10:3150000-3200000	23	2.0	0.13043478260869565			"{""2.0"": 0.13043478260869565}"
ok	chr10:68747161|68747566	CCAR1	chr10	68747161	68747566	chr10:68700000-68750000	23	1.9565217391304348	0.08695652173913043	0.04545454545454544	0.8368364960931192	"{""1.0"": 0.0, ""2.0"": 0.09090909090909091}"
ok	chr10:102360184|102360395	GBF1	chr10	102360184	102360395	chr10:102350000-102400000	23	1.9565217391304348	0.043478260869565216	0.04545454545454544	0.8368364960931192	"{""1.0"": 0.0, ""2.0"": 0.045454545454545456}"
ok	chr3:98849461|98849598	DCBLD2	chr3	98849461	98849598	chr3:98800000-98850000	23	2.0	0.08695652173913043			"{""2.0"": 0.08695652173913043}"
ok	chr3:170419088|170432643	CLDN11;ENSG00000285218;MIR6828	chr3	170419088	170432643	chr3:170400000-170450000	23	1.9130434782608696	0.2608695652173913	0.036835473434187874	0.867479167044514	"{""1.0"": 0.0, ""2.0"": 0.35294117647058826, ""3.0"": 0.0}"
ok	chr21:33244471|33245074	IFNAR2;IFNAR2-IL10RB	chr21	33244471	33245074	chr21:33200000-33250000	23	1.9565217391304348	0.08695652173913043	0.04545454545454544	0.8368364960931192	"{""1.0"": 0.0, ""2.0"": 0.09090909090909091}"
ok	chr11:309013|314356	ENSG00000288681;IFITM1;IFITM2	chr11	309013	314356	chr11:300000-350000	23	1.1304347826086956	2.739130434782609	0.65432021650937	0.0007062145085712284	"{""0.0"": 0.0, ""1.0"": 1.75, ""2.0"": 0.0, ""4.0"": 28.0}"
ok	chr11:9429674|9433846	IPO7	chr11	9429674	9433846	chr11:9400000-9450000	23	2.260869565217391	0.30434782608695654	-0.04545454545454544	0.8368364960931192	"{""2.0"": 0.3181818181818182, ""8.0"": 0.0}"
ok	chr11:14486367|14498985	COPB1;ENSG00000256206	chr11	14486367	14498985	chr11:14450000-14500000	23	2.260869565217391	0.13043478260869565	-0.04545454545454544	0.8368364960931192	"{""2.0"": 0.13636363636363635, ""8.0"": 0.0}"
ok	chr11:61310295|61311875	DDB1	chr11	61310295	61311875	chr11:61300000-61350000	23	2.0	0.043478260869565216			"{""2.0"": 0.043478260869565216}"
ok	chr11:65436540|65436941	NEAT1	chr11	65436540	65436941	chr11:65400000-65450000	23	2.0	0.08695652173913043			"{""2.0"": 0.08695652173913043}"
ok	chr11:68759569|68761687	CPT1A	chr11	68759569	68761687	chr11:68750000-68800000	23	1.9130434782608696	0.08695652173913043	0.06579516949597691	0.7654978135179871	"{""1.0"": 0.0, ""2.0"": 0.09523809523809523}"
ok	chr11:69643085|69651240	CCND1	chr11	69643085	69651240	chr11:69600000-69650000	23	1.8695652173913044	0.08695652173913043	0.08257228238447706	0.7079879068817685	"{""1.0"": 0.0, ""2.0"": 0.1}"
ok	chr11:75322332|75322616	ARRB1	chr11	75322332	75322616	chr11:75300000-75350000	23	2.0	0.043478260869565216			"{""2.0"": 0.043478260869565216}"
ok	chr11:77841019|77842628	AAMDC	chr11	77841019	77842628	chr11:77800000-77850000	23	2.0	0.043478260869565216			"{""2.0"": 0.043478260869565216}"
ok	chr11:95882374|95914312	MTMR2	chr11	95882374	95914312	chr11:95850000-95900000	23	2.0	0.08695652173913043			"{""2.0"": 0.08695652173913043}"
ok	chr11:120476661|120477526	ARHGEF12	chr11	120476661	120477526	chr11:120450000-120500000	23	2.0	0.043478260869565216			"{""2.0"": 0.043478260869565216}"
ok	chr4:1900626|1930770	NSD2	chr4	1900626	1930770	chr4:1900000-1950000	23	1.9565217391304348	0.043478260869565216	0.045454545454545456	0.8368364960931192	"{""1.0"": 0.0, ""2.0"": 0.045454545454545456}"
ok	chr4:1900626|1935262	NSD2	chr4	1900626	1935262	chr4:1900000-1950000	23	1.9565217391304348	0.043478260869565216	0.045454545454545456	0.8368364960931192	"{""1.0"": 0.0, ""2.0"": 0.045454545454545456}"
ok	chr4:22397991|22438420	ADGRA3	chr4	22397991	22438420	chr4:22400000-22450000	23	2.0	0.08695652173913043			"{""2.0"": 0.08695652173913043}"
ok	chr4:74174506|74225394	MTHFD2L	chr4	74174506	74225394	chr4:74150000-74200000	23	2.0	0.08695652173913043			"{""2.0"": 0.08695652173913043}"
ok	chr4:118817264|118817412	SEC24D	chr4	118817264	118817412	chr4:118800000-118850000	23	1.9565217391304348	0.08695652173913043	0.04545454545454544	0.8368364960931192	"{""1.0"": 0.0, ""2.0"": 0.09090909090909091}"
ok	chr4:139071866|139073567	ELF2	chr4	139071866	139073567	chr4:139050000-139100000	23	2.0	0.043478260869565216			"{""2.0"": 0.043478260869565216}"
ok	chr4:150102478|150102812	DCLK2	chr4	150102478	150102812	chr4:150100000-150150000	23	2.0	0.043478260869565216			"{""2.0"": 0.043478260869565216}"
ok	chr4:184710072|184717196	CENPU	chr4	184710072	184717196	chr4:184700000-184750000	23	2.0	0.08695652173913043			"{""2.0"": 0.08695652173913043}"
ok	chr22:40349832|40354327	ADSL;ENSG00000284431	chr22	40349832	40354327	chr22:40350000-40400000	23	1.9565217391304348	0.043478260869565216	0.045454545454545456	0.8368364960931192	"{""1.0"": 0.0, ""2.0"": 0.045454545454545456}"
ok	chr22:40353073|40354327	ADSL;ENSG00000284431	chr22	40353073	40354327	chr22:40350000-40400000	23	1.9565217391304348	0.17391304347826086	0.06579516949597693	0.7654978135179871	"{""1.0"": 0.0, ""2.0"": 0.18181818181818182}"
ok	chr12:6548425|6548825	IFFO1	chr12	6548425	6548825	chr12:6500000-6550000	23	2.0	0.13043478260869565			"{""2.0"": 0.13043478260869565}"
ok	chr12:28255581|28307749	CCDC91	chr12	28255581	28307749	chr12:28250000-28300000	23	1.9565217391304348	0.08695652173913043	0.04545454545454546	0.8368364960931192	"{""1.0"": 0.0, ""2.0"": 0.09090909090909091}"
ok	chr12:71610180|71660427	ZFC3H1	chr12	71610180	71660427	chr12:71600000-71650000	23	2.0	0.08695652173913043			"{""2.0"": 0.08695652173913043}"
ok	chr12:121780872|121781192	RHOF	chr12	121780872	121781192	chr12:121750000-121800000	23	1.9565217391304348	0.043478260869565216	0.04545454545454544	0.8368364960931192	"{""1.0"": 0.0, ""2.0"": 0.045454545454545456}"
ok	chr12:132856512|132857484	CHFR	chr12	132856512	132857484	chr12:132850000-132900000	23	2.0	0.043478260869565216			"{""2.0"": 0.043478260869565216}"
ok	chr1:15872816|15876678	SPEN	chr1	15872816	15876678	chr1:15850000-15900000	23	2.0	0.08695652173913043			"{""2.0"": 0.08695652173913043}"
ok	chr1:20969474|21002808	EIF4G3;MIR1256	chr1	20969474	21002808	chr1:20950000-21000000	23	2.0	0.13043478260869565			"{""2.0"": 0.13043478260869565}"
ok	chr1:39231182|39258028	MACF1	chr1	39231182	39258028	chr1:39200000-39250000	23	2.0	0.043478260869565216			"{""2.0"": 0.043478260869565216}"
ok	chr1:44219056|44220045	DMAP1	chr1	44219056	44220045	chr1:44200000-44250000	23	1.9565217391304348	0.08695652173913043	-1.0	0.0	"{""1.0"": 2.0, ""2.0"": 0.0}"
ok	chr1:51800556|51814089	NRDC	chr1	51800556	51814089	chr1:51800000-51850000	23	1.9565217391304348	0.043478260869565216	-1.0	0.0	"{""1.0"": 1.0, ""2.0"": 0.0}"
ok	chr1:100906852|100921841	SLC30A7	chr1	100906852	100921841	chr1:100900000-100950000	23	2.0	0.2608695652173913			"{""2.0"": 0.2608695652173913}"
ok	chr1:165743167|165754274	TMCO1	chr1	165743167	165754274	chr1:165700000-165750000	23	1.9565217391304348	0.043478260869565216	-1.0	0.0	"{""1.0"": 1.0, ""2.0"": 0.0}"
ok	chr1:224730462|224734706	CNIH3	chr1	224730462	224734706	chr1:224700000-224750000	23	1.9565217391304348	0.043478260869565216	-1.0	0.0	"{""1.0"": 1.0, ""2.0"": 0.0}"
ok	chr1:224952670|224974153	DNAH14	chr1	224952670	224974153	chr1:224950000-225000000	23	1.9565217391304348	0.13043478260869565	-1.0	0.0	"{""1.0"": 3.0, ""2.0"": 0.0}"
ok	chr1:228097114|228097452	ARF1;MIR3620	chr1	228097114	228097452	chr1:228050000-228100000	23	1.826086956521739	0.043478260869565216	-0.46466018864229247	0.02549182097304459	"{""1.0"": 0.25, ""2.0"": 0.0}"
ok	chr1:235419473|235427239	ENSG00000285053;TBCE	chr1	235419473	235427239	chr1:235400000-235450000	23	2.0	0.2608695652173913			"{""2.0"": 0.2608695652173913}"
ok	chr1:244843135|244846706	HNRNPU	chr1	244843135	244846706	chr1:244800000-244850000	23	1.9565217391304348	0.043478260869565216	0.04545454545454544	0.8368364960931192	"{""1.0"": 0.0, ""2.0"": 0.045454545454545456}"
ok	chr2:9509979|9536828	ADAM17	chr2	9509979	9536828	chr2:9500000-9550000	23	1.9565217391304348	0.21739130434782608	0.04545454545454544	0.8368364960931192	"{""1.0"": 0.0, ""2.0"": 0.22727272727272727}"
ok	chr2:36387972|36396787	CRIM1	chr2	36387972	36396787	chr2:36350000-36400000	23	1.9565217391304348	0.17391304347826086	0.0582964037329089	0.7916157878319775	"{""1.0"": 0.0, ""2.0"": 0.18181818181818182}"
ok	chr2:61090930|61106662	SANBR	chr2	61090930	61106662	chr2:61050000-61100000	23	2.0	0.043478260869565216			"{""2.0"": 0.043478260869565216}"
ok	chr2:121605701|121606180	CLASP1	chr2	121605701	121606180	chr2:121600000-121650000	23	2.0	0.043478260869565216			"{""2.0"": 0.043478260869565216}"
ok	chr2:195680032|195681050	SLC39A10	chr2	195680032	195681050	chr2:195650000-195700000	23	2.0434782608695654	0.13043478260869565	-0.045454545454545484	0.8368364960931192	"{""2.0"": 0.13636363636363635, ""3.0"": 0.0}"
ok	chr2:208285726|208288818	PIKFYVE	chr2	208285726	208288818	chr2:208250000-208300000	23	2.0434782608695654	0.17391304347826086	-0.058296403732908925	0.7916157878319767	"{""2.0"": 0.18181818181818182, ""3.0"": 0.0}"
ok	chr2:214752447|214797117	BARD1	chr2	214752447	214797117	chr2:214750000-214800000	23	2.0434782608695654	0.21739130434782608	-0.06439963153212236	0.7703406699169912	"{""2.0"": 0.22727272727272727, ""3.0"": 0.0}"
ok	chr2:215378202|215383377	FN1	chr2	215378202	215383377	chr2:215350000-215400000	23	2.0434782608695654	0.13043478260869565	-0.045454545454545484	0.8368364960931192	"{""2.0"": 0.13636363636363635, ""3.0"": 0.0}"
ok	chr2:215428180|215434824	FN1	chr2	215428180	215434824	chr2:215400000-215450000	23	2.0434782608695654	0.17391304347826086	-0.04545454545454549	0.8368364960931192	"{""2.0"": 0.18181818181818182, ""3.0"": 0.0}"
ok	chr2:237363373|237365751	COL6A3	chr2	237363373	237365751	chr2:237350000-237400000	23	2.0869565217391304	0.043478260869565216	-0.03683547343418785	0.867479167044514	"{""1.0"": 0.0, ""2.0"": 0.05, ""3.0"": 0.0, ""4.0"": 0.0}"
ok	chr13:79354439|79366195	RBM26	chr13	79354439	79366195	chr13:79350000-79400000	23	2.0	0.08695652173913043			"{""2.0"": 0.08695652173913043}"
ok	chr13:98883813|98885092	DOCK9	chr13	98883813	98885092	chr13:98850000-98900000	23	2.0	0.043478260869565216			"{""2.0"": 0.043478260869565216}"
ok	chr13:107466015|107467304	ENSG00000276740;NALF1	chr13	107466015	107467304	chr13:107450000-107500000	23	2.0434782608695654	0.08695652173913043	-0.04545454545454547	0.8368364960931192	"{""2.0"": 0.09090909090909091, ""3.0"": 0.0}"
ok	chr13:112516440|112527484	TUBGCP3	chr13	112516440	112527484	chr13:112500000-112550000	23	1.9565217391304348	0.17391304347826086	-0.9473165606597698	7.476430585196028e-12	"{""1.0"": 3.0, ""2.0"": 0.045454545454545456}"
ok	chr20:18543019|18551175	SEC23B	chr20	18543019	18551175	chr20:18500000-18550000	23	1.9565217391304348	0.043478260869565216	0.04545454545454544	0.8368364960931192	"{""1.0"": 0.0, ""2.0"": 0.045454545454545456}"
ok	chr18:57688299|57694670	ATP8B1	chr18	57688299	57694670	chr18:57650000-57700000	23	2.0	0.08695652173913043			"{""2.0"": 0.08695652173913043}"
ok	chr18:62539681|62550460	ZCCHC2	chr18	62539681	62550460	chr18:62500000-62550000	23	2.0	0.13043478260869565			"{""2.0"": 0.13043478260869565}"
ok	chr19:1038359|1038630	CNN2	chr19	1038359	1038630	chr19:1000000-1050000	23	1.6521739130434783	0.08695652173913043	-0.21964027974653358	0.3139437325460427	"{""0.0"": 0.0, ""1.0"": 0.5, ""2.0"": 0.0}"
ok	chr19:2477029|2477251	GADD45B	chr19	2477029	2477251	chr19:2450000-2500000	23	1.9130434782608696	0.043478260869565216	0.06579516949597689	0.7654978135179871	"{""1.0"": 0.0, ""2.0"": 0.047619047619047616}"
ok	chr19:17101660|17102557	MYO9B	chr19	17101660	17102557	chr19:17100000-17150000	23	2.0	0.2608695652173913			"{""2.0"": 0.2608695652173913}"
ok	chr19:38141184|38142710	SIPA1L3	chr19	38141184	38142710	chr19:38100000-38150000	23	1.9130434782608696	0.13043478260869565	0.11952286093343933	0.586992667838857	"{""1.0"": 0.0, ""2.0"": 0.14285714285714285}"
ok	chr19:43186342|43204251	PSG4;PSG5	chr19	43186342	43204251	chr19:43150000-43200000	23	1.9130434782608696	1.434782608695652	-0.09709387599831629	0.6594140489736793	"{""1.0"": 2.5, ""2.0"": 1.3333333333333333}"
ok	chr19:52728730|52730005	ZNF611	chr19	52728730	52730005	chr19:52700000-52750000	23	1.9565217391304348	0.043478260869565216	0.045454545454545456	0.8368364960931192	"{""1.0"": 0.0, ""2.0"": 0.045454545454545456}"
ok	chr19:58556188|58556377	UBE2M	chr19	58556188	58556377	chr19:58550000-58600000	23	1.7826086956521738	0.043478260869565216	0.11236664374387373	0.6097285202754734	"{""1.0"": 0.0, ""2.0"": 0.05555555555555555}"
ok	chr14:60793044|60879835	ENSG00000258892;MNAT1	chr14	60793044	60879835	chr14:60800000-60850000	23	1.9565217391304348	0.043478260869565216	-1.0	0.0	"{""1.0"": 1.0, ""2.0"": 0.0}"
ok	chr14:76166663|76195972	GPATCH2L	chr14	76166663	76195972	chr14:76150000-76200000	23	1.9565217391304348	0.08695652173913043	-0.6908492797077577	0.00026264212294049106	"{""1.0"": 1.0, ""2.0"": 0.045454545454545456}"
ok	chr15:40931547|40937526	DLL4	chr15	40931547	40937526	chr15:40900000-40950000	23	2.0	0.043478260869565216			"{""2.0"": 0.043478260869565216}"
ok	chr16:367747|368620	MRPL28	chr16	367747	368620	chr16:350000-400000	23	1.7826086956521738	0.13043478260869565	-0.3290725908572089	0.12521796301138646	"{""0.0"": 0.0, ""1.0"": 1.0, ""2.0"": 0.0}"
ok	chr16:3850297|3851009	CREBBP	chr16	3850297	3851009	chr16:3850000-3900000	23	1.8695652173913044	0.13043478260869565	-0.1755494519014317	0.4230121206807486	"{""1.0"": 0.3333333333333333, ""2.0"": 0.1}"
ok	chr17:515462|515822	VPS53	chr17	515462	515822	chr17:500000-550000	23	1.173913043478261	0.043478260869565216	0.36674343232903683	0.08519252210603015	"{""0.0"": 0.0, ""1.0"": 0.0, ""2.0"": 0.2}"
ok	chr17:7508251|7512923	POLR2A	chr17	7508251	7512923	chr17:7500000-7550000	23	2.0	0.043478260869565216			"{""2.0"": 0.043478260869565216}"
ok	chr17:17866296|17869473	TOM1L2	chr17	17866296	17869473	chr17:17850000-17900000	23	1.9565217391304348	0.043478260869565216	0.04545454545454544	0.8368364960931192	"{""1.0"": 0.0, ""2.0"": 0.045454545454545456}"
ok	chr17:38870189|38914364	ENSG00000263466	chr17	38870189	38914364	chr17:38850000-38900000	23	1.9565217391304348	0.043478260869565216	0.04545454545454546	0.8368364960931192	"{""1.0"": 0.0, ""2.0"": 0.045454545454545456}"
ok	chr17:62664548|62664949	MRC2	chr17	62664548	62664949	chr17:62650000-62700000	23	2.0	0.13043478260869565			"{""2.0"": 0.13043478260869565}"
ok	chr9:17309058|17416189	CNTLN	chr9	17309058	17416189	chr9:17350000-17400000	23	2.0434782608695654	0.08695652173913043	-0.04545454545454549	0.8368364960931192	"{""2.0"": 0.09090909090909091, ""3.0"": 0.0}"
ok	chr9:20907150|20916937	FOCAD	chr9	20907150	20916937	chr9:20900000-20950000	23	2.0	0.043478260869565216			"{""2.0"": 0.043478260869565216}"
ok	chr9:74996447|75017448	CARNMT1;ENSG00000229587;ENSG00000278040	chr9	74996447	75017448	chr9:75000000-75050000	23	2.0	0.043478260869565216			"{""2.0"": 0.043478260869565216}"
ok	chr9:79612656|79654075	TLE4	chr9	79612656	79654075	chr9:79600000-79650000	23	2.0	0.13043478260869565			"{""2.0"": 0.13043478260869565}"
ok	chr9:94168298|94168666	MIRLET7A1HG	chr9	94168298	94168666	chr9:94150000-94200000	23	2.0	0.043478260869565216			"{""2.0"": 0.043478260869565216}"
ok	chr7:22960256|22991139	HYCC1	chr7	22960256	22991139	chr7:22950000-23000000	23	2.0	0.043478260869565216			"{""2.0"": 0.043478260869565216}"
ok	chr7:31873292|31880860	PDE1C	chr7	31873292	31880860	chr7:31850000-31900000	23	1.9565217391304348	0.043478260869565216	0.04545454545454544	0.8368364960931192	"{""1.0"": 0.0, ""2.0"": 0.045454545454545456}"
ok	chr7:35667434|35673278	HERPUD2	chr7	35667434	35673278	chr7:35650000-35700000	23	2.0	0.21739130434782608			"{""2.0"": 0.21739130434782608}"
ok	chr7:66958034|66958413	TMEM248	chr7	66958034	66958413	chr7:66950000-67000000	23	2.0	0.043478260869565216			"{""2.0"": 0.043478260869565216}"
ok	chr7:73700378|73700931	STX1A	chr7	73700378	73700931	chr7:73700000-73750000	23	1.9130434782608696	0.043478260869565216	0.06579516949597694	0.7654978135179871	"{""1.0"": 0.0, ""2.0"": 0.047619047619047616}"
ok	chr7:94416424|94418517	COL1A2	chr7	94416424	94418517	chr7:94400000-94450000	23	2.0	0.043478260869565216			"{""2.0"": 0.043478260869565216}"
ok	chr7:98190728|98194572	LMTK2	chr7	98190728	98194572	chr7:98150000-98200000	23	1.9565217391304348	0.13043478260869565	0.04545454545454544	0.8368364960931192	"{""1.0"": 0.0, ""2.0"": 0.13636363636363635}"
ok	chr7:102397620|102399648	PRKRIP1	chr7	102397620	102399648	chr7:102350000-102400000	23	1.9130434782608696	0.08695652173913043	0.06579516949597689	0.7654978135179871	"{""1.0"": 0.0, ""2.0"": 0.09523809523809523}"
ok	chr7:128089663|128092199	SND1	chr7	128089663	128092199	chr7:128050000-128100000	23	2.0	0.043478260869565216			"{""2.0"": 0.043478260869565216}"
ok	chr7:140355668|140358785	SLC37A3	chr7	140355668	140358785	chr7:140350000-140400000	23	2.0	0.043478260869565216			"{""2.0"": 0.043478260869565216}"
ok	chr7:152309966|152315338	KMT2C	chr7	152309966	152315338	chr7:152300000-152350000	23	1.9565217391304348	0.043478260869565216	0.04545454545454544	0.8368364960931192	"{""1.0"": 0.0, ""2.0"": 0.045454545454545456}"
ok	chr8:18799295|18804898	PSD3	chr8	18799295	18804898	chr8:18800000-18850000	23	2.0	0.043478260869565216			"{""2.0"": 0.043478260869565216}"
ok	chr8:67118248|67164508	CSPP1	chr8	67118248	67164508	chr8:67100000-67150000	23	2.0	0.043478260869565216			"{""2.0"": 0.043478260869565216}"
ok	chr8:96262155|96287041	PTDSS1	chr8	96262155	96287041	chr8:96250000-96300000	23	2.0	0.043478260869565216			"{""2.0"": 0.043478260869565216}"
ok	chr8:99102953|99121445	ENSG00000253532;VPS13B	chr8	99102953	99121445	chr8:99100000-99150000	23	2.0	0.043478260869565216			"{""2.0"": 0.043478260869565216}"
ok	chr8:124543091|124549904	NDUFB9	chr8	124543091	124549904	chr8:124500000-124550000	23	2.0	0.13043478260869565			"{""2.0"": 0.13043478260869565}"
ok	chr8:132777792|132804740	PHF20L1	chr8	132777792	132804740	chr8:132750000-132800000	23	2.0	0.043478260869565216			"{""2.0"": 0.043478260869565216}"
ok	chr8:140800459|140819020	PTK2	chr8	140800459	140819020	chr8:140800000-140850000	23	2.0	0.043478260869565216			"{""2.0"": 0.043478260869565216}"
ok	chrX:19537717|19542002	SH3KBP1	chrX	19537717	19542002	chrX:19500000-19550000	23	1.9565217391304348	0.043478260869565216	0.04545454545454544	0.8368364960931192	"{""1.0"": 0.0, ""2.0"": 0.045454545454545456}"
ok	chrX:51895053|51897271	MAGED1	chrX	51895053	51897271	chrX:51850000-51900000	23	2.0	0.13043478260869565			"{""2.0"": 0.13043478260869565}"
ok	chrX:54815691|54816326	MAGED2	chrX	54815691	54816326	chrX:54800000-54850000	23	2.0	0.08695652173913043			"{""2.0"": 0.08695652173913043}"
ok	chrX:71059860|71060131	SNX12	chrX	71059860	71060131	chrX:71050000-71100000	23	1.9565217391304348	0.08695652173913043	0.04545454545454544	0.8368364960931192	"{""1.0"": 0.0, ""2.0"": 0.09090909090909091}"
ok	chrX:118396970|118404444	WDR44	chrX	118396970	118404444	chrX:118400000-118450000	23	2.0	0.043478260869565216			"{""2.0"": 0.043478260869565216}"
ok	chr5:7876899|7877216	MTRR	chr5	7876899	7877216	chr5:7850000-7900000	23	2.0	0.043478260869565216			"{""2.0"": 0.043478260869565216}"
ok	chr5:16683880|16764396	MYO10	chr5	16683880	16764396	chr5:16700000-16750000	23	2.0	0.043478260869565216			"{""2.0"": 0.043478260869565216}"
ok	chr5:61521374|61525959	ZSWIM6	chr5	61521374	61525959	chr5:61500000-61550000	23	2.0	0.043478260869565216			"{""2.0"": 0.043478260869565216}"
ok	chr5:98779833|98793303	ENSG00000279232	chr5	98779833	98793303	chr5:98750000-98800000	23	2.0	0.08695652173913043			"{""2.0"": 0.08695652173913043}"
ok	chr5:123545417|123575963	CSNK1G3	chr5	123545417	123575963	chr5:123550000-123600000	23	2.0	0.043478260869565216			"{""2.0"": 0.043478260869565216}"
ok	chr5:133959494|133960020	C5orf15	chr5	133959494	133960020	chr5:133950000-134000000	23	2.0	0.043478260869565216			"{""2.0"": 0.043478260869565216}"
ok	chr5:134679602|134703932	SEC24A	chr5	134679602	134703932	chr5:134650000-134700000	23	2.0	0.17391304347826086			"{""2.0"": 0.17391304347826086}"
ok	chr5:151122147|151129529	ANXA6	chr5	151122147	151129529	chr5:151100000-151150000	23	2.0	0.043478260869565216			"{""2.0"": 0.043478260869565216}"
ok	chr5:168488602|168494650	RARS1	chr5	168488602	168494650	chr5:168450000-168500000	23	2.0	0.08695652173913043			"{""2.0"": 0.08695652173913043}"
ok	chr5:173317535|173317690	STC2	chr5	173317535	173317690	chr5:173300000-173350000	23	2.0	0.08695652173913043			"{""2.0"": 0.08695652173913043}"
ok	chr5:177204120|177212195	NSD1	chr5	177204120	177212195	chr5:177200000-177250000	23	2.0	0.043478260869565216			"{""2.0"": 0.043478260869565216}"
ok	chr5:179719738|179723019	CANX	chr5	179719738	179723019	chr5:179700000-179750000	23	2.0	0.043478260869565216			"{""2.0"": 0.043478260869565216}"
ok	chr6:57141302|57161152	ZNF451	chr6	57141302	57161152	chr6:57150000-57200000	23	2.0	0.043478260869565216			"{""2.0"": 0.043478260869565216}"
ok	chr6:75918585|75918815	MYO6	chr6	75918585	75918815	chr6:75900000-75950000	23	2.0	0.13043478260869565			"{""2.0"": 0.13043478260869565}"
ok	chr6:149512155|149541586	PPIL4	chr6	149512155	149541586	chr6:149500000-149550000	23	1.9565217391304348	0.08695652173913043	0.04545454545454544	0.8368364960931192	"{""1.0"": 0.0, ""2.0"": 0.09090909090909091}"
ok	chr6:159797462|159798217	MRPL18	chr6	159797462	159798217	chr6:159750000-159800000	23	2.0	0.043478260869565216			"{""2.0"": 0.043478260869565216}"
ok	chr10:14919738|14935564	DCLRE1C	chr10	14919738	14935564	chr10:14900000-14950000	23	2.0434782608695654	0.043478260869565216	-0.04545454545454549	0.8368364960931192	"{""2.0"": 0.045454545454545456, ""3.0"": 0.0}"
ok	chr10:17233842|17235315	ENSG00000234961	chr10	17233842	17235315	chr10:17200000-17250000	23	2.0434782608695654	0.043478260869565216	-0.04545454545454549	0.8368364960931192	"{""2.0"": 0.045454545454545456, ""3.0"": 0.0}"
ok	chr10:31373018|31387798	ZEB1	chr10	31373018	31387798	chr10:31350000-31400000	23	2.0	0.13043478260869565			"{""2.0"": 0.13043478260869565}"
ok	chr10:49500538|49506012	ERCC6	chr10	49500538	49506012	chr10:49500000-49550000	23	2.0	0.043478260869565216			"{""2.0"": 0.043478260869565216}"
ok	chr10:92934144|92940824	EXOC6	chr10	92934144	92940824	chr10:92900000-92950000	23	1.9565217391304348	0.043478260869565216	0.04545454545454544	0.8368364960931192	"{""1.0"": 0.0, ""2.0"": 0.045454545454545456}"
ok	chr10:127354669|127404429	DOCK1	chr10	127354669	127404429	chr10:127350000-127400000	23	1.9565217391304348	0.043478260869565216	0.04545454545454544	0.8368364960931192	"{""1.0"": 0.0, ""2.0"": 0.045454545454545456}"
ok	chr3:12604136|12612062	RAF1	chr3	12604136	12612062	chr3:12600000-12650000	23	1.8695652173913044	0.043478260869565216	0.08257228238447709	0.7079879068817685	"{""1.0"": 0.0, ""2.0"": 0.05}"
ok	chr3:47037666|47046621	SETD2	chr3	47037666	47046621	chr3:47000000-47050000	23	1.9130434782608696	0.08695652173913043	0.09523809523809519	0.6655527244594626	"{""1.0"": 0.0, ""2.0"": 0.09523809523809523}"
ok	chr3:49357652|49358164	ENSG00000290318;GPX1	chr3	49357652	49358164	chr3:49350000-49400000	23	1.826086956521739	0.043478260869565216	0.0978231976089037	0.6570073287387147	"{""1.0"": 0.0, ""2.0"": 0.05263157894736842}"
ok	chr3:53290791|53292827	DCP1A	chr3	53290791	53292827	chr3:53250000-53300000	23	1.9130434782608696	0.043478260869565216	0.06579516949597694	0.7654978135179871	"{""1.0"": 0.0, ""2.0"": 0.047619047619047616}"
ok	chr3:111112030|111126335	NECTIN3	chr3	111112030	111126335	chr3:111100000-111150000	23	2.0	0.2608695652173913			"{""2.0"": 0.2608695652173913}"
ok	chr3:120394605|120394964	FSTL1	chr3	120394605	120394964	chr3:120350000-120400000	23	1.9565217391304348	0.043478260869565216	0.4792338382985229	0.020680932284596262	"{""1.0"": 0.0, ""2.0"": 0.0, ""3.0"": 0.5}"
ok	chr3:122457726|122468092	KPNA1	chr3	122457726	122468092	chr3:122450000-122500000	23	1.9565217391304348	0.08695652173913043	0.4792338382985229	0.020680932284596262	"{""1.0"": 0.0, ""2.0"": 0.0, ""3.0"": 1.0}"
ok	chr3:136604309|136630981	STAG1	chr3	136604309	136630981	chr3:136600000-136650000	23	1.9130434782608696	0.043478260869565216	0.46044341792734833	0.02703937002985228	"{""1.0"": 0.0, ""2.0"": 0.0, ""3.0"": 0.5}"
ok	chr3:141755340|141755576	ENSG00000285558	chr3	141755340	141755576	chr3:141750000-141800000	23	1.9565217391304348	0.043478260869565216	0.4792338382985229	0.020680932284596262	"{""1.0"": 0.0, ""2.0"": 0.0, ""3.0"": 0.5}"
ok	chr3:158802122|158805410	MFSD1	chr3	158802122	158805410	chr3:158800000-158850000	23	1.9565217391304348	0.043478260869565216	0.4792338382985229	0.020680932284596262	"{""1.0"": 0.0, ""2.0"": 0.0, ""3.0"": 0.5}"
ok	chr3:170136419|170149244	PHC3	chr3	170136419	170149244	chr3:170100000-170150000	23	1.9130434782608696	0.17391304347826086	0.24245401441701148	0.2649966494943865	"{""1.0"": 0.0, ""2.0"": 0.17647058823529413, ""3.0"": 0.5}"
ok	chr3:172112452|172133546	FNDC3B	chr3	172112452	172133546	chr3:172100000-172150000	23	1.9565217391304348	0.5217391304347826	0.2391848141646653	0.2716929215300784	"{""1.0"": 0.0, ""2.0"": 0.5, ""3.0"": 1.5}"
ok	chr21:29133306|29160056	MAP3K7CL	chr21	29133306	29160056	chr21:29100000-29150000	23	2.0	0.043478260869565216			"{""2.0"": 0.043478260869565216}"
ok	chr21:29321221|29329693	BACH1	chr21	29321221	29329693	chr21:29300000-29350000	23	2.0	0.5217391304347826			"{""2.0"": 0.5217391304347826}"
ok	chr21:37087247|37099748	TTC3	chr21	37087247	37099748	chr21:37050000-37100000	23	2.0	0.13043478260869565			"{""2.0"": 0.13043478260869565}"
ok	chr21:37238460|37258532	VPS26C	chr21	37238460	37258532	chr21:37200000-37250000	23	2.0	0.08695652173913043			"{""2.0"": 0.08695652173913043}"
ok	chr21:44312978|44313925	PFKL	chr21	44312978	44313925	chr21:44300000-44350000	23	2.0	0.08695652173913043			"{""2.0"": 0.08695652173913043}"
ok	chr21:46121061|46121618	COL6A2	chr21	46121061	46121618	chr21:46100000-46150000	23	2.0	0.17391304347826086			"{""2.0"": 0.17391304347826086}"
ok	chr4:53414615|53428183	ENSG00000282278;FIP1L1	chr4	53414615	53428183	chr4:53400000-53450000	23	2.0	0.08695652173913043			"{""2.0"": 0.08695652173913043}"
ok	chr4:82844386|82881940	SEC31A	chr4	82844386	82881940	chr4:82850000-82900000	23	1.9565217391304348	0.043478260869565216	0.04545454545454544	0.8368364960931192	"{""1.0"": 0.0, ""2.0"": 0.045454545454545456}"
ok	chr4:87372759|87374824	HSD17B11	chr4	87372759	87374824	chr4:87350000-87400000	23	2.0	0.043478260869565216			"{""2.0"": 0.043478260869565216}"
ok	chr4:128936655|129003876	SCLT1	chr4	128936655	129003876	chr4:128950000-129000000	23	2.0	0.043478260869565216			"{""2.0"": 0.043478260869565216}"
ok	chr4:139342826|139344339	NAA15	chr4	139342826	139344339	chr4:139300000-139350000	23	2.0	0.043478260869565216			"{""2.0"": 0.043478260869565216}"
ok	chr4:176330605|176330987	SPCS3	chr4	176330605	176330987	chr4:176300000-176350000	23	2.0	0.043478260869565216			"{""2.0"": 0.043478260869565216}"
ok	chr4:186706563|186709845	FAT1	chr4	186706563	186709845	chr4:186700000-186750000	23	2.0	1.3478260869565217			"{""2.0"": 1.3478260869565217}"
ok	chr22:17628603|17628767	ATP6V1E1	chr22	17628603	17628767	chr22:17600000-17650000	23	2.0	0.08695652173913043			"{""2.0"": 0.08695652173913043}"
ok	chr22:42831549|42835493	ARFGAP3;PACSIN2	chr22	42831549	42835493	chr22:42800000-42850000	23	1.9565217391304348	0.043478260869565216	0.04545454545454544	0.8368364960931192	"{""1.0"": 0.0, ""2.0"": 0.045454545454545456}"
ok	chr11:11998764|12002392	DKK3	chr11	11998764	12002392	chr11:12000000-12050000	23	2.260869565217391	0.08695652173913043	-0.04545454545454544	0.8368364960931192	"{""2.0"": 0.09090909090909091, ""8.0"": 0.0}"
ok	chr11:12940906|12941131	TEAD1	chr11	12940906	12941131	chr11:12900000-12950000	23	2.260869565217391	0.043478260869565216	-0.04545454545454544	0.8368364960931192	"{""2.0"": 0.045454545454545456, ""8.0"": 0.0}"
ok	chr11:18407189|18407483	LDHA	chr11	18407189	18407483	chr11:18400000-18450000	23	2.260869565217391	0.043478260869565216	-0.04545454545454544	0.8368364960931192	"{""2.0"": 0.045454545454545456, ""8.0"": 0.0}"
ok	chr11:46508191|46512813	AMBRA1	chr11	46508191	46512813	chr11:46500000-46550000	23	2.260869565217391	0.08695652173913043	-0.04545454545454544	0.8368364960931192	"{""2.0"": 0.09090909090909091, ""8.0"": 0.0}"
ok	chr11:47499453|47506897	CELF1	chr11	47499453	47506897	chr11:47500000-47550000	23	2.0	0.043478260869565216			"{""2.0"": 0.043478260869565216}"
ok	chr11:62781894|62782825	TAF6L	chr11	62781894	62782825	chr11:62750000-62800000	23	2.0	0.043478260869565216			"{""2.0"": 0.043478260869565216}"
ok	chr11:65503274|65503609	TALAM1	chr11	65503274	65503609	chr11:65500000-65550000	23	2.0	0.08695652173913043			"{""2.0"": 0.08695652173913043}"
ok	chr11:85981745|85996929	PICALM	chr11	85981745	85996929	chr11:85950000-86000000	23	2.0	0.043478260869565216			"{""2.0"": 0.043478260869565216}"
ok	chr12:12500519|12521463	DUSP16	chr12	12500519	12521463	chr12:12500000-12550000	23	2.0	0.043478260869565216			"{""2.0"": 0.043478260869565216}"
ok	chr12:16363811|16364199	MGST1	chr12	16363811	16364199	chr12:16350000-16400000	23	2.0	0.08695652173913043			"{""2.0"": 0.08695652173913043}"
ok	chr12:30728648|30751133	CAPRIN2	chr12	30728648	30751133	chr12:30700000-30750000	23	2.0	0.043478260869565216			"{""2.0"": 0.043478260869565216}"
ok	chr12:32708153|32718763	DNM1L	chr12	32708153	32718763	chr12:32700000-32750000	23	2.0	0.043478260869565216			"{""2.0"": 0.043478260869565216}"
ok	chr12:49489465|49500205	SPATS2	chr12	49489465	49500205	chr12:49450000-49500000	23	2.0	0.08695652173913043			"{""2.0"": 0.08695652173913043}"
ok	chr12:49494741|49500205	SPATS2	chr12	49494741	49500205	chr12:49450000-49500000	23	2.0	0.043478260869565216			"{""2.0"": 0.043478260869565216}"
ok	chr12:77940319|77966301	NAV3	chr12	77940319	77966301	chr12:77950000-78000000	23	2.0	0.043478260869565216			"{""2.0"": 0.043478260869565216}"
ok	chr12:96278053|96334865	CDK17;RNU4-24P	chr12	96278053	96334865	chr12:96300000-96350000	23	2.0	0.21739130434782608			"{""2.0"": 0.21739130434782608}"
ok	chr12:105038103|105039806	ALDH1L2	chr12	105038103	105039806	chr12:105000000-105050000	23	2.0	0.13043478260869565			"{""2.0"": 0.13043478260869565}"
ok	chr12:122597731|122624688	KNTC1	chr12	122597731	122624688	chr12:122600000-122650000	23	1.9565217391304348	0.043478260869565216	0.04545454545454544	0.8368364960931192	"{""1.0"": 0.0, ""2.0"": 0.045454545454545456}"
ok	chr1:7777160|7778169	VAMP3	chr1	7777160	7778169	chr1:7750000-7800000	23	2.0	0.17391304347826086			"{""2.0"": 0.17391304347826086}"
ok	chr1:23692717|23693913	RPL11	chr1	23692717	23693913	chr1:23650000-23700000	23	2.0	0.043478260869565216			"{""2.0"": 0.043478260869565216}"
ok	chr1:51836131|51855388	MIR761;NRDC	chr1	51836131	51855388	chr1:51800000-51850000	23	1.9565217391304348	0.043478260869565216	0.04545454545454544	0.8368364960931192	"{""1.0"": 0.0, ""2.0"": 0.045454545454545456}"
ok	chr1:54393530|54393869	SSBP3	chr1	54393530	54393869	chr1:54350000-54400000	23	1.9565217391304348	0.043478260869565216	0.04545454545454544	0.8368364960931192	"{""1.0"": 0.0, ""2.0"": 0.045454545454545456}"
ok	chr1:61990168|62051058	LAMTOR5P1;PATJ	chr1	61990168	62051058	chr1:62000000-62050000	23	2.0	0.043478260869565216			"{""2.0"": 0.043478260869565216}"
ok	chr1:99870400|99881691	AGL	chr1	99870400	99881691	chr1:99850000-99900000	23	2.0	0.13043478260869565			"{""2.0"": 0.13043478260869565}"
ok	chr1:109661165|109671583	GSTM2;GSTM4	chr1	109661165	109671583	chr1:109650000-109700000	23	2.0	0.782608695652174			"{""2.0"": 0.782608695652174}"
ok	chr1:117402186|117414831	MAN1A2	chr1	117402186	117414831	chr1:117400000-117450000	23	1.9565217391304348	0.08695652173913043	0.04545454545454544	0.8368364960931192	"{""1.0"": 0.0, ""2.0"": 0.09090909090909091}"
ok	chr1:117911994|117918736	GDAP2	chr1	117911994	117918736	chr1:117900000-117950000	23	2.0	0.043478260869565216			"{""2.0"": 0.043478260869565216}"
ok	chr1:150967820|150968469	CERS2	chr1	150967820	150968469	chr1:150950000-151000000	23	2.0	0.043478260869565216			"{""2.0"": 0.043478260869565216}"
ok	chr1:160216174|160216617	DCAF8	chr1	160216174	160216617	chr1:160200000-160250000	23	2.0	0.13043478260869565			"{""2.0"": 0.13043478260869565}"
ok	chr1:166862203|166863921	TADA1	chr1	166862203	166863921	chr1:166850000-166900000	23	1.9565217391304348	0.08695652173913043	0.04545454545454544	0.8368364960931192	"{""1.0"": 0.0, ""2.0"": 0.09090909090909091}"
ok	chr1:168231514|168243069	SFT2D2	chr1	168231514	168243069	chr1:168200000-168250000	23	1.9565217391304348	0.043478260869565216	0.04545454545454544	0.8368364960931192	"{""1.0"": 0.0, ""2.0"": 0.045454545454545456}"
ok	chr1:227026055|227035607	CDC42BPA	chr1	227026055	227035607	chr1:227000000-227050000	23	1.9565217391304348	0.21739130434782608	0.06439963153212237	0.7703406699169912	"{""1.0"": 0.0, ""2.0"": 0.22727272727272727}"
ok	chr1:229460611|229465519	NUP133	chr1	229460611	229465519	chr1:229450000-229500000	23	1.9130434782608696	0.043478260869565216	0.06579516949597694	0.7654978135179871	"{""1.0"": 0.0, ""2.0"": 0.047619047619047616}"
ok	chr1:240329076|240392562	FMN2;Y_RNA	chr1	240329076	240392562	chr1:240350000-240400000	23	2.0	0.043478260869565216			"{""2.0"": 0.043478260869565216}"
ok	chr2:20278583|20327378	PUM2	chr2	20278583	20327378	chr2:20300000-20350000	23	2.0	0.13043478260869565			"{""2.0"": 0.13043478260869565}"
ok	chr2:42315962|42317524	EML4	chr2	42315962	42317524	chr2:42300000-42350000	23	2.0	0.043478260869565216			"{""2.0"": 0.043478260869565216}"
ok	chr2:48580587|48582563	STON1;STON1-GTF2A1L	chr2	48580587	48582563	chr2:48550000-48600000	23	2.0	0.043478260869565216			"{""2.0"": 0.043478260869565216}"
ok	chr2:53897870|53901559	PSME4	chr2	53897870	53901559	chr2:53850000-53900000	23	2.0	0.13043478260869565			"{""2.0"": 0.13043478260869565}"
ok	chr2:54972994|54974738	RTN4	chr2	54972994	54974738	chr2:54950000-55000000	23	1.9565217391304348	0.043478260869565216	0.045454545454545456	0.8368364960931192	"{""1.0"": 0.0, ""2.0"": 0.045454545454545456}"
ok	chr2:61482380|61490776	XPO1	chr2	61482380	61490776	chr2:61450000-61500000	23	2.0	0.08695652173913043			"{""2.0"": 0.08695652173913043}"
ok	chr2:85053148|85053340	KCMF1	chr2	85053148	85053340	chr2:85050000-85100000	23	1.9565217391304348	0.13043478260869565	-1.0	0.0	"{""1.0"": 3.0, ""2.0"": 0.0}"
ok	chr2:161994961|162171080	DPP4;FAP;GCG;TIMM8AP1	chr2	161994961	162171080	chr2:162050000-162100000	23	2.0434782608695654	0.30434782608695654	-0.060033333880576	0.7855456962421947	"{""2.0"": 0.3181818181818182, ""3.0"": 0.0}"
ok	chr2:169896507|169906164	UBR3	chr2	169896507	169906164	chr2:169900000-169950000	23	2.0434782608695654	0.043478260869565216	-0.04545454545454549	0.8368364960931192	"{""2.0"": 0.045454545454545456, ""3.0"": 0.0}"
ok	chr2:178535732|178542361	ENSG00000270956;TTN-AS1	chr2	178535732	178542361	chr2:178500000-178550000	23	2.0434782608695654	0.13043478260869565	-0.06212365249219369	0.7782566257277964	"{""2.0"": 0.13636363636363635, ""3.0"": 0.0}"
ok	chr2:189719572|189728420	ANKAR	chr2	189719572	189728420	chr2:189700000-189750000	23	2.0434782608695654	0.043478260869565216	-0.04545454545454549	0.8368364960931192	"{""2.0"": 0.045454545454545456, ""3.0"": 0.0}"
ok	chr2:190655977|190673152	NAB1	chr2	190655977	190673152	chr2:190650000-190700000	23	2.0434782608695654	0.2608695652173913	-0.05395997654060554	0.8068208809982954	"{""2.0"": 0.2727272727272727, ""3.0"": 0.0}"
ok	chr2:215406345|215419259	FN1	chr2	215406345	215419259	chr2:215400000-215450000	23	2.0434782608695654	0.08695652173913043	-0.04545454545454549	0.8368364960931192	"{""2.0"": 0.09090909090909091, ""3.0"": 0.0}"
ok	chr2:215419242|215420801	FN1	chr2	215419242	215420801	chr2:215400000-215450000	23	2.0434782608695654	0.043478260869565216	-0.04545454545454549	0.8368364960931192	"{""2.0"": 0.045454545454545456, ""3.0"": 0.0}"
ok	chr2:224528947|224557856	CUL3	chr2	224528947	224557856	chr2:224500000-224550000	23	2.0	0.13043478260869565	0.0	1.0	"{""1.0"": 0.0, ""2.0"": 0.14285714285714285, ""3.0"": 0.0}"
ok	chr2:237324630|237334671	COL6A3	chr2	237324630	237334671	chr2:237300000-237350000	23	2.0434782608695654	0.21739130434782608	-0.016854996561581046	0.9391557474725709	"{""1.0"": 0.0, ""2.0"": 0.2631578947368421, ""3.0"": 0.0, ""4.0"": 0.0}"
ok	chr2:237325631|237334866	COL6A3	chr2	237325631	237334866	chr2:237300000-237350000	23	2.0434782608695654	0.08695652173913043	-0.016854996561581046	0.9391557474725709	"{""1.0"": 0.0, ""2.0"": 0.10526315789473684, ""3.0"": 0.0, ""4.0"": 0.0}"
ok	chr2:241407537|241418109	FARP2	chr2	241407537	241418109	chr2:241400000-241450000	23	2.0434782608695654	0.043478260869565216	-0.04545454545454549	0.8368364960931192	"{""2.0"": 0.045454545454545456, ""3.0"": 0.0}"
ok	chr13:45004305|45015596	GPALPP1	chr13	45004305	45015596	chr13:45000000-45050000	23	2.0	0.043478260869565216			"{""2.0"": 0.043478260869565216}"
ok	chr13:49993793|50029492	DLEU2;MIR3613	chr13	49993793	50029492	chr13:50000000-50050000	23	1.9565217391304348	0.08695652173913043	0.04545454545454546	0.8368364960931192	"{""1.0"": 0.0, ""2.0"": 0.09090909090909091}"
ok	chr13:95863629|95867423	UGGT2	chr13	95863629	95867423	chr13:95850000-95900000	23	2.0	0.043478260869565216			"{""2.0"": 0.043478260869565216}"
ok	chr20:19975715|19990271	RIN2	chr20	19975715	19990271	chr20:19950000-20000000	23	1.9130434782608696	0.043478260869565216	0.06579516949597694	0.7654978135179871	"{""1.0"": 0.0, ""2.0"": 0.047619047619047616}"
ok	chr20:21132097|21163159	KIZ	chr20	21132097	21163159	chr20:21100000-21150000	23	1.9565217391304348	0.043478260869565216	0.04545454545454544	0.8368364960931192	"{""1.0"": 0.0, ""2.0"": 0.045454545454545456}"
ok	chr20:37184180|37184373	RPN2	chr20	37184180	37184373	chr20:37150000-37200000	23	2.0	0.34782608695652173			"{""2.0"": 0.34782608695652173}"
ok	chr20:49269942|49271750	ZNFX1	chr20	49269942	49271750	chr20:49250000-49300000	23	2.0	0.08695652173913043			"{""2.0"": 0.08695652173913043}"
ok	chr18:2722519|2784621	SMCHD1;Y_RNA	chr18	2722519	2784621	chr18:2750000-2800000	23	2.0434782608695654	0.043478260869565216	-0.04545454545454549	0.8368364960931192	"{""2.0"": 0.045454545454545456, ""3.0"": 0.0}"
ok	chr18:9182382|9221999	ANKRD12;ENSG00000265257	chr18	9182382	9221999	chr18:9200000-9250000	23	2.0	0.34782608695652173			"{""2.0"": 0.34782608695652173}"
ok	chr18:56923922|56939393	WDR7	chr18	56923922	56939393	chr18:56900000-56950000	23	2.0	0.30434782608695654			"{""2.0"": 0.30434782608695654}"
ok	chr18:57655194|57695532	ATP8B1	chr18	57655194	57695532	chr18:57650000-57700000	23	2.0	0.043478260869565216			"{""2.0"": 0.043478260869565216}"
ok	chr18:57731627|57731832	ATP8B1	chr18	57731627	57731832	chr18:57700000-57750000	23	2.0	0.21739130434782608			"{""2.0"": 0.21739130434782608}"
ok	chr19:52797840|52798240	ZNF28	chr19	52797840	52798240	chr19:52750000-52800000	23	1.9565217391304348	0.13043478260869565	0.045454545454545456	0.8368364960931192	"{""1.0"": 0.0, ""2.0"": 0.13636363636363635}"
ok	chr14:32090502|32094386	ARHGAP5	chr14	32090502	32094386	chr14:32050000-32100000	23	2.1739130434782608	0.30434782608695654	0.3516621165629047	0.09986499472535798	"{""2.0"": 0.05, ""3.0"": 3.0, ""4.0"": 0.0}"
ok	chr14:58453350|58512627	HSBP1P1;KIAA0586	chr14	58453350	58512627	chr14:58450000-58500000	23	1.9565217391304348	0.043478260869565216	0.04545454545454544	0.8368364960931192	"{""1.0"": 0.0, ""2.0"": 0.045454545454545456}"
ok	chr14:88681890|88696952	EML5	chr14	88681890	88696952	chr14:88650000-88700000	23	1.9565217391304348	0.21739130434782608	0.04545454545454544	0.8368364960931192	"{""1.0"": 0.0, ""2.0"": 0.22727272727272727}"
ok	chr14:100947034|100988790	ENSG00000201036;ENSG00000201500;MEG8;MIR493HG;SNORD114-2	chr14	100947034	100988790	chr14:100950000-101000000	23	1.9565217391304348	0.043478260869565216	0.04545454545454544	0.8368364960931192	"{""1.0"": 0.0, ""2.0"": 0.045454545454545456}"
ok	chr15:51480542|51480868	DMXL2	chr15	51480542	51480868	chr15:51450000-51500000	23	2.0	0.13043478260869565			"{""2.0"": 0.13043478260869565}"
ok	chr15:60355919|60382441	ANXA2	chr15	60355919	60382441	chr15:60350000-60400000	23	2.0	0.08695652173913043			"{""2.0"": 0.08695652173913043}"
ok	chr16:11020193|11126146	CLEC16A;ENSG00000274038;RPL7P46	chr16	11020193	11126146	chr16:11050000-11100000	23	1.9565217391304348	0.34782608695652173	0.06816971525846342	0.7572771366010406	"{""1.0"": 0.0, ""2.0"": 0.36363636363636365}"
ok	chr16:58541501|58542568	CNOT1	chr16	58541501	58542568	chr16:58500000-58550000	23	2.0	0.043478260869565216			"{""2.0"": 0.043478260869565216}"
ok	chr16:58547566|58549898	CNOT1;SNORA46	chr16	58547566	58549898	chr16:58500000-58550000	23	2.0	0.043478260869565216			"{""2.0"": 0.043478260869565216}"
ok	chr16:68121987|68123121	ENSG00000261864;NFATC3	chr16	68121987	68123121	chr16:68100000-68150000	23	2.0	0.08695652173913043			"{""2.0"": 0.08695652173913043}"
ok	chr16:84478682|84479110	MEAK7	chr16	84478682	84479110	chr16:84450000-84500000	23	2.0	0.043478260869565216			"{""2.0"": 0.043478260869565216}"
ok	chr17:4282798|4307123	UBE2G1	chr17	4282798	4307123	chr17:4250000-4300000	23	2.0	0.34782608695652173			"{""2.0"": 0.34782608695652173}"
ok	chr17:42405236|42422854	CAVIN1;ENSG00000289579	chr17	42405236	42422854	chr17:42400000-42450000	23	1.9565217391304348	0.08695652173913043	0.045454545454545456	0.8368364960931192	"{""1.0"": 0.0, ""2.0"": 0.09090909090909091}"
ok	chr17:47682784|47682971	KPNB1	chr17	47682784	47682971	chr17:47650000-47700000	23	2.0	0.043478260869565216			"{""2.0"": 0.043478260869565216}"
ok	chr17:50089591|50090335	ITGA3	chr17	50089591	50090335	chr17:50050000-50100000	23	2.0	0.043478260869565216			"{""2.0"": 0.043478260869565216}"
ok	chr17:50189188|50190074	COL1A1	chr17	50189188	50190074	chr17:50150000-50200000	23	2.0	0.17391304347826086			"{""2.0"": 0.17391304347826086}"
ok	chr17:81855142|81855586	P4HB	chr17	81855142	81855586	chr17:81850000-81900000	23	2.0	0.30434782608695654			"{""2.0"": 0.30434782608695654}"
ok	chr9:19298056|19300331	DENND4C	chr9	19298056	19300331	chr9:19250000-19300000	23	1.9565217391304348	0.043478260869565216	0.04545454545454544	0.8368364960931192	"{""1.0"": 0.0, ""2.0"": 0.045454545454545456}"
ok	chr9:20923660|20933132	FOCAD	chr9	20923660	20933132	chr9:20900000-20950000	23	2.0	0.08695652173913043			"{""2.0"": 0.08695652173913043}"
ok	chr9:36375934|36390616	RNF38	chr9	36375934	36390616	chr9:36350000-36400000	23	2.0	0.043478260869565216			"{""2.0"": 0.043478260869565216}"
ok	chr9:77353409|77382087	VPS13A	chr9	77353409	77382087	chr9:77350000-77400000	23	2.0	0.043478260869565216			"{""2.0"": 0.043478260869565216}"
ok	chr9:112262435|112297916	HSPE1P28;PTBP3;RN7SL430P	chr9	112262435	112297916	chr9:112250000-112300000	23	2.0	0.08695652173913043			"{""2.0"": 0.08695652173913043}"
ok	chr9:112268049|112297916	HSPE1P28;PTBP3;RN7SL430P	chr9	112268049	112297916	chr9:112250000-112300000	23	2.0	0.13043478260869565			"{""2.0"": 0.13043478260869565}"
ok	chr9:136384720|136398437	SNAPC4	chr9	136384720	136398437	chr9:136350000-136400000	23	1.6521739130434783	0.043478260869565216	0.15569978883230468	0.47806803198115067	"{""1.0"": 0.0, ""2.0"": 0.06666666666666667}"
ok	chr7:6412811|6416921	DAGLB	chr7	6412811	6416921	chr7:6400000-6450000	23	1.9565217391304348	0.043478260869565216	0.04545454545454546	0.8368364960931192	"{""1.0"": 0.0, ""2.0"": 0.045454545454545456}"
ok	chr7:30550636|30574881	ENSG00000281039;GARS1-DT	chr7	30550636	30574881	chr7:30550000-30600000	23	2.0	0.08695652173913043			"{""2.0"": 0.08695652173913043}"
ok	chr7:30550636|30578091	ENSG00000281039;GARS1-DT	chr7	30550636	30578091	chr7:30550000-30600000	23	2.0	0.043478260869565216			"{""2.0"": 0.043478260869565216}"
ok	chr7:66352505|66356871	TPST1	chr7	66352505	66356871	chr7:66350000-66400000	23	2.0	0.17391304347826086			"{""2.0"": 0.17391304347826086}"
ok	chr7:77569658|77571186	PTPN12	chr7	77569658	77571186	chr7:77550000-77600000	23	2.0	0.043478260869565216			"{""2.0"": 0.043478260869565216}"
ok	chr7:127844324|127904819	SND1	chr7	127844324	127904819	chr7:127850000-127900000	23	2.0	0.043478260869565216			"{""2.0"": 0.043478260869565216}"
ok	chr7:128848577|128849410	FLNC	chr7	128848577	128849410	chr7:128800000-128850000	23	2.0	0.08695652173913043			"{""2.0"": 0.08695652173913043}"
ok	chr7:130884317|130885557	LINC-PINT	chr7	130884317	130885557	chr7:130850000-130900000	23	2.0	0.043478260869565216			"{""2.0"": 0.043478260869565216}"
ok	chr7:137912092|137916012	CREB3L2	chr7	137912092	137916012	chr7:137900000-137950000	23	2.0	0.043478260869565216			"{""2.0"": 0.043478260869565216}"
ok	chr8:67211483|67238893	ARFGEF1	chr8	67211483	67238893	chr8:67200000-67250000	23	2.0	0.043478260869565216			"{""2.0"": 0.043478260869565216}"
ok	chr8:117683589|117713613		chr8	117683589	117713613	chr8:117650000-117700000	23	2.0	0.043478260869565216			"{""2.0"": 0.043478260869565216}"
ok	chr8:127890589|127890998	ENSG00000278324;PVT1	chr8	127890589	127890998	chr8:127850000-127900000	23	1.9565217391304348	0.08695652173913043	0.04545454545454544	0.8368364960931192	"{""1.0"": 0.0, ""2.0"": 0.09090909090909091}"
ok	chr8:130290001|130361771	ASAP1	chr8	130290001	130361771	chr8:130300000-130350000	23	2.0	0.043478260869565216			"{""2.0"": 0.043478260869565216}"
ok	chrX:68081701|68113239	OPHN1;RNU6-1225P	chrX	68081701	68113239	chrX:68050000-68100000	23	2.0	0.043478260869565216			"{""2.0"": 0.043478260869565216}"
ok	chrX:154350752|154351254	FLNA	chrX	154350752	154351254	chrX:154350000-154400000	23	1.9565217391304348	0.043478260869565216	0.04545454545454544	0.8368364960931192	"{""1.0"": 0.0, ""2.0"": 0.045454545454545456}"
ok	chr5:34918364|34923234	BRIX1	chr5	34918364	34923234	chr5:34900000-34950000	23	2.0	0.13043478260869565			"{""2.0"": 0.13043478260869565}"
ok	chr5:38903882|38924595	OSMR	chr5	38903882	38924595	chr5:38900000-38950000	23	2.0	0.043478260869565216			"{""2.0"": 0.043478260869565216}"
ok	chr5:60898276|60924429	ERCC8	chr5	60898276	60924429	chr5:60900000-60950000	23	2.0434782608695654	0.043478260869565216	-0.04545454545454549	0.8368364960931192	"{""2.0"": 0.045454545454545456, ""3.0"": 0.0}"
ok	chr5:65521475|65554946	CENPK	chr5	65521475	65554946	chr5:65500000-65550000	23	2.0	0.043478260869565216			"{""2.0"": 0.043478260869565216}"
ok	chr5:74689328|74721436	HEXB	chr5	74689328	74721436	chr5:74700000-74750000	23	2.0	0.043478260869565216			"{""2.0"": 0.043478260869565216}"
ok	chr5:78509784|78510398	LHFPL2	chr5	78509784	78510398	chr5:78500000-78550000	23	2.0	0.043478260869565216			"{""2.0"": 0.043478260869565216}"
ok	chr6:3076764|3077935	RIPK1	chr6	3076764	3077935	chr6:3050000-3100000	23	1.9565217391304348	0.08695652173913043	0.06579516949597693	0.7654978135179871	"{""1.0"": 0.0, ""2.0"": 0.09090909090909091}"
ok	chr6:7289565|7289827	ENSG00000238221	chr6	7289565	7289827	chr6:7250000-7300000	23	2.0	0.08695652173913043			"{""2.0"": 0.08695652173913043}"
ok	chr6:15410224|15468718	JARID2	chr6	15410224	15468718	chr6:15400000-15450000	23	2.0	0.043478260869565216			"{""2.0"": 0.043478260869565216}"
ok	chr6:16585780|16753347	ATXN1	chr6	16585780	16753347	chr6:16650000-16700000	23	2.0	0.043478260869565216			"{""2.0"": 0.043478260869565216}"
ok	chr6:18159883|18166378	KDM1B	chr6	18159883	18166378	chr6:18150000-18200000	23	2.0	0.13043478260869565			"{""2.0"": 0.13043478260869565}"
ok	chr6:36684502|36686126	CDKN1A	chr6	36684502	36686126	chr6:36650000-36700000	23	2.0	0.043478260869565216			"{""2.0"": 0.043478260869565216}"
ok	chr6:100766565|100848707	ASCC3	chr6	100766565	100848707	chr6:100800000-100850000	23	2.0	0.043478260869565216			"{""2.0"": 0.043478260869565216}"
ok	chr6:144487548|144493456	UTRN	chr6	144487548	144493456	chr6:144450000-144500000	23	2.0	0.043478260869565216			"{""2.0"": 0.043478260869565216}"
ok	chr6:152347214|152350713	SYNE1	chr6	152347214	152350713	chr6:152300000-152350000	23	2.0	0.043478260869565216			"{""2.0"": 0.043478260869565216}"
ok	chr6:155137177|155148334	TIAM2	chr6	155137177	155148334	chr6:155100000-155150000	23	2.0	0.043478260869565216			"{""2.0"": 0.043478260869565216}"
ok	chr10:825550|884506	LARP4B	chr10	825550	884506	chr10:850000-900000	23	2.0	0.08695652173913043			"{""2.0"": 0.08695652173913043}"
ok	chr10:11851997|11852215	PROSER2	chr10	11851997	11852215	chr10:11850000-11900000	23	2.0	0.043478260869565216			"{""2.0"": 0.043478260869565216}"
ok	chr10:17229575|17229902	VIM	chr10	17229575	17229902	chr10:17200000-17250000	23	2.0434782608695654	0.043478260869565216	-0.04545454545454549	0.8368364960931192	"{""2.0"": 0.045454545454545456, ""3.0"": 0.0}"
ok	chr10:31852517|31910563	ARHGAP12	chr10	31852517	31910563	chr10:31850000-31900000	23	2.0	0.08695652173913043			"{""2.0"": 0.08695652173913043}"
ok	chr10:68014026|68044563	HERC4	chr10	68014026	68044563	chr10:68000000-68050000	23	1.9565217391304348	0.08695652173913043	0.04545454545454544	0.8368364960931192	"{""1.0"": 0.0, ""2.0"": 0.09090909090909091}"
ok	chr10:94441896|94474783	TBC1D12	chr10	94441896	94474783	chr10:94450000-94500000	23	1.9565217391304348	0.13043478260869565	0.062123652492193676	0.7782566257277964	"{""1.0"": 0.0, ""2.0"": 0.13636363636363635}"
ok	chr10:102872448|102878991	AS3MT;BORCS7-ASMT	chr10	102872448	102878991	chr10:102850000-102900000	23	1.9565217391304348	0.043478260869565216	0.04545454545454544	0.8368364960931192	"{""1.0"": 0.0, ""2.0"": 0.045454545454545456}"
ok	chr3:56592970|56594028	CCDC66	chr3	56592970	56594028	chr3:56550000-56600000	23	1.9130434782608696	0.08695652173913043	-0.452380952380952	0.030206825710889926	"{""1.0"": 0.5, ""2.0"": 0.047619047619047616}"
ok	chr3:127821694|127822528	MGLL	chr3	127821694	127822528	chr3:127800000-127850000	23	1.9130434782608696	0.043478260869565216	0.03683547343418789	0.867479167044514	"{""1.0"": 0.0, ""2.0"": 0.058823529411764705, ""3.0"": 0.0}"
ok	chr3:133588930|133589069	CDV3	chr3	133588930	133589069	chr3:133550000-133600000	23	1.9565217391304348	0.043478260869565216	0.019968076595771805	0.9279440947274481	"{""1.0"": 0.0, ""2.0"": 0.05555555555555555, ""3.0"": 0.0}"
ok	chr3:157313621|157317746	VEPH1	chr3	157313621	157317746	chr3:157300000-157350000	23	1.9565217391304348	0.08695652173913043	0.019968076595771805	0.9279440947274481	"{""1.0"": 0.0, ""2.0"": 0.1111111111111111, ""3.0"": 0.0}"
ok	chr3:170291854|170293508	PRKCI	chr3	170291854	170293508	chr3:170250000-170300000	23	1.9130434782608696	0.08695652173913043	0.036835473434187874	0.867479167044514	"{""1.0"": 0.0, ""2.0"": 0.11764705882352941, ""3.0"": 0.0}"
ok	chr3:197870160|197875775	LRCH3	chr3	197870160	197875775	chr3:197850000-197900000	23	1.7391304347826086	0.043478260869565216	-0.23395480008935168	0.28262669663643697	"{""0.0"": 0.0, ""1.0"": 0.16666666666666666, ""2.0"": 0.0, ""3.0"": 0.0}"
ok	chr4:3316070|3343053	RGS12	chr4	3316070	3343053	chr4:3300000-3350000	23	1.9565217391304348	0.08695652173913043	0.045454545454545456	0.8368364960931192	"{""1.0"": 0.0, ""2.0"": 0.09090909090909091}"
ok	chr4:10097711|10103986	WDR1	chr4	10097711	10103986	chr4:10100000-10150000	23	1.9565217391304348	0.043478260869565216	0.04545454545454544	0.8368364960931192	"{""1.0"": 0.0, ""2.0"": 0.045454545454545456}"
ok	chr4:73113792|73177533	ANKRD17	chr4	73113792	73177533	chr4:73100000-73150000	23	2.0	0.13043478260869565			"{""2.0"": 0.13043478260869565}"
ok	chr4:82946258|82970469	LIN54	chr4	82946258	82970469	chr4:82950000-83000000	23	1.9565217391304348	0.08695652173913043	0.04545454545454544	0.8368364960931192	"{""1.0"": 0.0, ""2.0"": 0.09090909090909091}"
ok	chr4:150798081|150831976	LRBA	chr4	150798081	150831976	chr4:150800000-150850000	23	2.0	0.13043478260869565			"{""2.0"": 0.13043478260869565}"
ok	chr11:62570965|62572713	EEF1G;ENSG00000255508	chr11	62570965	62572713	chr11:62550000-62600000	23	2.0	0.08695652173913043			"{""2.0"": 0.08695652173913043}"
ok	chr11:65435578|65435797	NEAT1	chr11	65435578	65435797	chr11:65400000-65450000	23	2.0	0.17391304347826086			"{""2.0"": 0.17391304347826086}"
ok	chr11:96091892|96093517	MAML2	chr11	96091892	96093517	chr11:96050000-96100000	23	2.0	0.21739130434782608			"{""2.0"": 0.21739130434782608}"
ok	chr11:108673467|108723462	DDX10	chr11	108673467	108723462	chr11:108650000-108700000	23	2.0	0.043478260869565216			"{""2.0"": 0.043478260869565216}"
ok	chr22:50406689|50419462	PPP6R2	chr22	50406689	50419462	chr22:50400000-50450000	23	1.9565217391304348	0.043478260869565216	0.045454545454545456	0.8368364960931192	"{""1.0"": 0.0, ""2.0"": 0.045454545454545456}"
ok	chr1:1223244|1228946	SDF4	chr1	1223244	1228946	chr1:1200000-1250000	23	2.0434782608695654	0.08695652173913043	-0.6205052279940227	0.001583026064516545	"{""1.0"": 2.0, ""2.0"": 0.0, ""3.0"": 0.0}"
ok	chr1:8866279|8868057	ENO1;MIR6728	chr1	8866279	8868057	chr1:8850000-8900000	23	2.0	0.08695652173913043			"{""2.0"": 0.08695652173913043}"
ok	chr1:10267380|10268263	KIF1B	chr1	10267380	10268263	chr1:10250000-10300000	23	2.0	0.043478260869565216			"{""2.0"": 0.043478260869565216}"
ok	chr1:15626669|15643650	DDI2	chr1	15626669	15643650	chr1:15600000-15650000	23	2.0	0.13043478260869565			"{""2.0"": 0.13043478260869565}"
ok	chr1:21875703|21876601	HSPG2	chr1	21875703	21876601	chr1:21850000-21900000	23	2.0	0.043478260869565216			"{""2.0"": 0.043478260869565216}"
ok	chr1:25816158|25816373	ENSG00000255054;SELENON	chr1	25816158	25816373	chr1:25800000-25850000	23	2.0	0.043478260869565216			"{""2.0"": 0.043478260869565216}"
ok	chr1:32224034|32224475	EIF3I	chr1	32224034	32224475	chr1:32200000-32250000	23	2.0	0.13043478260869565	0.0	1.0	"{""1.0"": 0.0, ""2.0"": 0.14285714285714285, ""3.0"": 0.0}"
ok	chr1:41070595|41143112	SCMH1	chr1	41070595	41143112	chr1:41100000-41150000	23	2.0	0.08695652173913043			"{""2.0"": 0.08695652173913043}"
ok	chr1:41575544|41585318	ENSG00000284895;HIVEP3	chr1	41575544	41585318	chr1:41550000-41600000	23	1.9565217391304348	0.13043478260869565	0.062123652492193676	0.7782566257277964	"{""1.0"": 0.0, ""2.0"": 0.13636363636363635}"
ok	chr1:47262903|47272241	STIL	chr1	47262903	47272241	chr1:47250000-47300000	23	2.0434782608695654	0.13043478260869565	-0.045454545454545484	0.8368364960931192	"{""2.0"": 0.13636363636363635, ""3.0"": 0.0}"
ok	chr1:62488934|62513898	DOCK7	chr1	62488934	62513898	chr1:62500000-62550000	23	1.9565217391304348	0.043478260869565216	0.04545454545454544	0.8368364960931192	"{""1.0"": 0.0, ""2.0"": 0.045454545454545456}"
ok	chr1:109661165|109690564	GSTM1;GSTM2;GSTM4	chr1	109661165	109690564	chr1:109650000-109700000	23	2.0	0.34782608695652173			"{""2.0"": 0.34782608695652173}"
ok	chr1:153473077|153534767	RN7SL44P;S100A6	chr1	153473077	153534767	chr1:153500000-153550000	23	2.0	0.043478260869565216			"{""2.0"": 0.043478260869565216}"
ok	chr1:155727693|155729277	DAP3	chr1	155727693	155729277	chr1:155700000-155750000	23	1.9130434782608696	0.08695652173913043	0.06579516949597694	0.7654978135179871	"{""1.0"": 0.0, ""2.0"": 0.09523809523809523}"
ok	chr1:175004614|175008706	CACYBP	chr1	175004614	175008706	chr1:175000000-175050000	23	2.0	0.043478260869565216			"{""2.0"": 0.043478260869565216}"
ok	chr1:178456721|178467421	RASAL2	chr1	178456721	178467421	chr1:178450000-178500000	23	2.0	0.043478260869565216			"{""2.0"": 0.043478260869565216}"
ok	chr1:225422077|225440124	LBR	chr1	225422077	225440124	chr1:225400000-225450000	23	1.9565217391304348	0.13043478260869565	0.04545454545454544	0.8368364960931192	"{""1.0"": 0.0, ""2.0"": 0.13636363636363635}"
ok	chr1:233135013|233236980	PCNX2	chr1	233135013	233236980	chr1:233150000-233200000	23	2.0	0.043478260869565216			"{""2.0"": 0.043478260869565216}"
ok	chr1:235152706|235155112	ARID4B;RBM34	chr1	235152706	235155112	chr1:235150000-235200000	23	2.0	0.043478260869565216			"{""2.0"": 0.043478260869565216}"
ok	chr1:245980240|245980626	SMYD3	chr1	245980240	245980626	chr1:245950000-246000000	23	2.0	0.08695652173913043			"{""2.0"": 0.08695652173913043}"
ok	chr12:12244262|12244655	LRP6	chr12	12244262	12244655	chr12:12200000-12250000	23	2.0	0.043478260869565216			"{""2.0"": 0.043478260869565216}"
ok	chr12:50427765|50454417	LARP4	chr12	50427765	50454417	chr12:50400000-50450000	23	2.0	0.043478260869565216			"{""2.0"": 0.043478260869565216}"
ok	chr12:50727703|50737110	DIP2B	chr12	50727703	50737110	chr12:50700000-50750000	23	2.0	0.08695652173913043			"{""2.0"": 0.08695652173913043}"
ok	chr12:112137249|112137758	TRAFD1	chr12	112137249	112137758	chr12:112100000-112150000	23	2.0	0.08695652173913043			"{""2.0"": 0.08695652173913043}"
ok	chr12:132780798|132784307	GOLGA3	chr12	132780798	132784307	chr12:132750000-132800000	23	2.0	0.043478260869565216			"{""2.0"": 0.043478260869565216}"
ok	chr2:1663605|1665038	PXDN	chr2	1663605	1665038	chr2:1650000-1700000	23	2.0	0.17391304347826086			"{""2.0"": 0.17391304347826086}"
ok	chr2:9279317|9297445	ASAP2	chr2	9279317	9297445	chr2:9250000-9300000	23	1.9565217391304348	0.043478260869565216	0.04545454545454544	0.8368364960931192	"{""1.0"": 0.0, ""2.0"": 0.045454545454545456}"
ok	chr2:23857415|23885829	ATAD2B;PGAM1P6	chr2	23857415	23885829	chr2:23850000-23900000	23	2.0	0.08695652173913043			"{""2.0"": 0.08695652173913043}"
ok	chr2:33263294|33293282	LTBP1	chr2	33263294	33293282	chr2:33250000-33300000	23	2.0	0.13043478260869565			"{""2.0"": 0.13043478260869565}"
ok	chr2:46340347|46340642	EPAS1	chr2	46340347	46340642	chr2:46300000-46350000	23	2.0	0.08695652173913043			"{""2.0"": 0.08695652173913043}"
ok	chr2:46991764|47024359	TTC7A	chr2	46991764	47024359	chr2:47000000-47050000	23	1.9565217391304348	0.043478260869565216	0.04545454545454544	0.8368364960931192	"{""1.0"": 0.0, ""2.0"": 0.045454545454545456}"
ok	chr2:53693884|53765585	ASB3	chr2	53693884	53765585	chr2:53700000-53750000	23	2.0	0.043478260869565216			"{""2.0"": 0.043478260869565216}"
ok	chr2:61031419|61032113	PEX13	chr2	61031419	61032113	chr2:61000000-61050000	23	2.0	0.043478260869565216			"{""2.0"": 0.043478260869565216}"
ok	chr2:61343815|61350693	USP34	chr2	61343815	61350693	chr2:61300000-61350000	23	2.0	0.08695652173913043			"{""2.0"": 0.08695652173913043}"
ok	chr2:68490190|68538227	APLF	chr2	68490190	68538227	chr2:68500000-68550000	23	2.0	0.043478260869565216			"{""2.0"": 0.043478260869565216}"
ok	chr2:68490190|68545312	APLF	chr2	68490190	68545312	chr2:68500000-68550000	23	2.0	0.13043478260869565			"{""2.0"": 0.13043478260869565}"
ok	chr2:69348171|69363670	GFPT1	chr2	69348171	69363670	chr2:69350000-69400000	23	2.0	0.13043478260869565			"{""2.0"": 0.13043478260869565}"
ok	chr2:97200334|97208006	ANKRD36	chr2	97200334	97208006	chr2:97200000-97250000	23	0.0	0.043478260869565216			"{""0.0"": 0.043478260869565216}"
ok	chr2:99194751|99241996	ENSG00000241962;ENSG00000273155;MRPL30	chr2	99194751	99241996	chr2:99200000-99250000	23	2.0	0.08695652173913043			"{""2.0"": 0.08695652173913043}"
ok	chr2:121457687|121458975	CLASP1	chr2	121457687	121458975	chr2:121450000-121500000	23	2.0	0.043478260869565216			"{""2.0"": 0.043478260869565216}"
ok	chr2:215375679|215379319	FN1	chr2	215375679	215379319	chr2:215350000-215400000	23	2.0434782608695654	0.043478260869565216	-0.04545454545454549	0.8368364960931192	"{""2.0"": 0.045454545454545456, ""3.0"": 0.0}"
ok	chr2:215384173|215391794	FN1	chr2	215384173	215391794	chr2:215350000-215400000	23	2.0434782608695654	0.043478260869565216	-0.04545454545454549	0.8368364960931192	"{""2.0"": 0.045454545454545456, ""3.0"": 0.0}"
ok	chr2:215404584|215407168	FN1	chr2	215404584	215407168	chr2:215400000-215450000	23	2.0434782608695654	0.21739130434782608	-0.06439963153212239	0.7703406699169912	"{""2.0"": 0.22727272727272727, ""3.0"": 0.0}"
ok	chr2:219279519|219279870	DNAJB2	chr2	219279519	219279870	chr2:219250000-219300000	23	2.0	0.043478260869565216			"{""2.0"": 0.043478260869565216}"
ok	chr2:230442937|230450255	SP100	chr2	230442937	230450255	chr2:230400000-230450000	23	2.0434782608695654	0.043478260869565216	-0.04545454545454549	0.8368364960931192	"{""2.0"": 0.045454545454545456, ""3.0"": 0.0}"
ok	chr2:237682625|237683495	LRRFIP1	chr2	237682625	237683495	chr2:237650000-237700000	23	2.0869565217391304	0.043478260869565216	-0.03683547343418785	0.867479167044514	"{""1.0"": 0.0, ""2.0"": 0.05, ""3.0"": 0.0, ""4.0"": 0.0}"
ok	chr2:241632917|241634079	THAP4	chr2	241632917	241634079	chr2:241600000-241650000	23	2.0434782608695654	0.08695652173913043	-0.04545454545454549	0.8368364960931192	"{""2.0"": 0.09090909090909091, ""3.0"": 0.0}"
ok	chr13:24475472|24478276	PARP4	chr13	24475472	24478276	chr13:24450000-24500000	23	2.0	0.13043478260869565			"{""2.0"": 0.13043478260869565}"
ok	chr13:49168613|49178654	FNDC3A	chr13	49168613	49178654	chr13:49150000-49200000	23	2.0	0.043478260869565216			"{""2.0"": 0.043478260869565216}"
ok	chr13:72908531|72973675	PIBF1	chr13	72908531	72973675	chr13:72900000-72950000	23	2.0	0.043478260869565216			"{""2.0"": 0.043478260869565216}"
ok	chr13:98457168|98551973	STK24	chr13	98457168	98551973	chr13:98500000-98550000	23	2.0	0.13043478260869565			"{""2.0"": 0.13043478260869565}"
ok	chr13:113982097|113982249	RASA3	chr13	113982097	113982249	chr13:113950000-114000000	23	1.9130434782608696	0.08695652173913043	0.06579516949597694	0.7654978135179871	"{""1.0"": 0.0, ""2.0"": 0.09523809523809523}"
ok	chr20:2964272|2965202	PTPRA	chr20	2964272	2965202	chr20:2950000-3000000	23	2.0	0.17391304347826086			"{""2.0"": 0.17391304347826086}"
ok	chr20:33550641|33556738	CBFA2T2	chr20	33550641	33556738	chr20:33550000-33600000	23	2.0	0.08695652173913043			"{""2.0"": 0.08695652173913043}"
ok	chr20:35741941|35742234	RBM39	chr20	35741941	35742234	chr20:35700000-35750000	23	2.0	0.043478260869565216			"{""2.0"": 0.043478260869565216}"
ok	chr20:36782118|36782437	SOGA1	chr20	36782118	36782437	chr20:36750000-36800000	23	2.0	0.043478260869565216			"{""2.0"": 0.043478260869565216}"
ok	chr19:3660966|3662001	PIP5K1C	chr19	3660966	3662001	chr19:3650000-3700000	23	1.9130434782608696	0.2608695652173913	0.10948978029027176	0.6189694422516333	"{""1.0"": 0.0, ""2.0"": 0.2857142857142857}"
ok	chr19:16479103|16490570	CALR3;ENSG00000141979	chr19	16479103	16490570	chr19:16450000-16500000	23	2.0	0.08695652173913043			"{""2.0"": 0.08695652173913043}"
ok	chr19:17567406|17568713	COLGALT1	chr19	17567406	17568713	chr19:17550000-17600000	23	2.0	0.043478260869565216			"{""2.0"": 0.043478260869565216}"
ok	chr19:41252351|41256611	AXL	chr19	41252351	41256611	chr19:41250000-41300000	23	1.9130434782608696	0.13043478260869565	0.06579516949597687	0.7654978135179871	"{""1.0"": 0.0, ""2.0"": 0.14285714285714285}"
ok	chr19:43175244|43175410	PSG5	chr19	43175244	43175410	chr19:43150000-43200000	23	1.9130434782608696	0.13043478260869565	0.06579516949597687	0.7654978135179871	"{""1.0"": 0.0, ""2.0"": 0.14285714285714285}"
ok	chr19:53241506|53241680	ZNF677	chr19	53241506	53241680	chr19:53200000-53250000	23	1.9565217391304348	0.043478260869565216	0.045454545454545456	0.8368364960931192	"{""1.0"": 0.0, ""2.0"": 0.045454545454545456}"
ok	chr14:61776095|61782397	ENSG00000258964;SNAPC1	chr14	61776095	61782397	chr14:61750000-61800000	23	1.9565217391304348	0.043478260869565216	0.04545454545454544	0.8368364960931192	"{""1.0"": 0.0, ""2.0"": 0.045454545454545456}"
ok	chr15:48596283|48613092	FBN1	chr15	48596283	48613092	chr15:48600000-48650000	23	2.0	0.043478260869565216			"{""2.0"": 0.043478260869565216}"
ok	chr15:61991000|62035052	VPS13C	chr15	61991000	62035052	chr15:62000000-62050000	23	2.0	0.043478260869565216			"{""2.0"": 0.043478260869565216}"
ok	chr16:192226|193015	LUC7L	chr16	192226	193015	chr16:150000-200000	23	1.8695652173913044	0.043478260869565216	0.08257228238447709	0.7079879068817685	"{""1.0"": 0.0, ""2.0"": 0.05}"
ok	chr16:2173182|2177998	TRAF7	chr16	2173182	2177998	chr16:2150000-2200000	23	1.8695652173913044	0.043478260869565216	0.08257228238447709	0.7079879068817685	"{""1.0"": 0.0, ""2.0"": 0.05}"
ok	chr16:22225654|22225975	EEF2K	chr16	22225654	22225975	chr16:22200000-22250000	23	2.0	0.043478260869565216			"{""2.0"": 0.043478260869565216}"
ok	chr16:30780133|30786340	ZNF629	chr16	30780133	30786340	chr16:30750000-30800000	23	2.0	0.08695652173913043			"{""2.0"": 0.08695652173913043}"
ok	chr16:67943056|67952425	LCAT;SLC12A4	chr16	67943056	67952425	chr16:67900000-67950000	23	2.0	0.043478260869565216			"{""2.0"": 0.043478260869565216}"
ok	chr16:88018428|88038011	BANP	chr16	88018428	88038011	chr16:88000000-88050000	23	1.826086956521739	0.08695652173913043	0.14159846508095758	0.5192692497501699	"{""1.0"": 0.0, ""2.0"": 0.10526315789473684}"
ok	chr17:2056671|2056921	HIC1	chr17	2056671	2056921	chr17:2050000-2100000	23	2.0	0.043478260869565216			"{""2.0"": 0.043478260869565216}"
ok	chr17:19924408|19958567	AKAP10;ENSG00000266126	chr17	19924408	19958567	chr17:19900000-19950000	23	2.0	0.043478260869565216			"{""2.0"": 0.043478260869565216}"
ok	chr17:42130337|42155001	ENSG00000267261;RAB5C	chr17	42130337	42155001	chr17:42100000-42150000	23	1.9565217391304348	0.043478260869565216	0.045454545454545456	0.8368364960931192	"{""1.0"": 0.0, ""2.0"": 0.045454545454545456}"
ok	chr17:50189433|50190092	COL1A1	chr17	50189433	50190092	chr17:50150000-50200000	23	2.0	0.08695652173913043			"{""2.0"": 0.08695652173913043}"
ok	chr17:66732688|66742760	PRKCA	chr17	66732688	66742760	chr17:66700000-66750000	23	2.0	0.08695652173913043			"{""2.0"": 0.08695652173913043}"
ok	chr9:19276158|19290876	DENND4C	chr9	19276158	19290876	chr9:19250000-19300000	23	1.9565217391304348	0.043478260869565216	0.04545454545454544	0.8368364960931192	"{""1.0"": 0.0, ""2.0"": 0.045454545454545456}"
ok	chr9:33053123|33053268	SMU1	chr9	33053123	33053268	chr9:33050000-33100000	23	2.0	0.08695652173913043			"{""2.0"": 0.08695652173913043}"
ok	chr9:83679775|83683066	UBQLN1	chr9	83679775	83683066	chr9:83650000-83700000	23	2.0	0.08695652173913043			"{""2.0"": 0.08695652173913043}"
ok	chr9:85618983|85633374	AGTPBP1	chr9	85618983	85633374	chr9:85600000-85650000	23	2.0	0.08695652173913043			"{""2.0"": 0.08695652173913043}"
ok	chr9:99915178|99928843	STX17	chr9	99915178	99928843	chr9:99900000-99950000	23	2.0	0.08695652173913043			"{""2.0"": 0.08695652173913043}"
ok	chr9:107300141|107306647	RAD23B	chr9	107300141	107306647	chr9:107300000-107350000	23	2.0	0.043478260869565216			"{""2.0"": 0.043478260869565216}"
ok	chr9:109050283|109050692	TMEM245	chr9	109050283	109050692	chr9:109050000-109100000	23	2.0	0.043478260869565216			"{""2.0"": 0.043478260869565216}"
ok	chr9:110941421|110973558	LPAR1	chr9	110941421	110973558	chr9:110950000-111000000	23	2.0	0.21739130434782608			"{""2.0"": 0.21739130434782608}"
ok	chr9:137752331|137758011	EHMT1	chr9	137752331	137758011	chr9:137750000-137800000	23	1.6521739130434783	0.13043478260869565	0.15569978883230468	0.47806803198115067	"{""1.0"": 0.0, ""2.0"": 0.2}"
ok	chr7:66088807|66089695	ASL;ENSG00000249319	chr7	66088807	66089695	chr7:66050000-66100000	23	2.0	0.043478260869565216			"{""2.0"": 0.043478260869565216}"
ok	chr7:90863175|90984241	CDK14	chr7	90863175	90984241	chr7:90900000-90950000	23	2.0	0.043478260869565216			"{""2.0"": 0.043478260869565216}"
ok	chr7:100355143|100355804	PILRB;STAG3L5P-PVRIG2P-PILRB	chr7	100355143	100355804	chr7:100350000-100400000	23	1.9565217391304348	0.043478260869565216	0.04545454545454544	0.8368364960931192	"{""1.0"": 0.0, ""2.0"": 0.045454545454545456}"
ok	chr7:139715932|139717015	HIPK2	chr7	139715932	139717015	chr7:139700000-139750000	23	2.0	0.6521739130434783			"{""2.0"": 0.6521739130434783}"
ok	chr8:11808794|11809850	FDFT1	chr8	11808794	11809850	chr8:11800000-11850000	23	2.0	0.043478260869565216			"{""2.0"": 0.043478260869565216}"
ok	chr8:15623080|15673836	TUSC3	chr8	15623080	15673836	chr8:15600000-15650000	23	2.0	0.043478260869565216			"{""2.0"": 0.043478260869565216}"
ok	chr8:47284028|47294030	SPIDR	chr8	47284028	47294030	chr8:47250000-47300000	23	2.0	0.2608695652173913			"{""2.0"": 0.2608695652173913}"
ok	chr8:55449664|55449877	XKR4	chr8	55449664	55449877	chr8:55400000-55450000	23	2.0	0.043478260869565216			"{""2.0"": 0.043478260869565216}"
ok	chr8:130152736|130169067	ASAP1	chr8	130152736	130169067	chr8:130150000-130200000	23	2.0	0.043478260869565216			"{""2.0"": 0.043478260869565216}"
ok	chrX:9501780|9530970	TBL1X	chrX	9501780	9530970	chrX:9500000-9550000	23	1.9130434782608696	0.08695652173913043	0.06579516949597693	0.7654978135179871	"{""1.0"": 0.0, ""2.0"": 0.09523809523809523}"
ok	chrX:12820741|12822937	PRPS2	chrX	12820741	12822937	chrX:12800000-12850000	23	1.9565217391304348	0.043478260869565216	0.04545454545454544	0.8368364960931192	"{""1.0"": 0.0, ""2.0"": 0.045454545454545456}"
ok	chrX:38171968|38174257	SRPX	chrX	38171968	38174257	chrX:38150000-38200000	23	2.0	0.043478260869565216			"{""2.0"": 0.043478260869565216}"
ok	chrX:154768302|154769310	DKC1;MIR664B;SNORA36A	chrX	154768302	154769310	chrX:154750000-154800000	23	2.0	0.043478260869565216			"{""2.0"": 0.043478260869565216}"
ok	chr5:65822815|65823139	NLN	chr5	65822815	65823139	chr5:65800000-65850000	23	2.0	0.043478260869565216			"{""2.0"": 0.043478260869565216}"
ok	chr5:81094296|81127163	RASGRF2	chr5	81094296	81127163	chr5:81100000-81150000	23	2.0	0.17391304347826086			"{""2.0"": 0.17391304347826086}"
ok	chr5:128519273|128538042	FBN2	chr5	128519273	128538042	chr5:128500000-128550000	23	2.0	0.043478260869565216			"{""2.0"": 0.043478260869565216}"
ok	chr5:131504626|131548190	ENSG00000273217;RAPGEF6	chr5	131504626	131548190	chr5:131500000-131550000	23	2.0	0.043478260869565216			"{""2.0"": 0.043478260869565216}"
ok	chr5:137985257|137988315	FAM13B	chr5	137985257	137988315	chr5:137950000-138000000	23	2.0	0.17391304347826086			"{""2.0"": 0.17391304347826086}"
ok	chr5:168488602|168497348	RARS1	chr5	168488602	168497348	chr5:168450000-168500000	23	2.0	0.34782608695652173			"{""2.0"": 0.34782608695652173}"
ok	chr5:171910572|171997051	FBXW11	chr5	171910572	171997051	chr5:171950000-172000000	23	2.0	0.08695652173913043			"{""2.0"": 0.08695652173913043}"
ok	chr5:171964198|171997051	FBXW11	chr5	171964198	171997051	chr5:171950000-172000000	23	2.0	0.043478260869565216			"{""2.0"": 0.043478260869565216}"
ok	chr5:180790850|180791234	MGAT1	chr5	180790850	180791234	chr5:180750000-180800000	23	2.0	0.043478260869565216			"{""2.0"": 0.043478260869565216}"
ok	chr6:13305141|13321060	TBC1D7	chr6	13305141	13321060	chr6:13300000-13350000	23	2.0	0.043478260869565216			"{""2.0"": 0.043478260869565216}"
ok	chr6:13632370|13644729	RANBP9	chr6	13632370	13644729	chr6:13600000-13650000	23	2.0	0.043478260869565216			"{""2.0"": 0.043478260869565216}"
ok	chr6:34967239|34970166	ANKS1A	chr6	34967239	34970166	chr6:34950000-35000000	23	2.0	0.043478260869565216			"{""2.0"": 0.043478260869565216}"
ok	chr6:35251717|35251907	SCUBE3	chr6	35251717	35251907	chr6:35250000-35300000	23	2.0	0.043478260869565216			"{""2.0"": 0.043478260869565216}"
ok	chr6:36052699|36059347	MAPK14	chr6	36052699	36059347	chr6:36050000-36100000	23	2.0	0.043478260869565216			"{""2.0"": 0.043478260869565216}"
ok	chr6:111307361|111359014	REV3L	chr6	111307361	111359014	chr6:111300000-111350000	23	2.0	0.043478260869565216			"{""2.0"": 0.043478260869565216}"
ok	chr6:158583954|158589782	TMEM181	chr6	158583954	158589782	chr6:158550000-158600000	23	2.0	0.17391304347826086			"{""2.0"": 0.17391304347826086}"
ok	chr6:158636750|158637201	DYNLT1	chr6	158636750	158637201	chr6:158600000-158650000	23	2.0	0.043478260869565216			"{""2.0"": 0.043478260869565216}"
ok	chr10:842932|845055	LARP4B	chr10	842932	845055	chr10:800000-850000	23	2.0	0.08695652173913043			"{""2.0"": 0.08695652173913043}"
ok	chr10:7797047|7802854	ATP5F1C	chr10	7797047	7802854	chr10:7750000-7800000	23	2.0	0.13043478260869565			"{""2.0"": 0.13043478260869565}"
ok	chr10:17229783|17234776	VIM	chr10	17229783	17234776	chr10:17200000-17250000	23	2.0434782608695654	0.043478260869565216	-0.04545454545454549	0.8368364960931192	"{""2.0"": 0.045454545454545456, ""3.0"": 0.0}"
ok	chr10:17234791|17235297	ENSG00000234961	chr10	17234791	17235297	chr10:17200000-17250000	23	2.0434782608695654	0.043478260869565216	-0.04545454545454549	0.8368364960931192	"{""2.0"": 0.045454545454545456, ""3.0"": 0.0}"
ok	chr10:31355147|31387266	SPTLC1P1;ZEB1	chr10	31355147	31387266	chr10:31350000-31400000	23	2.0	0.08695652173913043			"{""2.0"": 0.08695652173913043}"
ok	chr10:101797980|101810314	OGA	chr10	101797980	101810314	chr10:101800000-101850000	23	1.9565217391304348	0.043478260869565216	0.04545454545454544	0.8368364960931192	"{""1.0"": 0.0, ""2.0"": 0.045454545454545456}"
ok	chr10:119168274|119168491	PRDX3	chr10	119168274	119168491	chr10:119150000-119200000	23	1.9565217391304348	0.13043478260869565	0.04545454545454544	0.8368364960931192	"{""1.0"": 0.0, ""2.0"": 0.13636363636363635}"
ok	chr10:127106231|127257429	DOCK1	chr10	127106231	127257429	chr10:127150000-127200000	23	1.9565217391304348	0.2608695652173913	0.04545454545454544	0.8368364960931192	"{""1.0"": 0.0, ""2.0"": 0.2727272727272727}"
ok	chr21:15762891|15766141	USP25	chr21	15762891	15766141	chr21:15750000-15800000	23	2.0	0.043478260869565216			"{""2.0"": 0.043478260869565216}"
ok	chr21:33621996|33631557	CRYZL1;ENSG00000249209	chr21	33621996	33631557	chr21:33600000-33650000	23	1.9565217391304348	0.043478260869565216	0.04545454545454544	0.8368364960931192	"{""1.0"": 0.0, ""2.0"": 0.045454545454545456}"
ok	chr21:36247517|36248568	DOP1B	chr21	36247517	36248568	chr21:36200000-36250000	23	2.0	0.21739130434782608			"{""2.0"": 0.21739130434782608}"
ok	chr21:36402758|36411604	CHAF1B	chr21	36402758	36411604	chr21:36400000-36450000	23	2.0	0.08695652173913043			"{""2.0"": 0.08695652173913043}"
ok	chr21:37108392|37152029	TTC3	chr21	37108392	37152029	chr21:37100000-37150000	23	2.0	0.043478260869565216			"{""2.0"": 0.043478260869565216}"
ok	chr21:45986587|45989778	COL6A1	chr21	45986587	45989778	chr21:45950000-46000000	23	2.0	0.043478260869565216			"{""2.0"": 0.043478260869565216}"
ok	chr3:47056821|47088247	SETD2	chr3	47056821	47088247	chr3:47050000-47100000	23	1.9130434782608696	0.043478260869565216	0.06579516949597694	0.7654978135179871	"{""1.0"": 0.0, ""2.0"": 0.047619047619047616}"
ok	chr3:47056821|47067118	SETD2	chr3	47056821	47067118	chr3:47050000-47100000	23	1.9130434782608696	0.08695652173913043	0.0952380952380952	0.6655527244594626	"{""1.0"": 0.0, ""2.0"": 0.09523809523809523}"
ok	chr3:48469016|48501282	SHISA5	chr3	48469016	48501282	chr3:48450000-48500000	23	1.9130434782608696	0.08695652173913043	0.06579516949597694	0.7654978135179871	"{""1.0"": 0.0, ""2.0"": 0.09523809523809523}"
ok	chr3:50173793|50176861	SEMA3F	chr3	50173793	50176861	chr3:50150000-50200000	23	1.826086956521739	0.08695652173913043	0.0978231976089037	0.6570073287387147	"{""1.0"": 0.0, ""2.0"": 0.10526315789473684}"
ok	chr3:71493426|71501988	ENSG00000285708;ENSG00000290077;FOXP1	chr3	71493426	71501988	chr3:71450000-71500000	23	1.9130434782608696	0.043478260869565216	0.06579516949597694	0.7654978135179871	"{""1.0"": 0.0, ""2.0"": 0.047619047619047616}"
ok	chr3:125313308|125331238	ZNF148	chr3	125313308	125331238	chr3:125300000-125350000	23	1.9565217391304348	0.043478260869565216	0.019968076595771805	0.9279440947274481	"{""1.0"": 0.0, ""2.0"": 0.05555555555555555, ""3.0"": 0.0}"
ok	chr3:129265549|129267099	COPG1	chr3	129265549	129267099	chr3:129250000-129300000	23	1.9565217391304348	0.13043478260869565	0.019968076595771805	0.9279440947274481	"{""1.0"": 0.0, ""2.0"": 0.16666666666666666, ""3.0"": 0.0}"
ok	chr3:132686260|132716909	NPHP3;NPHP3-ACAD11	chr3	132686260	132716909	chr3:132700000-132750000	23	1.9565217391304348	0.08695652173913043	0.019968076595771805	0.9279440947274481	"{""1.0"": 0.0, ""2.0"": 0.1111111111111111, ""3.0"": 0.0}"
ok	chr11:9165836|9193681	DENND5A	chr11	9165836	9193681	chr11:9150000-9200000	23	2.260869565217391	0.043478260869565216	-0.04545454545454544	0.8368364960931192	"{""2.0"": 0.045454545454545456, ""8.0"": 0.0}"
ok	chr11:34957384|34984728	PDHX	chr11	34957384	34984728	chr11:34950000-35000000	23	2.260869565217391	0.043478260869565216	-0.04545454545454544	0.8368364960931192	"{""2.0"": 0.045454545454545456, ""8.0"": 0.0}"
ok	chr11:61437625|61446231	ENSG00000256591;RN7SL23P;SDHAF2	chr11	61437625	61446231	chr11:61400000-61450000	23	2.0	0.043478260869565216			"{""2.0"": 0.043478260869565216}"
ok	chr11:63976260|63976435	COX8A;ENSG00000256100	chr11	63976260	63976435	chr11:63950000-64000000	23	2.0	0.043478260869565216			"{""2.0"": 0.043478260869565216}"
ok	chr11:64859924|64860336	EHD1	chr11	64859924	64860336	chr11:64850000-64900000	23	2.0	0.08695652173913043			"{""2.0"": 0.08695652173913043}"
ok	chr11:76463821|76472840	EMSY	chr11	76463821	76472840	chr11:76450000-76500000	23	2.0	0.4782608695652174			"{""2.0"": 0.4782608695652174}"
ok	chr11:117152441|117163892	PAFAH1B2	chr11	117152441	117163892	chr11:117150000-117200000	23	1.826086956521739	0.043478260869565216	0.0978231976089037	0.6570073287387147	"{""1.0"": 0.0, ""2.0"": 0.05263157894736842}"
ok	chr4:2904932|2915012	ADD1	chr4	2904932	2915012	chr4:2900000-2950000	23	1.9565217391304348	0.043478260869565216	0.045454545454545456	0.8368364960931192	"{""1.0"": 0.0, ""2.0"": 0.045454545454545456}"
ok	chr4:26637211|26666405	TBC1D19	chr4	26637211	26666405	chr4:26650000-26700000	23	1.9565217391304348	0.08695652173913043	0.04545454545454544	0.8368364960931192	"{""1.0"": 0.0, ""2.0"": 0.09090909090909091}"
ok	chr4:99949663|99950271	H2AZ1	chr4	99949663	99950271	chr4:99900000-99950000	23	2.0	0.043478260869565216			"{""2.0"": 0.043478260869565216}"
ok	chr4:107653554|107654897	PAPSS1	chr4	107653554	107654897	chr4:107650000-107700000	23	2.0	0.043478260869565216			"{""2.0"": 0.043478260869565216}"
ok	chr4:109491327|109516640	SEC24B	chr4	109491327	109516640	chr4:109500000-109550000	23	2.0434782608695654	0.2608695652173913	-0.06579516949597689	0.7654978135179871	"{""2.0"": 0.2727272727272727, ""3.0"": 0.0}"
ok	chr4:119538960|119607297	PDE5A	chr4	119538960	119607297	chr4:119550000-119600000	23	2.0	0.08695652173913043			"{""2.0"": 0.08695652173913043}"
ok	chr4:119596523|119607297	PDE5A	chr4	119596523	119607297	chr4:119600000-119650000	23	2.0	0.043478260869565216			"{""2.0"": 0.043478260869565216}"
ok	chr4:121683382|121696602	ANXA5	chr4	121683382	121696602	chr4:121650000-121700000	23	2.0	0.043478260869565216			"{""2.0"": 0.043478260869565216}"
ok	chr4:145845956|145849561	ZNF827	chr4	145845956	145849561	chr4:145800000-145850000	23	2.0	0.30434782608695654			"{""2.0"": 0.30434782608695654}"
ok	chr4:147822727|147822957	ARHGAP10	chr4	147822727	147822957	chr4:147800000-147850000	23	1.9565217391304348	0.13043478260869565	0.04545454545454544	0.8368364960931192	"{""1.0"": 0.0, ""2.0"": 0.13636363636363635}"
ok	chr4:147857553|147881932	ARHGAP10	chr4	147857553	147881932	chr4:147850000-147900000	23	1.9565217391304348	0.17391304347826086	0.04545454545454544	0.8368364960931192	"{""1.0"": 0.0, ""2.0"": 0.18181818181818182}"
ok	chr4:186628154|186628763	FAT1	chr4	186628154	186628763	chr4:186600000-186650000	23	2.0	0.043478260869565216			"{""2.0"": 0.043478260869565216}"
ok	chr22:36289160|36292150	MYH9	chr22	36289160	36292150	chr22:36250000-36300000	23	1.9565217391304348	0.043478260869565216	0.045454545454545456	0.8368364960931192	"{""1.0"": 0.0, ""2.0"": 0.045454545454545456}"
ok	chr22:37644637|37645510	ENSG00000285304;SH3BP1	chr22	37644637	37645510	chr22:37600000-37650000	23	1.9565217391304348	0.17391304347826086	0.045454545454545456	0.8368364960931192	"{""1.0"": 0.0, ""2.0"": 0.18181818181818182}"
ok	chr22:40881770|40882177	XPNPEP3	chr22	40881770	40882177	chr22:40850000-40900000	23	1.9565217391304348	0.08695652173913043	0.045454545454545456	0.8368364960931192	"{""1.0"": 0.0, ""2.0"": 0.09090909090909091}"
ok	chr22:42909457|42912157	PACSIN2	chr22	42909457	42912157	chr22:42900000-42950000	23	1.9565217391304348	0.13043478260869565	0.04545454545454544	0.8368364960931192	"{""1.0"": 0.0, ""2.0"": 0.13636363636363635}"
ok	chr1:20770930|20773610	HP1BP3	chr1	20770930	20773610	chr1:20750000-20800000	23	2.0	0.17391304347826086			"{""2.0"": 0.17391304347826086}"
ok	chr1:23030469|23059167	KDM1A;MIR3115	chr1	23030469	23059167	chr1:23000000-23050000	23	1.9565217391304348	0.043478260869565216	0.04545454545454544	0.8368364960931192	"{""1.0"": 0.0, ""2.0"": 0.045454545454545456}"
ok	chr1:33328870|33334292	MIR3605;PHC2	chr1	33328870	33334292	chr1:33300000-33350000	23	1.9565217391304348	0.08695652173913043	0.04545454545454544	0.8368364960931192	"{""1.0"": 0.0, ""2.0"": 0.09090909090909091}"
ok	chr1:47368569|47373107	CMPK1	chr1	47368569	47373107	chr1:47350000-47400000	23	2.0434782608695654	0.043478260869565216	-0.04545454545454549	0.8368364960931192	"{""2.0"": 0.045454545454545456, ""3.0"": 0.0}"
ok	chr1:66891154|66905375	DNAI4	chr1	66891154	66905375	chr1:66850000-66900000	23	1.9565217391304348	0.13043478260869565	0.062123652492193676	0.7782566257277964	"{""1.0"": 0.0, ""2.0"": 0.13636363636363635}"
ok	chr1:93273474|93325895	CCDC18-AS1;ENSG00000229567	chr1	93273474	93325895	chr1:93250000-93300000	23	2.0	0.08695652173913043			"{""2.0"": 0.08695652173913043}"
ok	chr1:117402186|117442325	MAN1A2	chr1	117402186	117442325	chr1:117400000-117450000	23	1.9565217391304348	0.08695652173913043	0.06579516949597694	0.7654978135179871	"{""1.0"": 0.0, ""2.0"": 0.09090909090909091}"
ok	chr1:155395459|155459898	ASH1L;ASH1L-IT1	chr1	155395459	155459898	chr1:155400000-155450000	23	1.9130434782608696	0.17391304347826086	0.06579516949597694	0.7654978135179871	"{""1.0"": 0.0, ""2.0"": 0.19047619047619047}"
ok	chr1:173485026|173485507	PRDX6	chr1	173485026	173485507	chr1:173450000-173500000	23	2.0	0.043478260869565216			"{""2.0"": 0.043478260869565216}"
ok	chr1:183114531|183132537	LAMC1	chr1	183114531	183132537	chr1:183100000-183150000	23	2.0	0.043478260869565216			"{""2.0"": 0.043478260869565216}"
ok	chr1:197672037|197772932	DENND1B;FAM204BP;Y_RNA	chr1	197672037	197772932	chr1:197700000-197750000	23	2.0	0.043478260869565216			"{""2.0"": 0.043478260869565216}"
ok	chr1:247308475|247310456	ZNF496	chr1	247308475	247310456	chr1:247300000-247350000	23	2.0	0.13043478260869565			"{""2.0"": 0.13043478260869565}"
ok	chr12:1027748|1028572	ERC1	chr12	1027748	1028572	chr12:1000000-1050000	23	2.0	0.08695652173913043			"{""2.0"": 0.08695652173913043}"
ok	chr12:54351362|54351559	COPZ1	chr12	54351362	54351559	chr12:54350000-54400000	23	2.0	0.043478260869565216			"{""2.0"": 0.043478260869565216}"
ok	chr12:56142369|56142703	ESYT1	chr12	56142369	56142703	chr12:56100000-56150000	23	1.9565217391304348	0.08695652173913043	0.045454545454545456	0.8368364960931192	"{""1.0"": 0.0, ""2.0"": 0.09090909090909091}"
ok	chr12:69578113|69578380	FRS2	chr12	69578113	69578380	chr12:69550000-69600000	23	2.0	0.043478260869565216			"{""2.0"": 0.043478260869565216}"
ok	chr12:110485078|110487943	FAM216A	chr12	110485078	110487943	chr12:110450000-110500000	23	2.0	0.21739130434782608			"{""2.0"": 0.21739130434782608}"
ok	chr12:111554158|111555919	ATXN2	chr12	111554158	111555919	chr12:111550000-111600000	23	2.0	0.043478260869565216			"{""2.0"": 0.043478260869565216}"
ok	chr12:120154970|120155719	GCN1;MIR4498	chr12	120154970	120155719	chr12:120150000-120200000	23	1.9565217391304348	0.13043478260869565	0.062123652492193676	0.7782566257277964	"{""1.0"": 0.0, ""2.0"": 0.13636363636363635}"
ok	chr2:8682189|8682513	ID2	chr2	8682189	8682513	chr2:8650000-8700000	23	2.0	0.043478260869565216			"{""2.0"": 0.043478260869565216}"
ok	chr2:17738285|17738627	SMC6	chr2	17738285	17738627	chr2:17700000-17750000	23	2.0	0.043478260869565216			"{""2.0"": 0.043478260869565216}"
ok	chr2:47011331|47029384	TTC7A	chr2	47011331	47029384	chr2:47000000-47050000	23	1.9565217391304348	0.08695652173913043	0.04545454545454544	0.8368364960931192	"{""1.0"": 0.0, ""2.0"": 0.09090909090909091}"
ok	chr2:69358329|69363670	GFPT1	chr2	69358329	69363670	chr2:69350000-69400000	23	2.0	0.043478260869565216			"{""2.0"": 0.043478260869565216}"
ok	chr2:72731007|72733118	EXOC6B	chr2	72731007	72733118	chr2:72700000-72750000	23	2.0	0.08695652173913043			"{""2.0"": 0.08695652173913043}"
ok	chr2:73901322|73902488	ACTG2	chr2	73901322	73902488	chr2:73900000-73950000	23	2.0	0.043478260869565216			"{""2.0"": 0.043478260869565216}"
ok	chr2:99169550|99171429	MITD1	chr2	99169550	99171429	chr2:99150000-99200000	23	2.0	0.13043478260869565			"{""2.0"": 0.13043478260869565}"
ok	chr2:106122970|106166083	UXS1	chr2	106122970	106166083	chr2:106100000-106150000	23	2.0	0.17391304347826086			"{""2.0"": 0.17391304347826086}"
ok	chr2:134341590|134422919	MGAT5	chr2	134341590	134422919	chr2:134350000-134400000	23	2.0434782608695654	0.08695652173913043	-0.04545454545454549	0.8368364960931192	"{""2.0"": 0.09090909090909091, ""3.0"": 0.0}"
ok	chr2:201725356|201778487	ALS2	chr2	201725356	201778487	chr2:201750000-201800000	23	2.0434782608695654	0.043478260869565216	-0.04545454545454549	0.8368364960931192	"{""2.0"": 0.045454545454545456, ""3.0"": 0.0}"
ok	chr2:202464809|202467689	BMPR2	chr2	202464809	202467689	chr2:202450000-202500000	23	2.0434782608695654	0.043478260869565216	-0.04545454545454549	0.8368364960931192	"{""2.0"": 0.045454545454545456, ""3.0"": 0.0}"
ok	chr2:202467519|202467689	BMPR2	chr2	202467519	202467689	chr2:202450000-202500000	23	2.0434782608695654	0.08695652173913043	-0.04545454545454549	0.8368364960931192	"{""2.0"": 0.09090909090909091, ""3.0"": 0.0}"
ok	chr2:214728918|214781509	BARD1	chr2	214728918	214781509	chr2:214750000-214800000	23	2.0434782608695654	0.21739130434782608	-0.04545454545454549	0.8368364960931192	"{""2.0"": 0.22727272727272727, ""3.0"": 0.0}"
ok	chr2:215373322|215378206	FN1	chr2	215373322	215378206	chr2:215350000-215400000	23	2.0434782608695654	0.08695652173913043	-0.04545454545454549	0.8368364960931192	"{""2.0"": 0.09090909090909091, ""3.0"": 0.0}"
ok	chr2:215425094|215434824	FN1	chr2	215425094	215434824	chr2:215400000-215450000	23	2.0434782608695654	0.08695652173913043	-0.06579516949597689	0.7654978135179871	"{""2.0"": 0.09090909090909091, ""3.0"": 0.0}"
ok	chr2:229767563|229767729	TRIP12	chr2	229767563	229767729	chr2:229750000-229800000	23	2.0434782608695654	0.08695652173913043	-0.04545454545454549	0.8368364960931192	"{""2.0"": 0.09090909090909091, ""3.0"": 0.0}"
ok	chr2:237359362|237364428	COL6A3	chr2	237359362	237364428	chr2:237350000-237400000	23	2.0869565217391304	0.043478260869565216	-0.036835473434187846	0.867479167044514	"{""1.0"": 0.0, ""2.0"": 0.05, ""3.0"": 0.0, ""4.0"": 0.0}"
ok	chr2:238173534|238188993	ILKAP	chr2	238173534	238188993	chr2:238150000-238200000	23	2.0	0.043478260869565216	0.0	1.0	"{""1.0"": 0.0, ""2.0"": 0.047619047619047616, ""3.0"": 0.0}"
ok	chr13:19993063|19993919	ZMYM2	chr13	19993063	19993919	chr13:19950000-20000000	23	2.0	0.08695652173913043			"{""2.0"": 0.08695652173913043}"
ok	chr13:28260447|28261458	PAN3	chr13	28260447	28261458	chr13:28250000-28300000	23	2.0	0.17391304347826086			"{""2.0"": 0.17391304347826086}"
ok	chr13:39719236|39727548	COG6	chr13	39719236	39727548	chr13:39700000-39750000	23	1.9565217391304348	0.08695652173913043	0.04545454545454546	0.8368364960931192	"{""1.0"": 0.0, ""2.0"": 0.09090909090909091}"
ok	chr13:59742491|59810923	DIAPH3	chr13	59742491	59810923	chr13:59750000-59800000	23	1.9565217391304348	0.13043478260869565	0.045454545454545456	0.8368364960931192	"{""1.0"": 0.0, ""2.0"": 0.13636363636363635}"
ok	chr13:97992892|98000645	IPO5	chr13	97992892	98000645	chr13:97950000-98000000	23	2.0	0.043478260869565216			"{""2.0"": 0.043478260869565216}"
ok	chr13:107466015|107468552	ENSG00000276740;NALF1	chr13	107466015	107468552	chr13:107450000-107500000	23	2.0434782608695654	0.08695652173913043	-0.04545454545454547	0.8368364960931192	"{""2.0"": 0.09090909090909091, ""3.0"": 0.0}"
ok	chr20:34844821|34845075	GGT7	chr20	34844821	34845075	chr20:34800000-34850000	23	2.0	0.043478260869565216			"{""2.0"": 0.043478260869565216}"
ok	chr20:35366557|35384133	UQCC1	chr20	35366557	35384133	chr20:35350000-35400000	23	2.0	0.043478260869565216			"{""2.0"": 0.043478260869565216}"
ok	chr20:35651534|35651734	CPNE1;ENSG00000272897;RBM12	chr20	35651534	35651734	chr20:35650000-35700000	23	2.0	0.08695652173913043			"{""2.0"": 0.08695652173913043}"
ok	chr20:49271205|49271500	ZNFX1	chr20	49271205	49271500	chr20:49250000-49300000	23	2.0	0.043478260869565216			"{""2.0"": 0.043478260869565216}"
ok	chr20:50841864|50876671	BCAS4	chr20	50841864	50876671	chr20:50850000-50900000	23	2.0	0.08695652173913043			"{""2.0"": 0.08695652173913043}"
ok	chr18:9583117|9595102	PPP4R1	chr18	9583117	9595102	chr18:9550000-9600000	23	2.0	0.043478260869565216			"{""2.0"": 0.043478260869565216}"
ok	chr18:9722742|9815222	RAB31;ZNF415P1	chr18	9722742	9815222	chr18:9750000-9800000	23	2.0	0.08695652173913043			"{""2.0"": 0.08695652173913043}"
ok	chr18:21765772|21779685	MIB1	chr18	21765772	21779685	chr18:21750000-21800000	23	2.0	0.08695652173913043			"{""2.0"": 0.08695652173913043}"
ok	chr18:32111754|32113860	ENSG00000263917;RNF138	chr18	32111754	32113860	chr18:32100000-32150000	23	1.9565217391304348	0.043478260869565216	0.04545454545454544	0.8368364960931192	"{""1.0"": 0.0, ""2.0"": 0.045454545454545456}"
ok	chr18:42043733|42049605	PIK3C3	chr18	42043733	42049605	chr18:42000000-42050000	23	2.0	0.30434782608695654			"{""2.0"": 0.30434782608695654}"
ok	chr18:57701039|57706587	ATP8B1	chr18	57701039	57706587	chr18:57700000-57750000	23	2.0	0.13043478260869565			"{""2.0"": 0.13043478260869565}"
ok	chr18:79143802|79176907	ATP9B;ENSG00000279474	chr18	79143802	79176907	chr18:79150000-79200000	23	1.826086956521739	0.043478260869565216	0.09782319760890373	0.6570073287387147	"{""1.0"": 0.0, ""2.0"": 0.05263157894736842}"
ok	chr19:572624|579612	BSG	chr19	572624	579612	chr19:550000-600000	23	1.9130434782608696	0.08695652173913043	0.06579516949597689	0.7654978135179871	"{""1.0"": 0.0, ""2.0"": 0.09523809523809523}"
ok	chr19:18905576|18919376	COPE;ENSG00000268193	chr19	18905576	18919376	chr19:18900000-18950000	23	1.9565217391304348	0.043478260869565216	0.04545454545454546	0.8368364960931192	"{""1.0"": 0.0, ""2.0"": 0.045454545454545456}"
ok	chr19:33401743|33463041	PEPD	chr19	33401743	33463041	chr19:33400000-33450000	23	1.9565217391304348	0.043478260869565216	0.04545454545454544	0.8368364960931192	"{""1.0"": 0.0, ""2.0"": 0.045454545454545456}"
ok	chr19:34401753|34401897	ENSG00000266953;GPI	chr19	34401753	34401897	chr19:34400000-34450000	23	1.9130434782608696	0.043478260869565216	0.06579516949597689	0.7654978135179871	"{""1.0"": 0.0, ""2.0"": 0.047619047619047616}"
ok	chr19:49854970|49858114	PTOV1	chr19	49854970	49858114	chr19:49850000-49900000	23	1.8695652173913044	0.17391304347826086	0.08257228238447709	0.7079879068817685	"{""1.0"": 0.0, ""2.0"": 0.2}"
ok	chr14:49653990|49655843	POLE2	chr14	49653990	49655843	chr14:49650000-49700000	23	2.0434782608695654	0.13043478260869565	-0.04545454545454549	0.8368364960931192	"{""2.0"": 0.13636363636363635, ""3.0"": 0.0}"
ok	chr14:58459300|58512627	HSBP1P1;KIAA0586	chr14	58459300	58512627	chr14:58450000-58500000	23	1.9565217391304348	0.043478260869565216	0.04545454545454544	0.8368364960931192	"{""1.0"": 0.0, ""2.0"": 0.045454545454545456}"
ok	chr14:60115719|60125823	PCNX4	chr14	60115719	60125823	chr14:60100000-60150000	23	1.9565217391304348	0.17391304347826086	0.0582964037329089	0.7916157878319775	"{""1.0"": 0.0, ""2.0"": 0.18181818181818182}"
ok	chr15:39594422|39595666	FSIP1	chr15	39594422	39595666	chr15:39550000-39600000	23	2.0	0.08695652173913043			"{""2.0"": 0.08695652173913043}"
ok	chr15:48434594|48497391	FBN1	chr15	48434594	48497391	chr15:48450000-48500000	23	2.0	0.34782608695652173			"{""2.0"": 0.34782608695652173}"
ok	chr15:48465790|48470756	FBN1	chr15	48465790	48470756	chr15:48450000-48500000	23	2.0	0.13043478260869565			"{""2.0"": 0.13043478260869565}"
ok	chr15:48515406|48526155	ENSG00000286947	chr15	48515406	48526155	chr15:48500000-48550000	23	2.0	0.043478260869565216			"{""2.0"": 0.043478260869565216}"
ok	chr15:58912563|58916999	SLTM	chr15	58912563	58916999	chr15:58900000-58950000	23	2.0	0.043478260869565216			"{""2.0"": 0.043478260869565216}"
ok	chr15:67231814|67236820	AAGAB	chr15	67231814	67236820	chr15:67200000-67250000	23	2.0	0.043478260869565216			"{""2.0"": 0.043478260869565216}"
ok	chr15:71141449|71154932	THSD4	chr15	71141449	71154932	chr15:71100000-71150000	23	2.0	0.08695652173913043			"{""2.0"": 0.08695652173913043}"
ok	chr15:74923648|74929232	COX5A	chr15	74923648	74929232	chr15:74900000-74950000	23	2.0	0.043478260869565216			"{""2.0"": 0.043478260869565216}"
ok	chr15:74926766|74929232	COX5A	chr15	74926766	74929232	chr15:74900000-74950000	23	2.0	0.043478260869565216			"{""2.0"": 0.043478260869565216}"
ok	chr16:23562625|23567069	UBFD1	chr16	23562625	23567069	chr16:23550000-23600000	23	2.0	0.043478260869565216			"{""2.0"": 0.043478260869565216}"
ok	chr16:25054819|25111996	ENSG00000262587;ENSG00000262700;LCMT1;LINC02175;SCML2P2	chr16	25054819	25111996	chr16:25050000-25100000	23	2.0	0.043478260869565216			"{""2.0"": 0.043478260869565216}"
ok	chr16:46674314|46677398	VPS35	chr16	46674314	46677398	chr16:46650000-46700000	23	2.0	0.043478260869565216			"{""2.0"": 0.043478260869565216}"
ok	chr16:68121987|68126610	ENSG00000261864;NFATC3	chr16	68121987	68126610	chr16:68100000-68150000	23	2.0	0.30434782608695654			"{""2.0"": 0.30434782608695654}"
ok	chr16:68122251|68191775	ENSG00000212445;ENSG00000261864;NFATC3	chr16	68122251	68191775	chr16:68150000-68200000	23	2.0	0.08695652173913043			"{""2.0"": 0.08695652173913043}"
ok	chr17:42610108|42659552	ATP5MGP7;HMGB3P27;TUBG1;TUBG2	chr17	42610108	42659552	chr17:42600000-42650000	23	1.9565217391304348	0.2608695652173913	0.05395997654060551	0.8068208809982954	"{""1.0"": 0.0, ""2.0"": 0.2727272727272727}"
ok	chr17:59737453|59773885	VMP1	chr17	59737453	59773885	chr17:59750000-59800000	23	2.0	0.13043478260869565			"{""2.0"": 0.13043478260869565}"
ok	chr9:88388463|88426591	SPIN1	chr9	88388463	88426591	chr9:88400000-88450000	23	2.0	0.13043478260869565			"{""2.0"": 0.13043478260869565}"
ok	chr9:135850137|135883078	CAMSAP1	chr9	135850137	135883078	chr9:135850000-135900000	23	1.6521739130434783	0.13043478260869565	-0.19506489808627486	0.37242476414349324	"{""1.0"": 0.25, ""2.0"": 0.06666666666666667}"
ok	chr7:24623666|24668660	PALS2	chr7	24623666	24668660	chr7:24600000-24650000	23	2.0	0.043478260869565216			"{""2.0"": 0.043478260869565216}"
ok	chr7:30550636|30562128	ENSG00000281039;GARS1-DT	chr7	30550636	30562128	chr7:30550000-30600000	23	2.0	0.08695652173913043			"{""2.0"": 0.08695652173913043}"
ok	chr7:44200992|44201239	YKT6	chr7	44200992	44201239	chr7:44200000-44250000	23	1.9565217391304348	0.043478260869565216	-1.0	0.0	"{""1.0"": 1.0, ""2.0"": 0.0}"
ok	chr7:92031512|92038772	AKAP9	chr7	92031512	92038772	chr7:92000000-92050000	23	2.0	0.13043478260869565			"{""2.0"": 0.13043478260869565}"
ok	chr7:94407847|94416503	COL1A2	chr7	94407847	94416503	chr7:94400000-94450000	23	2.0	0.7391304347826086			"{""2.0"": 0.7391304347826086}"
ok	chr7:94408770|94409608	COL1A2	chr7	94408770	94409608	chr7:94400000-94450000	23	2.0	0.08695652173913043			"{""2.0"": 0.08695652173913043}"
ok	chr7:94415226|94417831	COL1A2	chr7	94415226	94417831	chr7:94400000-94450000	23	2.0	0.08695652173913043			"{""2.0"": 0.08695652173913043}"
ok	chr7:94421009|94423118	COL1A2	chr7	94421009	94423118	chr7:94400000-94450000	23	2.0	0.043478260869565216			"{""2.0"": 0.043478260869565216}"
ok	chr7:127371145|127386155	ZNF800	chr7	127371145	127386155	chr7:127350000-127400000	23	2.0	0.08695652173913043			"{""2.0"": 0.08695652173913043}"
ok	chr7:138519189|138551180	TRIM24	chr7	138519189	138551180	chr7:138500000-138550000	23	2.0	0.08695652173913043			"{""2.0"": 0.08695652173913043}"
ok	chr7:158739023|158741651	ESYT2	chr7	158739023	158741651	chr7:158700000-158750000	23	1.9565217391304348	0.043478260869565216	0.04545454545454544	0.8368364960931192	"{""1.0"": 0.0, ""2.0"": 0.045454545454545456}"
ok	chrX:48577683|48577911	RBM3	chrX	48577683	48577911	chrX:48550000-48600000	23	1.9565217391304348	0.043478260869565216	0.04545454545454544	0.8368364960931192	"{""1.0"": 0.0, ""2.0"": 0.045454545454545456}"
ok	chr8:15730666|15743612	TUSC3	chr8	15730666	15743612	chr8:15700000-15750000	23	2.0	0.08695652173913043			"{""2.0"": 0.08695652173913043}"
ok	chr8:91970658|91975973	RUNX1T1	chr8	91970658	91975973	chr8:91950000-92000000	23	2.0	0.043478260869565216			"{""2.0"": 0.043478260869565216}"
ok	chr5:32125793|32143880	GOLPH3	chr5	32125793	32143880	chr5:32100000-32150000	23	2.0	0.043478260869565216			"{""2.0"": 0.043478260869565216}"
ok	chr5:65170617|65197151	ADAMTS6	chr5	65170617	65197151	chr5:65150000-65200000	23	2.0	0.043478260869565216			"{""2.0"": 0.043478260869565216}"
ok	chr5:157489102|157491889	ADAM19	chr5	157489102	157491889	chr5:157450000-157500000	23	2.0	0.043478260869565216			"{""2.0"": 0.043478260869565216}"
ok	chr5:181243692|181243876	RACK1	chr5	181243692	181243876	chr5:181200000-181250000	23	0.0	0.043478260869565216			"{""0.0"": 0.043478260869565216}"
ok	chr6:130184103|130184623	SAMD3	chr6	130184103	130184623	chr6:130150000-130200000	23	2.0	0.08695652173913043			"{""2.0"": 0.08695652173913043}"
ok	chr6:144095241|144095523	SF3B5	chr6	144095241	144095523	chr6:144050000-144100000	23	2.0	0.08695652173913043			"{""2.0"": 0.08695652173913043}"
ok	chr21:26053263|26090049	APP	chr21	26053263	26090049	chr21:26050000-26100000	23	2.0	0.043478260869565216			"{""2.0"": 0.043478260869565216}"
ok	chr10:13659323|13663509	FRMD4A	chr10	13659323	13663509	chr10:13650000-13700000	23	2.0434782608695654	0.13043478260869565	-0.04545454545454549	0.8368364960931192	"{""2.0"": 0.13636363636363635, ""3.0"": 0.0}"
ok	chr10:13670406|13674976	FRMD4A	chr10	13670406	13674976	chr10:13650000-13700000	23	2.0434782608695654	0.08695652173913043	-0.04545454545454549	0.8368364960931192	"{""2.0"": 0.09090909090909091, ""3.0"": 0.0}"
ok	chr10:58702074|58703322	BICC1	chr10	58702074	58703322	chr10:58700000-58750000	23	1.9565217391304348	0.08695652173913043	0.04545454545454544	0.8368364960931192	"{""1.0"": 0.0, ""2.0"": 0.09090909090909091}"
ok	chr10:68174066|68175461	MYPN	chr10	68174066	68175461	chr10:68150000-68200000	23	1.9565217391304348	0.08695652173913043	0.04545454545454544	0.8368364960931192	"{""1.0"": 0.0, ""2.0"": 0.09090909090909091}"
ok	chr10:121790169|121924329	ATE1	chr10	121790169	121924329	chr10:121850000-121900000	23	1.9565217391304348	0.08695652173913043	0.04545454545454544	0.8368364960931192	"{""1.0"": 0.0, ""2.0"": 0.09090909090909091}"
ok	chr3:9750945|9751949	OGG1	chr3	9750945	9751949	chr3:9750000-9800000	23	1.7826086956521738	0.043478260869565216	0.1123666437438737	0.6097285202754734	"{""1.0"": 0.0, ""2.0"": 0.05555555555555555}"
ok	chr3:188889365|188890282	LPP	chr3	188889365	188890282	chr3:188850000-188900000	23	1.9565217391304348	0.043478260869565216	0.019968076595771805	0.9279440947274481	"{""1.0"": 0.0, ""2.0"": 0.05555555555555555, ""3.0"": 0.0}"
ok	chr22:27894555|27914347	PITPNB	chr22	27894555	27914347	chr22:27900000-27950000	23	2.0434782608695654	0.043478260869565216	-0.04545454545454549	0.8368364960931192	"{""2.0"": 0.045454545454545456, ""3.0"": 0.0}"
ok	chr4:507405|508970	PIGG	chr4	507405	508970	chr4:500000-550000	23	1.9565217391304348	0.043478260869565216	0.045454545454545456	0.8368364960931192	"{""1.0"": 0.0, ""2.0"": 0.045454545454545456}"
ok	chr4:53399730|53444103	ENSG00000282278;FIP1L1	chr4	53399730	53444103	chr4:53400000-53450000	23	2.0	0.043478260869565216			"{""2.0"": 0.043478260869565216}"
ok	chr4:87195324|87195690	KLHL8	chr4	87195324	87195690	chr4:87150000-87200000	23	2.0	0.08695652173913043			"{""2.0"": 0.08695652173913043}"
ok	chr4:102714438|102736435	KRT8P46;LRRC37A15P;MANBA	chr4	102714438	102736435	chr4:102700000-102750000	23	2.0	0.043478260869565216			"{""2.0"": 0.043478260869565216}"
ok	chr4:139719177|139719524	MAML3	chr4	139719177	139719524	chr4:139700000-139750000	23	2.0	0.043478260869565216			"{""2.0"": 0.043478260869565216}"
ok	chr4:168894579|168916027	PALLD	chr4	168894579	168916027	chr4:168900000-168950000	23	1.9565217391304348	0.08695652173913043	0.04545454545454544	0.8368364960931192	"{""1.0"": 0.0, ""2.0"": 0.09090909090909091}"
ok	chr11:47425121|47426282	PSMC3	chr11	47425121	47426282	chr11:47400000-47450000	23	2.0	0.043478260869565216			"{""2.0"": 0.043478260869565216}"
ok	chr11:64767062|64767727	SF1	chr11	64767062	64767727	chr11:64750000-64800000	23	2.0	0.043478260869565216			"{""2.0"": 0.043478260869565216}"
ok	chr11:70354301|70372574	PPFIA1	chr11	70354301	70372574	chr11:70350000-70400000	23	1.826086956521739	0.043478260869565216	0.09782319760890373	0.6570073287387147	"{""1.0"": 0.0, ""2.0"": 0.05263157894736842}"
ok	chr11:86012281|86031611	PICALM	chr11	86012281	86031611	chr11:86000000-86050000	23	2.0	0.17391304347826086			"{""2.0"": 0.17391304347826086}"
ok	chr1:6599413|6602451	KLHL21	chr1	6599413	6602451	chr1:6600000-6650000	23	2.0	0.043478260869565216			"{""2.0"": 0.043478260869565216}"
ok	chr1:15717893|15721388	PLEKHM2	chr1	15717893	15721388	chr1:15700000-15750000	23	2.0	0.08695652173913043			"{""2.0"": 0.08695652173913043}"
ok	chr1:45566569|45567020	AKR1A1	chr1	45566569	45567020	chr1:45550000-45600000	23	1.9565217391304348	0.043478260869565216	0.04545454545454544	0.8368364960931192	"{""1.0"": 0.0, ""2.0"": 0.045454545454545456}"
ok	chr1:89057085|89058205	GBP1	chr1	89057085	89058205	chr1:89050000-89100000	23	2.0	0.043478260869565216			"{""2.0"": 0.043478260869565216}"
ok	chr1:110952234|110952414	ENSG00000232811	chr1	110952234	110952414	chr1:110950000-111000000	23	2.0	0.043478260869565216			"{""2.0"": 0.043478260869565216}"
ok	chr1:155721517|155726019	DAP3	chr1	155721517	155726019	chr1:155700000-155750000	23	1.9130434782608696	0.17391304347826086	0.06579516949597694	0.7654978135179871	"{""1.0"": 0.0, ""2.0"": 0.19047619047619047}"
ok	chr1:179341028|179343635	SOAT1	chr1	179341028	179343635	chr1:179300000-179350000	23	2.0	0.043478260869565216			"{""2.0"": 0.043478260869565216}"
ok	chr1:202773118|202911203	ENSG00000291234;KDM5B;KLHL12;RABIF;TUBA5P	chr1	202773118	202911203	chr1:202800000-202850000	23	2.0	0.043478260869565216			"{""2.0"": 0.043478260869565216}"
ok	chr1:205616478|205623891	ELK4	chr1	205616478	205623891	chr1:205600000-205650000	23	2.0	0.21739130434782608			"{""2.0"": 0.21739130434782608}"
ok	chr1:233217899|233227371	PCNX2	chr1	233217899	233227371	chr1:233200000-233250000	23	2.0	0.08695652173913043			"{""2.0"": 0.08695652173913043}"
ok	chr12:54343225|54350576	COPZ1;ENSG00000258344;RN7SL744P	chr12	54343225	54350576	chr12:54300000-54350000	23	2.0	0.043478260869565216			"{""2.0"": 0.043478260869565216}"
ok	chr12:62470701|62501698	MON2	chr12	62470701	62501698	chr12:62450000-62500000	23	2.0	0.043478260869565216			"{""2.0"": 0.043478260869565216}"
ok	chr12:109481637|109501534	UBE3B	chr12	109481637	109501534	chr12:109450000-109500000	23	2.0	0.043478260869565216			"{""2.0"": 0.043478260869565216}"
ok	chr12:111552280|111555919	ATXN2	chr12	111552280	111555919	chr12:111550000-111600000	23	2.0	0.08695652173913043			"{""2.0"": 0.08695652173913043}"
ok	chr12:116096669|116111512	MED13L	chr12	116096669	116111512	chr12:116100000-116150000	23	2.0	0.08695652173913043			"{""2.0"": 0.08695652173913043}"
ok	chr2:25767583|25771540	ASXL2	chr2	25767583	25771540	chr2:25750000-25800000	23	2.0	0.13043478260869565			"{""2.0"": 0.13043478260869565}"
ok	chr2:27329457|27333676	GTF3C2	chr2	27329457	27333676	chr2:27300000-27350000	23	2.0	0.08695652173913043			"{""2.0"": 0.08695652173913043}"
ok	chr2:36387972|36464655	CRIM1	chr2	36387972	36464655	chr2:36400000-36450000	23	1.9565217391304348	0.08695652173913043	-0.6908492797077578	0.0002626421229404894	"{""1.0"": 1.0, ""2.0"": 0.045454545454545456}"
ok	chr2:95919733|95919920	ANKRD36C	chr2	95919733	95919920	chr2:95900000-95950000	23	0.08695652173913043	0.043478260869565216	-0.04545454545454544	0.8368364960931192	"{""0.0"": 0.045454545454545456, ""2.0"": 0.0}"
ok	chr2:109564366|109585838	SEPTIN10	chr2	109564366	109585838	chr2:109550000-109600000	23	1.9565217391304348	0.043478260869565216	0.045454545454545456	0.8368364960931192	"{""1.0"": 0.0, ""2.0"": 0.045454545454545456}"
ok	chr2:110635026|110657117	BUB1	chr2	110635026	110657117	chr2:110600000-110650000	23	2.0869565217391304	0.043478260869565216	-0.06579516949597694	0.7654978135179871	"{""2.0"": 0.047619047619047616, ""3.0"": 0.0}"
ok	chr2:190900564|190924593	GLS	chr2	190900564	190924593	chr2:190900000-190950000	23	2.0434782608695654	0.13043478260869565	-0.045454545454545484	0.8368364960931192	"{""2.0"": 0.13636363636363635, ""3.0"": 0.0}"
ok	chr2:215379283|215380893	FN1	chr2	215379283	215380893	chr2:215350000-215400000	23	2.0434782608695654	0.08695652173913043	-0.04545454545454549	0.8368364960931192	"{""2.0"": 0.09090909090909091, ""3.0"": 0.0}"
ok	chr2:215379298|215382309	FN1	chr2	215379298	215382309	chr2:215350000-215400000	23	2.0434782608695654	0.08695652173913043	-0.04545454545454549	0.8368364960931192	"{""2.0"": 0.09090909090909091, ""3.0"": 0.0}"
ok	chr2:215399280|215406308	FN1	chr2	215399280	215406308	chr2:215400000-215450000	23	2.0434782608695654	0.043478260869565216	-0.04545454545454549	0.8368364960931192	"{""2.0"": 0.045454545454545456, ""3.0"": 0.0}"
ok	chr2:215428262|215431962	FN1	chr2	215428262	215431962	chr2:215400000-215450000	23	2.0434782608695654	0.043478260869565216	-0.04545454545454549	0.8368364960931192	"{""2.0"": 0.045454545454545456, ""3.0"": 0.0}"
ok	chr2:237333450|237341150	COL6A3	chr2	237333450	237341150	chr2:237300000-237350000	23	2.0434782608695654	0.08695652173913043	-0.40451991747794547	0.0555467119367926	"{""1.0"": 1.0, ""2.0"": 0.0, ""3.0"": 0.0, ""4.0"": 0.0}"
ok	chr2:237374437|237374699	COL6A3	chr2	237374437	237374699	chr2:237350000-237400000	23	2.0869565217391304	0.043478260869565216	-0.46044341792734833	0.02703937002985228	"{""1.0"": 1.0, ""2.0"": 0.0, ""3.0"": 0.0, ""4.0"": 0.0}"
ok	chr2:237381407|237414002	COL6A3	chr2	237381407	237414002	chr2:237350000-237400000	23	2.0869565217391304	0.043478260869565216	-0.46044341792734833	0.02703937002985228	"{""1.0"": 1.0, ""2.0"": 0.0, ""3.0"": 0.0, ""4.0"": 0.0}"
ok	chr2:241346166|241348191	SEPTIN2	chr2	241346166	241348191	chr2:241300000-241350000	23	2.0434782608695654	0.17391304347826086	-0.04545454545454549	0.8368364960931192	"{""2.0"": 0.18181818181818182, ""3.0"": 0.0}"
ok	chr13:93545263|93545421	GPC6	chr13	93545263	93545421	chr13:93500000-93550000	23	2.0	0.21739130434782608			"{""2.0"": 0.21739130434782608}"
ok	chr13:107466015|107467250	ENSG00000276740;NALF1	chr13	107466015	107467250	chr13:107450000-107500000	23	2.0434782608695654	0.08695652173913043	-0.06579516949597689	0.7654978135179871	"{""2.0"": 0.09090909090909091, ""3.0"": 0.0}"
ok	chr20:38129133|38129336	TGM2	chr20	38129133	38129336	chr20:38100000-38150000	23	2.0	0.08695652173913043			"{""2.0"": 0.08695652173913043}"
ok	chr20:45366998|45367214	SYS1;SYS1-DBNDD2	chr20	45366998	45367214	chr20:45350000-45400000	23	2.0	0.08695652173913043			"{""2.0"": 0.08695652173913043}"
ok	chr18:12999421|13117643	CEP192	chr18	12999421	13117643	chr18:13050000-13100000	23	2.0	0.13043478260869565			"{""2.0"": 0.13043478260869565}"
ok	chr18:51046920|51067187	ENSG00000267699;SMAD4	chr18	51046920	51067187	chr18:51050000-51100000	23	1.9565217391304348	0.13043478260869565	0.04545454545454546	0.8368364960931192	"{""1.0"": 0.0, ""2.0"": 0.13636363636363635}"
ok	chr19:5604583|5604936	SAFB2	chr19	5604583	5604936	chr19:5600000-5650000	23	1.9565217391304348	0.08695652173913043	0.04545454545454544	0.8368364960931192	"{""1.0"": 0.0, ""2.0"": 0.09090909090909091}"
ok	chr19:12797031|12800299	HOOK2;PRDX2	chr19	12797031	12800299	chr19:12750000-12800000	23	2.0	0.043478260869565216			"{""2.0"": 0.043478260869565216}"
ok	chr19:13234921|13253101	CACNA1A	chr19	13234921	13253101	chr19:13200000-13250000	23	2.0	0.043478260869565216			"{""2.0"": 0.043478260869565216}"
ok	chr14:31119710|31121505	HECTD1	chr14	31119710	31121505	chr14:31100000-31150000	23	2.0869565217391304	0.08695652173913043	0.6908492797077577	0.00026264212294049106	"{""2.0"": 0.0, ""3.0"": 1.0}"
ok	chr14:63998914|64022863	SYNE2	chr14	63998914	64022863	chr14:64000000-64050000	23	1.9565217391304348	0.043478260869565216	0.04545454545454544	0.8368364960931192	"{""1.0"": 0.0, ""2.0"": 0.045454545454545456}"
ok	chr14:100935772|100969545	MEG8;MIR493HG;SNORD113-5;SNORD113-7;SNORD114-2	chr14	100935772	100969545	chr14:100950000-101000000	23	1.9565217391304348	0.043478260869565216	0.04545454545454544	0.8368364960931192	"{""1.0"": 0.0, ""2.0"": 0.045454545454545456}"
ok	chr16:2759747|2760008	SRRM2	chr16	2759747	2760008	chr16:2750000-2800000	23	1.8695652173913044	0.08695652173913043	0.08257228238447709	0.7079879068817685	"{""1.0"": 0.0, ""2.0"": 0.1}"
ok	chr16:47463899|47641692	ENSG00000262038;PHKB;RNA5SP425	chr16	47463899	47641692	chr16:47550000-47600000	23	2.0	0.043478260869565216			"{""2.0"": 0.043478260869565216}"
ok	chr16:47497399|47515601	PHKB;RNA5SP425	chr16	47497399	47515601	chr16:47500000-47550000	23	2.0	0.17391304347826086			"{""2.0"": 0.17391304347826086}"
ok	chr16:87393268|87393510	MAP1LC3B	chr16	87393268	87393510	chr16:87350000-87400000	23	1.8695652173913044	0.043478260869565216	0.0825722823844771	0.7079879068817685	"{""1.0"": 0.0, ""2.0"": 0.05}"
ok	chr17:21011151|21015899	USP22	chr17	21011151	21015899	chr17:21000000-21050000	23	2.0	0.08695652173913043			"{""2.0"": 0.08695652173913043}"
ok	chr17:50194130|50195976	COL1A1	chr17	50194130	50195976	chr17:50150000-50200000	23	2.0	0.13043478260869565			"{""2.0"": 0.13043478260869565}"
ok	chr17:66513336|66514466	PRKCA	chr17	66513336	66514466	chr17:66500000-66550000	23	2.0	0.43478260869565216			"{""2.0"": 0.43478260869565216}"
ok	chr17:80339629|80339845	RNF213	chr17	80339629	80339845	chr17:80300000-80350000	23	2.0	0.08695652173913043			"{""2.0"": 0.08695652173913043}"
ok	chr17:81869585|81869834	ARHGDIA	chr17	81869585	81869834	chr17:81850000-81900000	23	2.0	0.043478260869565216			"{""2.0"": 0.043478260869565216}"
ok	chr9:95923260|95956013	ERCC6L2	chr9	95923260	95956013	chr9:95900000-95950000	23	2.0	0.17391304347826086			"{""2.0"": 0.17391304347826086}"
ok	chr9:111386377|111391824	ECPAS	chr9	111386377	111391824	chr9:111350000-111400000	23	2.0	0.043478260869565216			"{""2.0"": 0.043478260869565216}"
ok	chr9:115090690|115091029	DELEC1	chr9	115090690	115091029	chr9:115050000-115100000	23	2.0	0.043478260869565216			"{""2.0"": 0.043478260869565216}"
ok	chr9:137716626|137752408	EHMT1	chr9	137716626	137752408	chr9:137700000-137750000	23	1.6521739130434783	0.13043478260869565	0.15569978883230468	0.47806803198115067	"{""1.0"": 0.0, ""2.0"": 0.2}"
ok	chr7:24717254|24749793	GSDME	chr7	24717254	24749793	chr7:24700000-24750000	23	2.0	0.043478260869565216			"{""2.0"": 0.043478260869565216}"
ok	chr7:74689124|74699095	GTF2I	chr7	74689124	74699095	chr7:74650000-74700000	23	1.9130434782608696	0.043478260869565216	0.06579516949597694	0.7654978135179871	"{""1.0"": 0.0, ""2.0"": 0.047619047619047616}"
ok	chr7:127373342|127377329	ZNF800	chr7	127373342	127377329	chr7:127350000-127400000	23	2.0	0.30434782608695654			"{""2.0"": 0.30434782608695654}"
ok	chr7:131669730|131749161	ENSG00000236395	chr7	131669730	131749161	chr7:131700000-131750000	23	2.0	0.08695652173913043			"{""2.0"": 0.08695652173913043}"
ok	chr7:148783783|148792818	CUL1	chr7	148783783	148792818	chr7:148750000-148800000	23	2.0	0.21739130434782608			"{""2.0"": 0.21739130434782608}"
ok	chrX:129810905|129811509	ZDHHC9	chrX	129810905	129811509	chrX:129800000-129850000	23	2.0	0.043478260869565216			"{""2.0"": 0.043478260869565216}"
ok	chrX:154360051|154360263	FLNA	chrX	154360051	154360263	chrX:154350000-154400000	23	1.9565217391304348	0.08695652173913043	0.04545454545454544	0.8368364960931192	"{""1.0"": 0.0, ""2.0"": 0.09090909090909091}"
ok	chr8:11844525|11844938	CTSB	chr8	11844525	11844938	chr8:11800000-11850000	23	2.0	0.08695652173913043			"{""2.0"": 0.08695652173913043}"
ok	chr8:28155942|28162078	ELP3	chr8	28155942	28162078	chr8:28150000-28200000	23	2.0	0.13043478260869565			"{""2.0"": 0.13043478260869565}"
ok	chr8:130358017|130361771	ASAP1	chr8	130358017	130361771	chr8:130350000-130400000	23	2.0	0.2608695652173913			"{""2.0"": 0.2608695652173913}"
ok	chr8:140818277|140864399	ENSG00000279786;PTK2	chr8	140818277	140864399	chr8:140800000-140850000	23	2.0	0.13043478260869565			"{""2.0"": 0.13043478260869565}"
ok	chr8:141136509|141141324	DENND3	chr8	141136509	141141324	chr8:141100000-141150000	23	2.0	0.043478260869565216			"{""2.0"": 0.043478260869565216}"
ok	chr5:138191474|138202155	CDC23	chr5	138191474	138202155	chr5:138150000-138200000	23	2.0	0.043478260869565216			"{""2.0"": 0.043478260869565216}"
ok	chr5:170878097|170924550	ENSG00000253966;RANBP17	chr5	170878097	170924550	chr5:170900000-170950000	23	2.0	0.34782608695652173			"{""2.0"": 0.34782608695652173}"
ok	chr5:171183199|171205612	RANBP17	chr5	171183199	171205612	chr5:171150000-171200000	23	2.0	0.13043478260869565			"{""2.0"": 0.13043478260869565}"
ok	chr6:154773989|154795139	SCAF8	chr6	154773989	154795139	chr6:154750000-154800000	23	2.0	0.21739130434782608			"{""2.0"": 0.21739130434782608}"
ok	chr21:29305204|29329693	BACH1	chr21	29305204	29329693	chr21:29300000-29350000	23	2.0	0.17391304347826086			"{""2.0"": 0.17391304347826086}"
ok	chr21:41921972|41953433	C2CD2	chr21	41921972	41953433	chr21:41900000-41950000	23	2.0	0.08695652173913043			"{""2.0"": 0.08695652173913043}"
ok	chr21:45175730|45204736	ADARB1	chr21	45175730	45204736	chr21:45150000-45200000	23	2.0	0.13043478260869565			"{""2.0"": 0.13043478260869565}"
ok	chr10:17229669|17229866	VIM-AS1	chr10	17229669	17229866	chr10:17200000-17250000	23	2.0434782608695654	0.043478260869565216	-0.04545454545454549	0.8368364960931192	"{""2.0"": 0.045454545454545456, ""3.0"": 0.0}"
ok	chr10:32284698|32293737	EPC1	chr10	32284698	32293737	chr10:32250000-32300000	23	2.0	0.043478260869565216			"{""2.0"": 0.043478260869565216}"
ok	chr10:68644698|68647005	TET1	chr10	68644698	68647005	chr10:68600000-68650000	23	1.9565217391304348	0.13043478260869565	0.062123652492193676	0.7782566257277964	"{""1.0"": 0.0, ""2.0"": 0.13636363636363635}"
ok	chr10:91992119|91997751	BTAF1	chr10	91992119	91997751	chr10:91950000-92000000	23	1.9565217391304348	0.043478260869565216	0.04545454545454544	0.8368364960931192	"{""1.0"": 0.0, ""2.0"": 0.045454545454545456}"
ok	chr10:126970702|127043164	DOCK1	chr10	126970702	127043164	chr10:127000000-127050000	23	1.9565217391304348	0.2608695652173913	0.06579516949597694	0.7654978135179871	"{""1.0"": 0.0, ""2.0"": 0.2727272727272727}"
ok	chr3:29587114|29642634	ENSG00000283563;RBMS3	chr3	29587114	29642634	chr3:29600000-29650000	23	1.9130434782608696	0.043478260869565216	0.06579516949597694	0.7654978135179871	"{""1.0"": 0.0, ""2.0"": 0.047619047619047616}"
ok	chr3:38141390|38141675	MYD88	chr3	38141390	38141675	chr3:38100000-38150000	23	1.8695652173913044	0.043478260869565216	0.08257228238447709	0.7079879068817685	"{""1.0"": 0.0, ""2.0"": 0.05}"
ok	chr3:41224021|41227352	CTNNB1	chr3	41224021	41227352	chr3:41200000-41250000	23	1.8695652173913044	0.043478260869565216	0.08257228238447709	0.7079879068817685	"{""1.0"": 0.0, ""2.0"": 0.05}"
ok	chr3:123707754|123708895	MYLK	chr3	123707754	123708895	chr3:123700000-123750000	23	1.9565217391304348	0.13043478260869565	0.019968076595771805	0.9279440947274481	"{""1.0"": 0.0, ""2.0"": 0.16666666666666666, ""3.0"": 0.0}"
ok	chr3:123737430|123752355	MYLK	chr3	123737430	123752355	chr3:123700000-123750000	23	1.9565217391304348	0.043478260869565216	0.019968076595771805	0.9279440947274481	"{""1.0"": 0.0, ""2.0"": 0.05555555555555555, ""3.0"": 0.0}"
ok	chr3:172247533|172251541	FNDC3B	chr3	172247533	172251541	chr3:172200000-172250000	23	1.9565217391304348	0.17391304347826086	0.025609475209928755	0.9076619339240154	"{""1.0"": 0.0, ""2.0"": 0.2222222222222222, ""3.0"": 0.0}"
ok	chr3:179027423|179030999	ZMAT3	chr3	179027423	179030999	chr3:179000000-179050000	23	1.9130434782608696	0.08695652173913043	0.04545454545454547	0.8368364960931192	"{""1.0"": 0.0, ""2.0"": 0.10526315789473684, ""3.0"": 0.0}"
ok	chr3:188406112|188406313	LPP	chr3	188406112	188406313	chr3:188400000-188450000	23	1.9565217391304348	0.08695652173913043	0.019968076595771805	0.9279440947274481	"{""1.0"": 0.0, ""2.0"": 0.1111111111111111, ""3.0"": 0.0}"
ok	chr4:39837856|39869462	PDS5A	chr4	39837856	39869462	chr4:39850000-39900000	23	2.0	0.043478260869565216			"{""2.0"": 0.043478260869565216}"
ok	chr4:55411614|55417985	TMEM165;Y_RNA	chr4	55411614	55417985	chr4:55400000-55450000	23	2.0	0.17391304347826086			"{""2.0"": 0.17391304347826086}"
ok	chr4:118313201|118318556	PRSS12	chr4	118313201	118318556	chr4:118300000-118350000	23	1.9565217391304348	0.043478260869565216	0.04545454545454544	0.8368364960931192	"{""1.0"": 0.0, ""2.0"": 0.045454545454545456}"
ok	chr4:176711499|176729746	VEGFC	chr4	176711499	176729746	chr4:176700000-176750000	23	2.0	0.2608695652173913			"{""2.0"": 0.2608695652173913}"
ok	chr11:3735191|3782145	NUP98	chr11	3735191	3782145	chr11:3750000-3800000	23	2.260869565217391	0.043478260869565216	-0.04545454545454544	0.8368364960931192	"{""2.0"": 0.045454545454545456, ""8.0"": 0.0}"
ok	chr11:62789294|62790059	MIR6748;TMEM179B	chr11	62789294	62790059	chr11:62750000-62800000	23	2.0	0.043478260869565216			"{""2.0"": 0.043478260869565216}"
ok	chr11:93696320|93706897	CEP295	chr11	93696320	93706897	chr11:93700000-93750000	23	2.0	0.043478260869565216			"{""2.0"": 0.043478260869565216}"
ok	chr22:21805850|21807846	MAPK1	chr22	21805850	21807846	chr22:21800000-21850000	23	2.0	0.13043478260869565			"{""2.0"": 0.13043478260869565}"
ok	chr22:41141048|41155113	EP300	chr22	41141048	41155113	chr22:41100000-41150000	23	1.9565217391304348	0.043478260869565216	0.045454545454545456	0.8368364960931192	"{""1.0"": 0.0, ""2.0"": 0.045454545454545456}"
ok	chr22:42618918|42619163	CYB5R3;ENSG00000289517	chr22	42618918	42619163	chr22:42600000-42650000	23	1.8695652173913044	0.043478260869565216	0.08257228238447709	0.7079879068817685	"{""1.0"": 0.0, ""2.0"": 0.05}"
ok	chr22:45793545|45807022	ATXN10	chr22	45793545	45807022	chr22:45800000-45850000	23	2.0	0.13043478260869565			"{""2.0"": 0.13043478260869565}"
ok	chr22:50461796|50462585	SBF1	chr22	50461796	50462585	chr22:50450000-50500000	23	1.9565217391304348	0.043478260869565216	0.045454545454545456	0.8368364960931192	"{""1.0"": 0.0, ""2.0"": 0.045454545454545456}"
ok	chr1:21050866|21111383	EIF4G3;ENSG00000236073	chr1	21050866	21111383	chr1:21050000-21100000	23	2.0	0.21739130434782608			"{""2.0"": 0.21739130434782608}"
ok	chr1:42757886|42759327	P3H1	chr1	42757886	42759327	chr1:42750000-42800000	23	2.0	0.08695652173913043			"{""2.0"": 0.08695652173913043}"
ok	chr1:197539964|197583253	DENND1B	chr1	197539964	197583253	chr1:197550000-197600000	23	2.0	0.043478260869565216			"{""2.0"": 0.043478260869565216}"
ok	chr1:197583152|197595333	DENND1B	chr1	197583152	197595333	chr1:197550000-197600000	23	2.0	0.043478260869565216			"{""2.0"": 0.043478260869565216}"
ok	chr1:200592080|200603955	KIF14	chr1	200592080	200603955	chr1:200550000-200600000	23	2.0	0.08695652173913043			"{""2.0"": 0.08695652173913043}"
ok	chr1:240177921|240211235	FMN2	chr1	240177921	240211235	chr1:240150000-240200000	23	2.0	0.043478260869565216			"{""2.0"": 0.043478260869565216}"
ok	chr1:247156406|247159813	ZNF124	chr1	247156406	247159813	chr1:247150000-247200000	23	2.0	0.17391304347826086			"{""2.0"": 0.17391304347826086}"
ok	chr1:247159006|247159813	ZNF124	chr1	247159006	247159813	chr1:247150000-247200000	23	2.0	0.043478260869565216			"{""2.0"": 0.043478260869565216}"
ok	chr12:6736450|6736752		chr12	6736450	6736752	chr12:6700000-6750000	23	2.0	0.08695652173913043			"{""2.0"": 0.08695652173913043}"
ok	chr12:8039819|8040165	FOXJ2	chr12	8039819	8040165	chr12:8000000-8050000	23	2.0	0.043478260869565216			"{""2.0"": 0.043478260869565216}"
ok	chr12:46229153|46243314	ENSG00000274591;SLC38A1	chr12	46229153	46243314	chr12:46200000-46250000	23	2.0	0.08695652173913043			"{""2.0"": 0.08695652173913043}"
ok	chr2:31864906|31950717	DPY30;MEMO1	chr2	31864906	31950717	chr2:31900000-31950000	23	2.0	0.17391304347826086			"{""2.0"": 0.17391304347826086}"
ok	chr2:32478635|32493667	BIRC6	chr2	32478635	32493667	chr2:32450000-32500000	23	2.0	0.043478260869565216			"{""2.0"": 0.043478260869565216}"
ok	chr2:61522611|61533903	XPO1	chr2	61522611	61533903	chr2:61500000-61550000	23	2.0	0.08695652173913043			"{""2.0"": 0.08695652173913043}"
ok	chr2:101257791|101265047	CNOT11	chr2	101257791	101265047	chr2:101250000-101300000	23	2.0	0.043478260869565216			"{""2.0"": 0.043478260869565216}"
ok	chr2:215380811|215382286	FN1	chr2	215380811	215382286	chr2:215350000-215400000	23	2.0434782608695654	0.13043478260869565	-0.04545454545454549	0.8368364960931192	"{""2.0"": 0.13636363636363635, ""3.0"": 0.0}"
ok	chr13:41252645|41260915	MTRF1	chr13	41252645	41260915	chr13:41250000-41300000	23	2.0	0.043478260869565216			"{""2.0"": 0.043478260869565216}"
ok	chr13:75727029|75761038	ENSG00000261553;LMO7	chr13	75727029	75761038	chr13:75700000-75750000	23	2.0	0.17391304347826086			"{""2.0"": 0.17391304347826086}"
ok	chr20:25314925|25323430	ABHD12	chr20	25314925	25323430	chr20:25300000-25350000	23	2.0	0.08695652173913043			"{""2.0"": 0.08695652173913043}"
ok	chr20:51725819|51729978	ATP9A	chr20	51725819	51729978	chr20:51700000-51750000	23	2.0	0.13043478260869565			"{""2.0"": 0.13043478260869565}"
ok	chr18:9931810|9950568	VAPA	chr18	9931810	9950568	chr18:9900000-9950000	23	2.0	0.21739130434782608			"{""2.0"": 0.21739130434782608}"
ok	chr18:45915511|45917819	EPG5	chr18	45915511	45917819	chr18:45900000-45950000	23	2.0	0.13043478260869565			"{""2.0"": 0.13043478260869565}"
ok	chr19:37566031|37611656	ZNF540;ZNF571-AS1	chr19	37566031	37611656	chr19:37550000-37600000	23	1.9130434782608696	0.043478260869565216	0.06579516949597689	0.7654978135179871	"{""1.0"": 0.0, ""2.0"": 0.047619047619047616}"
ok	chr19:39417555|39419003	PLEKHG2	chr19	39417555	39419003	chr19:39400000-39450000	23	1.9130434782608696	0.043478260869565216	0.06579516949597689	0.7654978135179871	"{""1.0"": 0.0, ""2.0"": 0.047619047619047616}"
ok	chr14:54702062|54702580	SAMD4A	chr14	54702062	54702580	chr14:54700000-54750000	23	1.9565217391304348	0.043478260869565216	0.04545454545454544	0.8368364960931192	"{""1.0"": 0.0, ""2.0"": 0.045454545454545456}"
ok	chr14:68910015|68921125	ACTN1	chr14	68910015	68921125	chr14:68900000-68950000	23	1.9565217391304348	0.043478260869565216	0.04545454545454544	0.8368364960931192	"{""1.0"": 0.0, ""2.0"": 0.045454545454545456}"
ok	chr14:70962226|71013202	PCNX1	chr14	70962226	71013202	chr14:70950000-71000000	23	1.9565217391304348	0.043478260869565216	0.04545454545454544	0.8368364960931192	"{""1.0"": 0.0, ""2.0"": 0.045454545454545456}"
ok	chr14:73147795|73148106	PSEN1	chr14	73147795	73148106	chr14:73100000-73150000	23	1.9565217391304348	0.17391304347826086	0.0582964037329089	0.7916157878319775	"{""1.0"": 0.0, ""2.0"": 0.18181818181818182}"
ok	chr14:74506698|74507310	LTBP2	chr14	74506698	74507310	chr14:74500000-74550000	23	1.9130434782608696	0.08695652173913043	0.06579516949597694	0.7654978135179871	"{""1.0"": 0.0, ""2.0"": 0.09523809523809523}"
ok	chr14:99458279|99465813	SETD3	chr14	99458279	99465813	chr14:99450000-99500000	23	1.9565217391304348	0.043478260869565216	0.04545454545454544	0.8368364960931192	"{""1.0"": 0.0, ""2.0"": 0.045454545454545456}"
ok	chr14:100913432|100958343	MEG8;MIR493HG;SNORD113-5;SNORD113-7;SNORD114-2	chr14	100913432	100958343	chr14:100900000-100950000	23	1.9565217391304348	0.08695652173913043	0.04545454545454544	0.8368364960931192	"{""1.0"": 0.0, ""2.0"": 0.09090909090909091}"
ok	chr14:100937403|100988790	ENSG00000201036;MEG8;MIR493HG;SNORD113-5;SNORD114-2	chr14	100937403	100988790	chr14:100950000-101000000	23	1.9565217391304348	0.043478260869565216	0.04545454545454544	0.8368364960931192	"{""1.0"": 0.0, ""2.0"": 0.045454545454545456}"
ok	chr14:100968648|100972346	MEG8;SNORD114-12;SNORD114-13;SNORD114-14	chr14	100968648	100972346	chr14:100950000-101000000	23	1.9565217391304348	0.08695652173913043	0.04545454545454544	0.8368364960931192	"{""1.0"": 0.0, ""2.0"": 0.09090909090909091}"
ok	chr15:67664597|67703408	MAP2K5	chr15	67664597	67703408	chr15:67650000-67700000	23	2.0	0.13043478260869565			"{""2.0"": 0.13043478260869565}"
ok	chr15:75913203|75917394	FBXO22	chr15	75913203	75917394	chr15:75900000-75950000	23	2.0	0.043478260869565216			"{""2.0"": 0.043478260869565216}"
ok	chr17:5480054|5481173	DERL2	chr17	5480054	5481173	chr17:5450000-5500000	23	2.0	0.043478260869565216			"{""2.0"": 0.043478260869565216}"
ok	chr17:7196757|7203047	DLG4	chr17	7196757	7203047	chr17:7150000-7200000	23	2.0	0.043478260869565216			"{""2.0"": 0.043478260869565216}"
ok	chr17:44154553|44155411	HROB	chr17	44154553	44155411	chr17:44150000-44200000	23	1.9565217391304348	0.043478260869565216	0.045454545454545456	0.8368364960931192	"{""1.0"": 0.0, ""2.0"": 0.045454545454545456}"
ok	chr9:162432|172172	ZNG1A	chr9	162432	172172	chr9:150000-200000	23	2.0	0.08695652173913043			"{""2.0"": 0.08695652173913043}"
ok	chr9:4833154|4860901	MIR101-2;RCL1	chr9	4833154	4860901	chr9:4800000-4850000	23	2.0	0.08695652173913043			"{""2.0"": 0.08695652173913043}"
ok	chr9:34398422|34398718	FAM219A	chr9	34398422	34398718	chr9:34350000-34400000	23	2.0	0.043478260869565216			"{""2.0"": 0.043478260869565216}"
ok	chr9:110429143|110472323	SVEP1	chr9	110429143	110472323	chr9:110450000-110500000	23	2.0	0.08695652173913043			"{""2.0"": 0.08695652173913043}"
ok	chr7:29926452|29936721	SCRN1	chr7	29926452	29936721	chr7:29900000-29950000	23	2.0	0.043478260869565216			"{""2.0"": 0.043478260869565216}"
ok	chr7:77607235|77632425	PTPN12	chr7	77607235	77632425	chr7:77600000-77650000	23	2.0	0.17391304347826086			"{""2.0"": 0.17391304347826086}"
ok	chr7:94427795|94428477	COL1A2	chr7	94427795	94428477	chr7:94400000-94450000	23	2.0	0.21739130434782608			"{""2.0"": 0.21739130434782608}"
ok	chr7:137597847|137762855	DGKI	chr7	137597847	137762855	chr7:137650000-137700000	23	2.0	0.08695652173913043			"{""2.0"": 0.08695652173913043}"
ok	chr7:156826605|156834575	LMBR1	chr7	156826605	156834575	chr7:156800000-156850000	23	2.0	0.2608695652173913			"{""2.0"": 0.2608695652173913}"
ok	chr8:99031821|99121445	ENSG00000253532;VPS13B	chr8	99031821	99121445	chr8:99050000-99100000	23	2.0	0.043478260869565216			"{""2.0"": 0.043478260869565216}"
ok	chr8:134600436|134610655	ZFAT	chr8	134600436	134610655	chr8:134600000-134650000	23	2.0	0.043478260869565216			"{""2.0"": 0.043478260869565216}"
ok	chrX:10469697|10567603	ENSG00000291314;MID1	chrX	10469697	10567603	chrX:10500000-10550000	23	1.9130434782608696	0.08695652173913043	-0.6908492797077579	0.0002626421229404894	"{""1.0"": 1.0, ""2.0"": 0.0}"
ok	chr5:9379823|9437852	SEMA5A	chr5	9379823	9437852	chr5:9400000-9450000	23	2.0	0.043478260869565216			"{""2.0"": 0.043478260869565216}"
ok	chr5:84060300|84066606	EDIL3	chr5	84060300	84066606	chr5:84050000-84100000	23	2.0	0.043478260869565216			"{""2.0"": 0.043478260869565216}"
ok	chr5:123545417|123557564	CSNK1G3	chr5	123545417	123557564	chr5:123550000-123600000	23	2.0	0.08695652173913043			"{""2.0"": 0.08695652173913043}"
ok	chr5:124701134|124744412	ENSG00000251456;ZNF608	chr5	124701134	124744412	chr5:124700000-124750000	23	1.9565217391304348	0.043478260869565216	0.04545454545454544	0.8368364960931192	"{""1.0"": 0.0, ""2.0"": 0.045454545454545456}"
ok	chr5:149230649|149247929	ABLIM3	chr5	149230649	149247929	chr5:149200000-149250000	23	2.0	0.043478260869565216			"{""2.0"": 0.043478260869565216}"
ok	chr5:178207143|178207444	HNRNPAB	chr5	178207143	178207444	chr5:178200000-178250000	23	2.0	0.043478260869565216			"{""2.0"": 0.043478260869565216}"
ok	chr5:181239545|181241606	RACK1	chr5	181239545	181241606	chr5:181200000-181250000	23	0.0	0.043478260869565216			"{""0.0"": 0.043478260869565216}"
ok	chr6:10702369|10702639	PAK1IP1	chr6	10702369	10702639	chr6:10700000-10750000	23	2.0	0.043478260869565216			"{""2.0"": 0.043478260869565216}"
ok	chr6:35227580|35233301	SCUBE3	chr6	35227580	35233301	chr6:35200000-35250000	23	2.0	0.043478260869565216			"{""2.0"": 0.043478260869565216}"
ok	chr6:36369129|36369296	ETV7	chr6	36369129	36369296	chr6:36350000-36400000	23	2.0	0.043478260869565216			"{""2.0"": 0.043478260869565216}"
ok	chr6:42573734|42594304	UBR2	chr6	42573734	42594304	chr6:42550000-42600000	23	1.9565217391304348	0.13043478260869565	0.045454545454545456	0.8368364960931192	"{""1.0"": 0.0, ""2.0"": 0.13636363636363635}"
ok	chr6:49447670|49456237	MMUT	chr6	49447670	49456237	chr6:49450000-49500000	23	2.0	0.043478260869565216			"{""2.0"": 0.043478260869565216}"
ok	chr6:73479732|73492352	MTO1	chr6	73479732	73492352	chr6:73450000-73500000	23	2.0	0.043478260869565216			"{""2.0"": 0.043478260869565216}"
ok	chr6:100715462|100805880	ASCC3	chr6	100715462	100805880	chr6:100750000-100800000	23	2.0	0.043478260869565216			"{""2.0"": 0.043478260869565216}"
ok	chr6:136622848|136637406	MAP3K5	chr6	136622848	136637406	chr6:136600000-136650000	23	2.0	0.043478260869565216			"{""2.0"": 0.043478260869565216}"
ok	chr6:150955995|150965037	MTHFD1L	chr6	150955995	150965037	chr6:150950000-151000000	23	2.0	0.08695652173913043			"{""2.0"": 0.08695652173913043}"
ok	chr6:157896827|157910025	SNX9	chr6	157896827	157910025	chr6:157900000-157950000	23	2.0	0.08695652173913043			"{""2.0"": 0.08695652173913043}"
ok	chr10:863743|885760	LARP4B	chr10	863743	885760	chr10:850000-900000	23	2.0	0.17391304347826086			"{""2.0"": 0.17391304347826086}"
ok	chr10:17229783|17233931	VIM	chr10	17229783	17233931	chr10:17200000-17250000	23	2.0434782608695654	0.17391304347826086	-0.04545454545454549	0.8368364960931192	"{""2.0"": 0.18181818181818182, ""3.0"": 0.0}"
ok	chr10:67932597|67940985	HERC4	chr10	67932597	67940985	chr10:67900000-67950000	23	1.9565217391304348	0.043478260869565216	0.04545454545454544	0.8368364960931192	"{""1.0"": 0.0, ""2.0"": 0.045454545454545456}"
ok	chr10:93396142|93402890	MYOF	chr10	93396142	93402890	chr10:93350000-93400000	23	1.9130434782608696	0.043478260869565216	0.06579516949597694	0.7654978135179871	"{""1.0"": 0.0, ""2.0"": 0.047619047619047616}"
ok	chr10:124681607|124682379	ENSG00000258539;FAM53B	chr10	124681607	124682379	chr10:124650000-124700000	23	1.9565217391304348	0.08695652173913043	0.04545454545454544	0.8368364960931192	"{""1.0"": 0.0, ""2.0"": 0.09090909090909091}"
ok	chr3:14443624|14447816	SLC6A6	chr3	14443624	14447816	chr3:14400000-14450000	23	1.826086956521739	0.08695652173913043	0.0978231976089037	0.6570073287387147	"{""1.0"": 0.0, ""2.0"": 0.10526315789473684}"
ok	chr3:43549720|43565727	ANO10	chr3	43549720	43565727	chr3:43550000-43600000	23	1.9130434782608696	0.08695652173913043	0.06579516949597694	0.7654978135179871	"{""1.0"": 0.0, ""2.0"": 0.09523809523809523}"
ok	chr3:47425485|47428670	SCAP	chr3	47425485	47428670	chr3:47400000-47450000	23	1.9130434782608696	0.043478260869565216	0.06579516949597694	0.7654978135179871	"{""1.0"": 0.0, ""2.0"": 0.047619047619047616}"
ok	chr3:71041328|71053773	ENSG00000285708;FOXP1	chr3	71041328	71053773	chr3:71000000-71050000	23	1.9130434782608696	0.391304347826087	0.13122266479195588	0.5506296842569475	"{""1.0"": 0.0, ""2.0"": 0.42857142857142855}"
ok	chr3:197830770|197866219	LRCH3	chr3	197830770	197866219	chr3:197800000-197850000	23	1.7391304347826086	0.08695652173913043	-0.10956262252231938	0.6187347642114602	"{""0.0"": 0.0, ""1.0"": 0.16666666666666666, ""2.0"": 0.07142857142857142, ""3.0"": 0.0}"
ok	chr21:41237513|41257326	BACE2	chr21	41237513	41257326	chr21:41200000-41250000	23	2.0	0.08695652173913043			"{""2.0"": 0.08695652173913043}"
ok	chr11:20392897|20402984	PRMT3	chr11	20392897	20402984	chr11:20350000-20400000	23	2.260869565217391	0.043478260869565216	-0.04545454545454544	0.8368364960931192	"{""2.0"": 0.045454545454545456, ""8.0"": 0.0}"
ok	chr11:46677472|46677736	ARHGAP1	chr11	46677472	46677736	chr11:46650000-46700000	23	2.260869565217391	0.08695652173913043	-0.04545454545454544	0.8368364960931192	"{""2.0"": 0.09090909090909091, ""8.0"": 0.0}"
ok	chr11:59593604|59610589	MIR3162;OSBP	chr11	59593604	59610589	chr11:59600000-59650000	23	2.0434782608695654	0.043478260869565216	-0.04545454545454549	0.8368364960931192	"{""2.0"": 0.045454545454545456, ""3.0"": 0.0}"
ok	chr11:85981129|86031611	PICALM	chr11	85981129	86031611	chr11:86000000-86050000	23	2.0	0.08695652173913043			"{""2.0"": 0.08695652173913043}"
ok	chr22:38494630|38501280	DDX17	chr22	38494630	38501280	chr22:38450000-38500000	23	1.9565217391304348	0.08695652173913043	0.045454545454545456	0.8368364960931192	"{""1.0"": 0.0, ""2.0"": 0.09090909090909091}"
ok	chr22:40844839|40848369	ST13	chr22	40844839	40848369	chr22:40800000-40850000	23	1.9565217391304348	0.043478260869565216	0.045454545454545456	0.8368364960931192	"{""1.0"": 0.0, ""2.0"": 0.045454545454545456}"
ok	chr4:5663107|5665649	EVC2	chr4	5663107	5665649	chr4:5650000-5700000	23	2.0	0.30434782608695654	-0.59132238428979	0.0029620438814725513	"{""1.0"": 3.0, ""2.0"": 0.19047619047619047, ""3.0"": 0.0}"
ok	chr4:76134175|76144473	NUP54	chr4	76134175	76144473	chr4:76100000-76150000	23	2.0	0.043478260869565216			"{""2.0"": 0.043478260869565216}"
ok	chr4:77773081|77776392	CNOT6L	chr4	77773081	77776392	chr4:77750000-77800000	23	2.0	0.043478260869565216			"{""2.0"": 0.043478260869565216}"
ok	chr4:80274909|80301716	FGF5	chr4	80274909	80301716	chr4:80250000-80300000	23	2.0	0.043478260869565216			"{""2.0"": 0.043478260869565216}"
ok	chr4:120816453|120853540	PRDM5	chr4	120816453	120853540	chr4:120800000-120850000	23	2.0	0.043478260869565216			"{""2.0"": 0.043478260869565216}"
ok	chr4:153270338|153276130	ENSG00000288637;TRIM2	chr4	153270338	153276130	chr4:153250000-153300000	23	1.9565217391304348	0.08695652173913043	0.04545454545454544	0.8368364960931192	"{""1.0"": 0.0, ""2.0"": 0.09090909090909091}"
ok	chr4:159186642|159210583	RAPGEF2	chr4	159186642	159210583	chr4:159150000-159200000	23	2.0	0.13043478260869565			"{""2.0"": 0.13043478260869565}"
ok	chr12:350621|354234	KDM5A	chr12	350621	354234	chr12:350000-400000	23	2.0	0.043478260869565216			"{""2.0"": 0.043478260869565216}"
ok	chr12:6462380|6465897	TAPBPL	chr12	6462380	6465897	chr12:6450000-6500000	23	2.0	0.043478260869565216			"{""2.0"": 0.043478260869565216}"
ok	chr12:56638204|56639187	ATP5F1B	chr12	56638204	56639187	chr12:56600000-56650000	23	2.0	0.043478260869565216			"{""2.0"": 0.043478260869565216}"
ok	chr12:112043088|112061218	NAA25	chr12	112043088	112061218	chr12:112050000-112100000	23	2.0	0.043478260869565216			"{""2.0"": 0.043478260869565216}"
ok	chr1:1637762|1704655	CDK11A;CDK11B;ENSG00000268575;SLC35E2B	chr1	1637762	1704655	chr1:1650000-1700000	23	2.0434782608695654	0.21739130434782608	-0.025854384499750964	0.9067825996615458	"{""1.0"": 0.0, ""2.0"": 0.25, ""3.0"": 0.0}"
ok	chr1:8465925|8557523	ENSG00000221083;RERE	chr1	8465925	8557523	chr1:8500000-8550000	23	2.0	0.08695652173913043			"{""2.0"": 0.08695652173913043}"
ok	chr1:19268572|19304386	AKR7A2;AKR7A3;AKR7L	chr1	19268572	19304386	chr1:19250000-19300000	23	2.0	0.043478260869565216			"{""2.0"": 0.043478260869565216}"
ok	chr1:77801331|77807101	MIGA1	chr1	77801331	77807101	chr1:77800000-77850000	23	2.0	0.043478260869565216	0.0	1.0	"{""1.0"": 0.0, ""2.0"": 0.047619047619047616, ""3.0"": 0.0}"
ok	chr1:149964222|149965878	OTUD7B	chr1	149964222	149965878	chr1:149950000-150000000	23	2.0	0.043478260869565216			"{""2.0"": 0.043478260869565216}"
ok	chr1:155900316|155904804	RIT1	chr1	155900316	155904804	chr1:155900000-155950000	23	1.826086956521739	0.043478260869565216	0.0978231976089037	0.6570073287387147	"{""1.0"": 0.0, ""2.0"": 0.05263157894736842}"
ok	chr1:197583152|197658369	DENND1B	chr1	197583152	197658369	chr1:197600000-197650000	23	2.0	0.13043478260869565			"{""2.0"": 0.13043478260869565}"
ok	chr1:205711744|205729593	NUCKS1	chr1	205711744	205729593	chr1:205700000-205750000	23	2.0	0.043478260869565216			"{""2.0"": 0.043478260869565216}"
ok	chr1:208210280|208218002	PLXNA2	chr1	208210280	208218002	chr1:208200000-208250000	23	2.0	0.043478260869565216			"{""2.0"": 0.043478260869565216}"
ok	chr1:236590847|236596976	HEATR1	chr1	236590847	236596976	chr1:236550000-236600000	23	2.0	0.08695652173913043			"{""2.0"": 0.08695652173913043}"
ok	chr1:246627356|246631924	CNST	chr1	246627356	246631924	chr1:246600000-246650000	23	2.0	0.08695652173913043			"{""2.0"": 0.08695652173913043}"
ok	chr1:247155566|247159813	ZNF124	chr1	247155566	247159813	chr1:247150000-247200000	23	2.0	0.043478260869565216			"{""2.0"": 0.043478260869565216}"
ok	chr13:20064451|20083776	ZMYM2	chr13	20064451	20083776	chr13:20050000-20100000	23	2.0	0.043478260869565216			"{""2.0"": 0.043478260869565216}"
ok	chr13:32753332|32760720	PDS5B	chr13	32753332	32760720	chr13:32750000-32800000	23	2.0	0.08695652173913043			"{""2.0"": 0.08695652173913043}"
ok	chr13:114250549|114257230	CDC16	chr13	114250549	114257230	chr13:114250000-114300000	23	1.9565217391304348	0.13043478260869565	0.04545454545454544	0.8368364960931192	"{""1.0"": 0.0, ""2.0"": 0.13636363636363635}"
ok	chr2:40428473|40430304	SLC8A1	chr2	40428473	40430304	chr2:40400000-40450000	23	2.0	0.17391304347826086			"{""2.0"": 0.17391304347826086}"
ok	chr2:96304797|96305504	SNRNP200	chr2	96304797	96305504	chr2:96300000-96350000	23	1.8695652173913044	0.043478260869565216	0.08257228238447709	0.7079879068817685	"{""1.0"": 0.0, ""2.0"": 0.05}"
ok	chr2:105386361|105386540	FHL2	chr2	105386361	105386540	chr2:105350000-105400000	23	2.0	0.13043478260869565			"{""2.0"": 0.13043478260869565}"
ok	chr2:152669137|152673042	PRPF40A	chr2	152669137	152673042	chr2:152650000-152700000	23	2.0434782608695654	0.08695652173913043	-0.04545454545454549	0.8368364960931192	"{""2.0"": 0.09090909090909091, ""3.0"": 0.0}"
ok	chr2:152672582|152676602	PRPF40A	chr2	152672582	152676602	chr2:152650000-152700000	23	2.0434782608695654	0.2608695652173913	-0.045454545454545484	0.8368364960931192	"{""2.0"": 0.2727272727272727, ""3.0"": 0.0}"
ok	chr2:215375238|215378196	FN1	chr2	215375238	215378196	chr2:215350000-215400000	23	2.0434782608695654	0.043478260869565216	-0.04545454545454549	0.8368364960931192	"{""2.0"": 0.045454545454545456, ""3.0"": 0.0}"
ok	chr2:215397174|215399313	FN1	chr2	215397174	215399313	chr2:215350000-215400000	23	2.0434782608695654	0.043478260869565216	-0.04545454545454549	0.8368364960931192	"{""2.0"": 0.045454545454545456, ""3.0"": 0.0}"
ok	chr2:215425108|215428289	FN1	chr2	215425108	215428289	chr2:215400000-215450000	23	2.0434782608695654	0.043478260869565216	-0.04545454545454549	0.8368364960931192	"{""2.0"": 0.045454545454545456, ""3.0"": 0.0}"
ok	chr2:215434723|215435897	FN1	chr2	215434723	215435897	chr2:215400000-215450000	23	2.0434782608695654	0.043478260869565216	-0.04545454545454549	0.8368364960931192	"{""2.0"": 0.045454545454545456, ""3.0"": 0.0}"
ok	chr2:241581012|241606473	THAP4	chr2	241581012	241606473	chr2:241550000-241600000	23	2.0434782608695654	0.043478260869565216	-0.04545454545454549	0.8368364960931192	"{""2.0"": 0.045454545454545456, ""3.0"": 0.0}"
ok	chr20:32702920|32706620	COMMD7;ENSG00000285382	chr20	32702920	32706620	chr20:32700000-32750000	23	1.9565217391304348	0.08695652173913043	0.04545454545454544	0.8368364960931192	"{""1.0"": 0.0, ""2.0"": 0.09090909090909091}"
ok	chr20:35653528|35658982	CPNE1;ENSG00000272897;RBM12	chr20	35653528	35658982	chr20:35650000-35700000	23	2.0	0.043478260869565216			"{""2.0"": 0.043478260869565216}"
ok	chr20:35738968|35740887	RBM39	chr20	35738968	35740887	chr20:35700000-35750000	23	2.0	0.043478260869565216			"{""2.0"": 0.043478260869565216}"
ok	chr18:46890580|46906315	PIAS2	chr18	46890580	46906315	chr18:46850000-46900000	23	2.0	0.043478260869565216			"{""2.0"": 0.043478260869565216}"
ok	chr19:10994834|10996275	SMARCA4	chr19	10994834	10996275	chr19:10950000-11000000	23	2.0	0.043478260869565216			"{""2.0"": 0.043478260869565216}"
ok	chr19:13599753|13600056	CACNA1A	chr19	13599753	13600056	chr19:13550000-13600000	23	2.0	0.043478260869565216			"{""2.0"": 0.043478260869565216}"
ok	chr19:45626705|45630046	EML2	chr19	45626705	45630046	chr19:45600000-45650000	23	1.8695652173913044	0.17391304347826086	0.10590067644273118	0.6305767680724432	"{""1.0"": 0.0, ""2.0"": 0.2}"
ok	chr14:52053792|52054107	NID2	chr14	52053792	52054107	chr14:52050000-52100000	23	2.0	0.043478260869565216			"{""2.0"": 0.043478260869565216}"
ok	chr14:79697630|79805199	NRXN3	chr14	79697630	79805199	chr14:79750000-79800000	23	1.9565217391304348	0.08695652173913043	0.04545454545454544	0.8368364960931192	"{""1.0"": 0.0, ""2.0"": 0.09090909090909091}"
ok	chr14:91481576|91485730	PPP4R3A	chr14	91481576	91485730	chr14:91450000-91500000	23	1.9565217391304348	0.043478260869565216	0.025854384499750978	0.9067825996615458	"{""1.0"": 0.0, ""2.0"": 0.05, ""3.0"": 0.0}"
ok	chr14:101986608|101986763	DYNC1H1	chr14	101986608	101986763	chr14:101950000-102000000	23	1.9565217391304348	0.043478260869565216	0.04545454545454544	0.8368364960931192	"{""1.0"": 0.0, ""2.0"": 0.045454545454545456}"
ok	chr15:41668828|41669958	MGA	chr15	41668828	41669958	chr15:41650000-41700000	23	2.0	0.043478260869565216			"{""2.0"": 0.043478260869565216}"
ok	chr15:63542055|63574403	USP3	chr15	63542055	63574403	chr15:63550000-63600000	23	2.0	0.043478260869565216			"{""2.0"": 0.043478260869565216}"
ok	chr15:80563088|80575011	ARNT2	chr15	80563088	80575011	chr15:80550000-80600000	23	2.0	0.08695652173913043			"{""2.0"": 0.08695652173913043}"
ok	chr16:75648132|75648467	KARS1	chr16	75648132	75648467	chr16:75600000-75650000	23	2.0434782608695654	0.043478260869565216	-0.04545454545454549	0.8368364960931192	"{""2.0"": 0.045454545454545456, ""3.0"": 0.0}"
ok	chr16:84979189|84981994	ZDHHC7	chr16	84979189	84981994	chr16:84950000-85000000	23	1.9565217391304348	0.08695652173913043	0.06579516949597693	0.7654978135179871	"{""1.0"": 0.0, ""2.0"": 0.09090909090909091}"
ok	chr17:40456557|40456925	IGFBP4	chr17	40456557	40456925	chr17:40450000-40500000	23	2.0	0.043478260869565216	0.0	1.0	"{""1.0"": 0.0, ""2.0"": 0.047619047619047616, ""3.0"": 0.0}"
ok	chr17:44083545|44083854	HDAC5	chr17	44083545	44083854	chr17:44050000-44100000	23	1.9565217391304348	0.08695652173913043	0.045454545454545456	0.8368364960931192	"{""1.0"": 0.0, ""2.0"": 0.09090909090909091}"
ok	chr17:50190817|50191490	COL1A1	chr17	50190817	50191490	chr17:50150000-50200000	23	2.0	0.043478260869565216			"{""2.0"": 0.043478260869565216}"
ok	chr17:50195923|50196528	COL1A1	chr17	50195923	50196528	chr17:50150000-50200000	23	2.0	0.043478260869565216			"{""2.0"": 0.043478260869565216}"
ok	chr17:68450728|68452992	WIPI1	chr17	68450728	68452992	chr17:68450000-68500000	23	2.0	0.043478260869565216			"{""2.0"": 0.043478260869565216}"
ok	chr9:88415607|88426591	SPIN1	chr9	88415607	88426591	chr9:88400000-88450000	23	2.0	0.043478260869565216			"{""2.0"": 0.043478260869565216}"
ok	chr9:93471141|93498886	FAM120A	chr9	93471141	93498886	chr9:93450000-93500000	23	2.0	0.08695652173913043			"{""2.0"": 0.08695652173913043}"
ok	chr9:94064734|94095454	PTPDC1	chr9	94064734	94095454	chr9:94050000-94100000	23	2.0	0.043478260869565216			"{""2.0"": 0.043478260869565216}"
ok	chr9:94814375|94814843	AOPEP	chr9	94814375	94814843	chr9:94800000-94850000	23	2.0	0.043478260869565216			"{""2.0"": 0.043478260869565216}"
ok	chr9:112250929|112252788	PTBP3	chr9	112250929	112252788	chr9:112250000-112300000	23	2.0	0.08695652173913043			"{""2.0"": 0.08695652173913043}"
ok	chr9:112252678|112330474	HSPE1P28;PTBP3;RN7SL430P	chr9	112252678	112330474	chr9:112250000-112300000	23	2.0	0.08695652173913043			"{""2.0"": 0.08695652173913043}"
ok	chr9:132927201|132935095	TSC1	chr9	132927201	132935095	chr9:132900000-132950000	23	1.826086956521739	0.08695652173913043	-0.4646601886422926	0.02549182097304459	"{""1.0"": 0.5, ""2.0"": 0.0}"
ok	chr7:5997326|6002636	PMS2	chr7	5997326	6002636	chr7:5950000-6000000	23	1.9130434782608696	0.08695652173913043	0.06579516949597693	0.7654978135179871	"{""1.0"": 0.0, ""2.0"": 0.09523809523809523}"
ok	chr7:33365564|33388144	BBS9;ENSG00000238090	chr7	33365564	33388144	chr7:33350000-33400000	23	1.9565217391304348	0.043478260869565216	0.04545454545454544	0.8368364960931192	"{""1.0"": 0.0, ""2.0"": 0.045454545454545456}"
ok	chr7:94425802|94426483	COL1A2	chr7	94425802	94426483	chr7:94400000-94450000	23	2.0	0.043478260869565216			"{""2.0"": 0.043478260869565216}"
ok	chr7:128845016|128846163	FLNC	chr7	128845016	128846163	chr7:128800000-128850000	23	2.0	0.043478260869565216			"{""2.0"": 0.043478260869565216}"
ok	chr7:128848604|128849410	FLNC	chr7	128848604	128849410	chr7:128800000-128850000	23	2.0	0.043478260869565216			"{""2.0"": 0.043478260869565216}"
ok	chr7:156756393|156826744	LMBR1	chr7	156756393	156826744	chr7:156750000-156800000	23	2.0	0.043478260869565216			"{""2.0"": 0.043478260869565216}"
ok	chr8:22211995|22212135	BMP1	chr8	22211995	22212135	chr8:22200000-22250000	23	2.0	0.043478260869565216			"{""2.0"": 0.043478260869565216}"
ok	chr8:38840224|38843395	TACC1	chr8	38840224	38843395	chr8:38800000-38850000	23	2.0	0.043478260869565216			"{""2.0"": 0.043478260869565216}"
ok	chr8:99575658|99585517	VPS13B	chr8	99575658	99585517	chr8:99550000-99600000	23	2.0	0.08695652173913043			"{""2.0"": 0.08695652173913043}"
ok	chr8:132836540|132844318	PHF20L1	chr8	132836540	132844318	chr8:132800000-132850000	23	2.0	0.08695652173913043			"{""2.0"": 0.08695652173913043}"
ok	chr8:140846260|140879637	PTK2	chr8	140846260	140879637	chr8:140850000-140900000	23	2.0	0.043478260869565216			"{""2.0"": 0.043478260869565216}"
ok	chrX:154360026|154361388	FLNA	chrX	154360026	154361388	chrX:154350000-154400000	23	1.9565217391304348	0.043478260869565216	0.04545454545454544	0.8368364960931192	"{""1.0"": 0.0, ""2.0"": 0.045454545454545456}"
ok	chr5:453399|453872	EXOC3	chr5	453399	453872	chr5:450000-500000	23	1.4782608695652173	0.043478260869565216	-0.2041241452319316	0.35017948127423115	"{""1.0"": 0.08333333333333333, ""2.0"": 0.0}"
ok	chr5:10679460|10679629	DAP	chr5	10679460	10679629	chr5:10650000-10700000	23	1.9565217391304348	0.043478260869565216	0.04545454545454544	0.8368364960931192	"{""1.0"": 0.0, ""2.0"": 0.045454545454545456}"
ok	chr5:14316513|14336727	TRIO	chr5	14316513	14336727	chr5:14300000-14350000	23	2.0	0.13043478260869565			"{""2.0"": 0.13043478260869565}"
ok	chr5:39381454|39389123	DAB2;ENSG00000289699	chr5	39381454	39389123	chr5:39350000-39400000	23	2.0	0.043478260869565216			"{""2.0"": 0.043478260869565216}"
ok	chr5:65260600|65273443	ADAMTS6	chr5	65260600	65273443	chr5:65250000-65300000	23	2.0	0.17391304347826086			"{""2.0"": 0.17391304347826086}"
ok	chr5:77034418|77039719	AGGF1;ENSG00000285000	chr5	77034418	77039719	chr5:77000000-77050000	23	1.9565217391304348	0.043478260869565216	0.04545454545454544	0.8368364960931192	"{""1.0"": 0.0, ""2.0"": 0.045454545454545456}"
ok	chr5:134679602|134697246	SEC24A	chr5	134679602	134697246	chr5:134650000-134700000	23	2.0	0.043478260869565216			"{""2.0"": 0.043478260869565216}"
ok	chr5:138164911|138165887	BRD8	chr5	138164911	138165887	chr5:138150000-138200000	23	2.0	0.08695652173913043			"{""2.0"": 0.08695652173913043}"
ok	chr5:138886212|138925407	CTNNA1	chr5	138886212	138925407	chr5:138900000-138950000	23	2.0	0.043478260869565216			"{""2.0"": 0.043478260869565216}"
ok	chr5:139278327|139279129	MATR3;SNHG4;SNORA74A	chr5	139278327	139279129	chr5:139250000-139300000	23	2.0	0.30434782608695654			"{""2.0"": 0.30434782608695654}"
ok	chr5:149407577|149407950	CARMN	chr5	149407577	149407950	chr5:149400000-149450000	23	2.0	0.043478260869565216			"{""2.0"": 0.043478260869565216}"
ok	chr5:151664087|151669784	SPARC	chr5	151664087	151669784	chr5:151650000-151700000	23	2.0	0.043478260869565216			"{""2.0"": 0.043478260869565216}"
ok	chr5:179708256|179709912	CANX	chr5	179708256	179709912	chr5:179700000-179750000	23	2.0	0.08695652173913043			"{""2.0"": 0.08695652173913043}"
ok	chr6:7181124|7189322	ENSG00000225092;RREB1	chr6	7181124	7189322	chr6:7150000-7200000	23	2.0	0.17391304347826086			"{""2.0"": 0.17391304347826086}"
ok	chr6:36678717|36686007	CDKN1A	chr6	36678717	36686007	chr6:36650000-36700000	23	2.0	0.043478260869565216			"{""2.0"": 0.043478260869565216}"
ok	chr6:43597696|43601091	POLH	chr6	43597696	43601091	chr6:43550000-43600000	23	1.8695652173913044	0.08695652173913043	0.08257228238447706	0.7079879068817685	"{""1.0"": 0.0, ""2.0"": 0.1}"
ok	chr6:56699653|56735289	DST	chr6	56699653	56735289	chr6:56700000-56750000	23	2.0	0.13043478260869565			"{""2.0"": 0.13043478260869565}"
ok	chr6:136583555|136659378	MAP3K5	chr6	136583555	136659378	chr6:136600000-136650000	23	2.0	0.043478260869565216			"{""2.0"": 0.043478260869565216}"
ok	chr6:143765261|143777383	PHACTR2	chr6	143765261	143777383	chr6:143750000-143800000	23	2.0	0.043478260869565216			"{""2.0"": 0.043478260869565216}"
ok	chr10:12209967|12217467	CDC123	chr10	12209967	12217467	chr10:12200000-12250000	23	2.0	0.391304347826087			"{""2.0"": 0.391304347826087}"
ok	chr10:17230660|17233682	VIM	chr10	17230660	17233682	chr10:17200000-17250000	23	2.0434782608695654	0.043478260869565216	-0.04545454545454549	0.8368364960931192	"{""2.0"": 0.045454545454545456, ""3.0"": 0.0}"
ok	chr10:30196825|30205725		chr10	30196825	30205725	chr10:30200000-30250000	23	2.0	0.08695652173913043			"{""2.0"": 0.08695652173913043}"
ok	chr10:35516523|35530243	CCNY	chr10	35516523	35530243	chr10:35500000-35550000	23	1.9565217391304348	0.043478260869565216	0.04545454545454545	0.8368364960931192	"{""1.0"": 0.0, ""2.0"": 0.045454545454545456}"
ok	chr10:43167004|43176032	CSGALNACT2	chr10	43167004	43176032	chr10:43150000-43200000	23	1.9565217391304348	0.043478260869565216	0.04545454545454544	0.8368364960931192	"{""1.0"": 0.0, ""2.0"": 0.045454545454545456}"
ok	chr10:67966683|68014186	HERC4;POU5F1P5;RN7SL220P	chr10	67966683	68014186	chr10:67950000-68000000	23	1.9565217391304348	0.13043478260869565	0.062123652492193676	0.7782566257277964	"{""1.0"": 0.0, ""2.0"": 0.13636363636363635}"
ok	chr10:68014026|68038169	HERC4	chr10	68014026	68038169	chr10:68000000-68050000	23	1.9565217391304348	0.043478260869565216	0.04545454545454544	0.8368364960931192	"{""1.0"": 0.0, ""2.0"": 0.045454545454545456}"
ok	chr10:127439027|127451613	DOCK1	chr10	127439027	127451613	chr10:127400000-127450000	23	1.9565217391304348	0.08695652173913043	0.04545454545454544	0.8368364960931192	"{""1.0"": 0.0, ""2.0"": 0.09090909090909091}"
ok	chr3:49098373|49098932	QARS1	chr3	49098373	49098932	chr3:49050000-49100000	23	1.9130434782608696	0.13043478260869565	0.06579516949597693	0.7654978135179871	"{""1.0"": 0.0, ""2.0"": 0.14285714285714285}"
ok	chr3:49359836|49375508	ENSG00000290318;RHOA;RHOA-IT1	chr3	49359836	49375508	chr3:49350000-49400000	23	1.826086956521739	0.043478260869565216	0.0978231976089037	0.6570073287387147	"{""1.0"": 0.0, ""2.0"": 0.05263157894736842}"
ok	chr3:152414941|152455577	MBNL1;Y_RNA	chr3	152414941	152455577	chr3:152400000-152450000	23	1.9565217391304348	0.08695652173913043	0.019968076595771805	0.9279440947274481	"{""1.0"": 0.0, ""2.0"": 0.1111111111111111, ""3.0"": 0.0}"
ok	chr3:188884619|188884785	LPP	chr3	188884619	188884785	chr3:188850000-188900000	23	1.9565217391304348	0.043478260869565216	0.019968076595771805	0.9279440947274481	"{""1.0"": 0.0, ""2.0"": 0.05555555555555555, ""3.0"": 0.0}"
ok	chr21:44326242|44327037	PFKL	chr21	44326242	44327037	chr21:44300000-44350000	23	2.0	0.043478260869565216			"{""2.0"": 0.043478260869565216}"
ok	chr21:46115872|46116814	COL6A2	chr21	46115872	46116814	chr21:46100000-46150000	23	2.0	0.21739130434782608			"{""2.0"": 0.21739130434782608}"
ok	chr21:46118614|46121618	COL6A2	chr21	46118614	46121618	chr21:46100000-46150000	23	2.0	0.043478260869565216			"{""2.0"": 0.043478260869565216}"
ok	chr21:46132184|46132672	COL6A2	chr21	46132184	46132672	chr21:46100000-46150000	23	2.0	0.08695652173913043			"{""2.0"": 0.08695652173913043}"
ok	chr22:33761371|33856802	LARGE1	chr22	33761371	33856802	chr22:33800000-33850000	23	2.0	0.043478260869565216			"{""2.0"": 0.043478260869565216}"
ok	chr22:37870176|37878171	EIF3L;ENSG00000279738	chr22	37870176	37878171	chr22:37850000-37900000	23	1.9565217391304348	0.043478260869565216	0.045454545454545456	0.8368364960931192	"{""1.0"": 0.0, ""2.0"": 0.045454545454545456}"
ok	chr22:38245935|38248019	TMEM184B	chr22	38245935	38248019	chr22:38200000-38250000	23	1.9565217391304348	0.21739130434782608	0.045454545454545456	0.8368364960931192	"{""1.0"": 0.0, ""2.0"": 0.22727272727272727}"
ok	chr22:39018269|39025349	APOBEC3C;APOBEC3D;ENSG00000284554	chr22	39018269	39025349	chr22:39000000-39050000	23	1.9565217391304348	0.17391304347826086	0.0582964037329089	0.7916157878319775	"{""1.0"": 0.0, ""2.0"": 0.18181818181818182}"
ok	chr22:42627370|42628241	CYB5R3;ENSG00000289517	chr22	42627370	42628241	chr22:42600000-42650000	23	1.8695652173913044	0.043478260869565216	0.08257228238447709	0.7079879068817685	"{""1.0"": 0.0, ""2.0"": 0.05}"
ok	chr22:45689712|45729590	ATXN10	chr22	45689712	45729590	chr22:45700000-45750000	23	2.0	0.08695652173913043			"{""2.0"": 0.08695652173913043}"
ok	chr4:5331220|5331393	STK32B	chr4	5331220	5331393	chr4:5300000-5350000	23	2.0	0.08695652173913043	0.0	1.0	"{""1.0"": 0.0, ""2.0"": 0.09523809523809523, ""3.0"": 0.0}"
ok	chr4:39737420|39777810	RN7SL558P;UBE2K	chr4	39737420	39777810	chr4:39750000-39800000	23	2.0	0.043478260869565216			"{""2.0"": 0.043478260869565216}"
ok	chr4:84860412|84932363	RNU6-469P;WDFY3	chr4	84860412	84932363	chr4:84850000-84900000	23	2.0	0.043478260869565216			"{""2.0"": 0.043478260869565216}"
ok	chr4:109473115|109494686	MIR576;SEC24B	chr4	109473115	109494686	chr4:109450000-109500000	23	2.0434782608695654	0.08695652173913043	-0.04545454545454549	0.8368364960931192	"{""2.0"": 0.09090909090909091, ""3.0"": 0.0}"
ok	chr4:182600924|182653893	TENM3	chr4	182600924	182653893	chr4:182600000-182650000	23	2.0	0.2608695652173913			"{""2.0"": 0.2608695652173913}"
ok	chr4:185247294|185267155	SNX25	chr4	185247294	185267155	chr4:185250000-185300000	23	2.0	0.08695652173913043			"{""2.0"": 0.08695652173913043}"
ok	chr4:186663299|186709845	FAT1	chr4	186663299	186709845	chr4:186650000-186700000	23	2.0	0.08695652173913043			"{""2.0"": 0.08695652173913043}"
ok	chr11:3768581|3768744	NUP98	chr11	3768581	3768744	chr11:3750000-3800000	23	2.260869565217391	0.13043478260869565	-0.04545454545454544	0.8368364960931192	"{""2.0"": 0.13636363636363635, ""8.0"": 0.0}"
ok	chr11:17094261|17097264	PIK3C2A	chr11	17094261	17097264	chr11:17050000-17100000	23	2.260869565217391	0.08695652173913043	-0.04545454545454544	0.8368364960931192	"{""2.0"": 0.09090909090909091, ""8.0"": 0.0}"
ok	chr11:61313862|61314375	DDB1	chr11	61313862	61314375	chr11:61300000-61350000	23	2.0	0.043478260869565216			"{""2.0"": 0.043478260869565216}"
ok	chr11:65505464|65505914	MALAT1	chr11	65505464	65505914	chr11:65500000-65550000	23	2.0	0.043478260869565216			"{""2.0"": 0.043478260869565216}"
ok	chr11:75566665|75566910	SERPINH1	chr11	75566665	75566910	chr11:75550000-75600000	23	2.0	0.043478260869565216			"{""2.0"": 0.043478260869565216}"
ok	chr11:85810552|85810765	SYTL2	chr11	85810552	85810765	chr11:85800000-85850000	23	2.0	0.043478260869565216			"{""2.0"": 0.043478260869565216}"
ok	chr11:107390074|107392895	CWF19L2	chr11	107390074	107392895	chr11:107350000-107400000	23	2.0	0.17391304347826086			"{""2.0"": 0.17391304347826086}"
ok	chr12:68820325|68824651	MDM2	chr12	68820325	68824651	chr12:68800000-68850000	23	2.0	0.08695652173913043			"{""2.0"": 0.08695652173913043}"
ok	chr12:95208843|95211267	FGD6	chr12	95208843	95211267	chr12:95200000-95250000	23	2.0	0.13043478260869565			"{""2.0"": 0.13043478260869565}"
ok	chr12:108701124|108701323	CORO1C	chr12	108701124	108701323	chr12:108700000-108750000	23	2.0	0.13043478260869565			"{""2.0"": 0.13043478260869565}"
ok	chr1:16458892|16459144	NECAP2	chr1	16458892	16459144	chr1:16450000-16500000	23	1.9565217391304348	0.08695652173913043	0.04545454545454544	0.8368364960931192	"{""1.0"": 0.0, ""2.0"": 0.09090909090909091}"
ok	chr1:33294937|33295305	ZNF362	chr1	33294937	33295305	chr1:33250000-33300000	23	1.9565217391304348	0.17391304347826086	0.0582964037329089	0.7916157878319775	"{""1.0"": 0.0, ""2.0"": 0.18181818181818182}"
ok	chr1:39337193|39347073	MACF1	chr1	39337193	39347073	chr1:39300000-39350000	23	2.0	0.13043478260869565			"{""2.0"": 0.13043478260869565}"
ok	chr1:112701388|112701626	RHOC	chr1	112701388	112701626	chr1:112700000-112750000	23	2.0	0.043478260869565216			"{""2.0"": 0.043478260869565216}"
ok	chr1:158095865|158096017	KIRREL1	chr1	158095865	158096017	chr1:158050000-158100000	23	2.0	0.043478260869565216			"{""2.0"": 0.043478260869565216}"
ok	chr1:160213745|160213984	PEA15	chr1	160213745	160213984	chr1:160200000-160250000	23	2.0	0.17391304347826086			"{""2.0"": 0.17391304347826086}"
ok	chr1:172551512|172557794	SUCO	chr1	172551512	172557794	chr1:172550000-172600000	23	2.0	0.043478260869565216			"{""2.0"": 0.043478260869565216}"
ok	chr1:179347600|179350431	SOAT1	chr1	179347600	179350431	chr1:179300000-179350000	23	2.0	0.08695652173913043			"{""2.0"": 0.08695652173913043}"
ok	chr1:200559330|200618467	KIF14	chr1	200559330	200618467	chr1:200550000-200600000	23	2.0	0.043478260869565216			"{""2.0"": 0.043478260869565216}"
ok	chr1:236024070|236038253	NID1	chr1	236024070	236038253	chr1:236000000-236050000	23	1.9565217391304348	0.17391304347826086	0.05829640373290891	0.7916157878319767	"{""1.0"": 0.0, ""2.0"": 0.18181818181818182}"
ok	chr2:9585127|9587477	YWHAQ	chr2	9585127	9587477	chr2:9550000-9600000	23	1.9565217391304348	0.043478260869565216	0.04545454545454544	0.8368364960931192	"{""1.0"": 0.0, ""2.0"": 0.045454545454545456}"
ok	chr2:30459552|30568176	LCLAT1	chr2	30459552	30568176	chr2:30500000-30550000	23	2.0	0.043478260869565216			"{""2.0"": 0.043478260869565216}"
ok	chr2:46385784|46386199	EPAS1	chr2	46385784	46386199	chr2:46350000-46400000	23	2.0	0.043478260869565216			"{""2.0"": 0.043478260869565216}"
ok	chr2:113890089|113890323	ACTR3	chr2	113890089	113890323	chr2:113850000-113900000	23	2.0	0.043478260869565216			"{""2.0"": 0.043478260869565216}"
ok	chr2:120019077|120042110	EPB41L5	chr2	120019077	120042110	chr2:120000000-120050000	23	2.0	0.043478260869565216			"{""2.0"": 0.043478260869565216}"
ok	chr2:120127688|120146289	EPB41L5	chr2	120127688	120146289	chr2:120100000-120150000	23	2.0	0.043478260869565216			"{""2.0"": 0.043478260869565216}"
ok	chr2:168161787|168182090	STK39	chr2	168161787	168182090	chr2:168150000-168200000	23	2.0434782608695654	0.08695652173913043	-0.04545454545454549	0.8368364960931192	"{""2.0"": 0.09090909090909091, ""3.0"": 0.0}"
ok	chr2:169840320|169840524	UBR3	chr2	169840320	169840524	chr2:169800000-169850000	23	2.0434782608695654	0.043478260869565216	-0.04545454545454549	0.8368364960931192	"{""2.0"": 0.045454545454545456, ""3.0"": 0.0}"
ok	chr2:172558708|172566933	PDK1	chr2	172558708	172566933	chr2:172550000-172600000	23	2.0434782608695654	0.043478260869565216	-0.04545454545454549	0.8368364960931192	"{""2.0"": 0.045454545454545456, ""3.0"": 0.0}"
ok	chr2:195680032|195683906	SLC39A10	chr2	195680032	195683906	chr2:195650000-195700000	23	2.0434782608695654	0.043478260869565216	-0.04545454545454549	0.8368364960931192	"{""2.0"": 0.045454545454545456, ""3.0"": 0.0}"
ok	chr2:215383394|215384879	FN1	chr2	215383394	215384879	chr2:215350000-215400000	23	2.0434782608695654	0.08695652173913043	-0.04545454545454549	0.8368364960931192	"{""2.0"": 0.09090909090909091, ""3.0"": 0.0}"
ok	chr2:215383394|215388283	FN1	chr2	215383394	215388283	chr2:215350000-215400000	23	2.0434782608695654	0.08695652173913043	-0.04545454545454549	0.8368364960931192	"{""2.0"": 0.09090909090909091, ""3.0"": 0.0}"
ok	chr2:218251756|218251944	ARPC2	chr2	218251756	218251944	chr2:218250000-218300000	23	2.0	0.043478260869565216			"{""2.0"": 0.043478260869565216}"
ok	chr13:32326101|32362693	BRCA2	chr13	32326101	32362693	chr13:32300000-32350000	23	2.0	0.08695652173913043			"{""2.0"": 0.08695652173913043}"
ok	chr13:37024035|37048599	SUPT20H	chr13	37024035	37048599	chr13:37000000-37050000	23	2.0	0.043478260869565216			"{""2.0"": 0.043478260869565216}"
ok	chr13:46723221|46733998	LRCH1	chr13	46723221	46733998	chr13:46700000-46750000	23	2.0	0.17391304347826086			"{""2.0"": 0.17391304347826086}"
ok	chr13:107598841|107635379	NALF1	chr13	107598841	107635379	chr13:107600000-107650000	23	2.0434782608695654	0.13043478260869565	-0.04545454545454546	0.8368364960931192	"{""2.0"": 0.13636363636363635, ""3.0"": 0.0}"
ok	chr13:113306485|113310867	LAMP1	chr13	113306485	113310867	chr13:113300000-113350000	23	1.9130434782608696	0.043478260869565216	0.06579516949597694	0.7654978135179871	"{""1.0"": 0.0, ""2.0"": 0.047619047619047616}"
ok	chr13:113510238|113539507	ENSG00000276248;ENSG00000276916;TMCO3	chr13	113510238	113539507	chr13:113500000-113550000	23	1.9130434782608696	0.08695652173913043	0.06579516949597694	0.7654978135179871	"{""1.0"": 0.0, ""2.0"": 0.09523809523809523}"
ok	chr20:41092472|41101353	TOP1	chr20	41092472	41101353	chr20:41050000-41100000	23	1.9565217391304348	0.17391304347826086	0.0582964037329089	0.7916157878319775	"{""1.0"": 0.0, ""2.0"": 0.18181818181818182}"
ok	chr20:45075018|45077961	STK4	chr20	45075018	45077961	chr20:45050000-45100000	23	2.0	0.13043478260869565			"{""2.0"": 0.13043478260869565}"
ok	chr19:10627777|10631345	SLC44A2	chr19	10627777	10631345	chr19:10600000-10650000	23	2.0	0.043478260869565216			"{""2.0"": 0.043478260869565216}"
ok	chr19:43186342|43204947	PSG4;PSG5	chr19	43186342	43204947	chr19:43150000-43200000	23	1.9130434782608696	0.043478260869565216	0.06579516949597689	0.7654978135179871	"{""1.0"": 0.0, ""2.0"": 0.047619047619047616}"
ok	chr19:44873993|44878621	NECTIN2	chr19	44873993	44878621	chr19:44850000-44900000	23	1.8695652173913044	0.043478260869565216	0.08257228238447709	0.7079879068817685	"{""1.0"": 0.0, ""2.0"": 0.05}"
ok	chr19:57619412|57621493	ZNF134	chr19	57619412	57621493	chr19:57600000-57650000	23	1.9565217391304348	0.08695652173913043	0.04545454545454544	0.8368364960931192	"{""1.0"": 0.0, ""2.0"": 0.09090909090909091}"
ok	chr14:71009634|71023232	PCNX1	chr14	71009634	71023232	chr14:71000000-71050000	23	1.9565217391304348	0.043478260869565216	0.04545454545454544	0.8368364960931192	"{""1.0"": 0.0, ""2.0"": 0.045454545454545456}"
ok	chr14:100972262|100977722	ENSG00000201500;MEG8;SNORD114-15;SNORD114-17;SNORD114-19	chr14	100972262	100977722	chr14:100950000-101000000	23	1.9565217391304348	0.13043478260869565	0.06212365249219366	0.7782566257277964	"{""1.0"": 0.0, ""2.0"": 0.13636363636363635}"
ok	chr14:103003928|103012188	CDC42BPB	chr14	103003928	103012188	chr14:103000000-103050000	23	1.9130434782608696	0.043478260869565216	0.06579516949597694	0.7654978135179871	"{""1.0"": 0.0, ""2.0"": 0.047619047619047616}"
ok	chr15:62033441|62044255	VPS13C	chr15	62033441	62044255	chr15:62000000-62050000	23	2.0	0.08695652173913043			"{""2.0"": 0.08695652173913043}"
ok	chr15:75490208|75527261	ENSG00000259931;ENSG00000260269;PTPN9	chr15	75490208	75527261	chr15:75500000-75550000	23	2.0	0.13043478260869565			"{""2.0"": 0.13043478260869565}"
ok	chr15:80457929|80514405	ARNT2	chr15	80457929	80514405	chr15:80450000-80500000	23	2.0	0.13043478260869565			"{""2.0"": 0.13043478260869565}"
ok	chr16:12569171|12569892	ENSG00000259899	chr16	12569171	12569892	chr16:12550000-12600000	23	2.0	0.043478260869565216			"{""2.0"": 0.043478260869565216}"
ok	chr16:23102319|23108781	USP31	chr16	23102319	23108781	chr16:23100000-23150000	23	2.0	0.08695652173913043			"{""2.0"": 0.08695652173913043}"
ok	chr16:23388986|23392523	COG7	chr16	23388986	23392523	chr16:23350000-23400000	23	2.0	0.043478260869565216			"{""2.0"": 0.043478260869565216}"
ok	chr16:53141179|53157541	CHD9	chr16	53141179	53157541	chr16:53100000-53150000	23	2.0	0.13043478260869565			"{""2.0"": 0.13043478260869565}"
ok	chr16:69235748|69270285	ENSG00000265113;SNTB2	chr16	69235748	69270285	chr16:69250000-69300000	23	2.0	0.13043478260869565			"{""2.0"": 0.13043478260869565}"
ok	chr17:4016323|4019769	ZZEF1	chr17	4016323	4019769	chr17:4000000-4050000	23	2.0	0.043478260869565216			"{""2.0"": 0.043478260869565216}"
ok	chr17:16064870|16068121	NCOR1	chr17	16064870	16068121	chr17:16050000-16100000	23	2.0	0.08695652173913043			"{""2.0"": 0.08695652173913043}"
ok	chr17:49289754|49290135	ZNF652	chr17	49289754	49290135	chr17:49250000-49300000	23	2.0	0.043478260869565216			"{""2.0"": 0.043478260869565216}"
ok	chr17:50192994|50194447	COL1A1	chr17	50192994	50194447	chr17:50150000-50200000	23	2.0	0.13043478260869565			"{""2.0"": 0.13043478260869565}"
ok	chr17:50196637|50197217	COL1A1	chr17	50196637	50197217	chr17:50150000-50200000	23	2.0	0.043478260869565216			"{""2.0"": 0.043478260869565216}"
ok	chr17:59808841|59811786	VMP1	chr17	59808841	59811786	chr17:59800000-59850000	23	2.0	0.043478260869565216			"{""2.0"": 0.043478260869565216}"
ok	chr17:62029541|62035608	MED13	chr17	62029541	62035608	chr17:62000000-62050000	23	2.0	0.043478260869565216			"{""2.0"": 0.043478260869565216}"
ok	chr17:64571798|64586170	SMURF2	chr17	64571798	64586170	chr17:64550000-64600000	23	1.9565217391304348	0.043478260869565216	0.045454545454545456	0.8368364960931192	"{""1.0"": 0.0, ""2.0"": 0.045454545454545456}"
ok	chr17:65010179|65010375	GNA13	chr17	65010179	65010375	chr17:65000000-65050000	23	2.0	0.043478260869565216			"{""2.0"": 0.043478260869565216}"
ok	chr9:80871173|80902921	ENSG00000226798	chr9	80871173	80902921	chr9:80850000-80900000	23	2.0	0.043478260869565216			"{""2.0"": 0.043478260869565216}"
ok	chr9:115073847|115078093	DELEC1	chr9	115073847	115078093	chr9:115050000-115100000	23	2.0	0.043478260869565216			"{""2.0"": 0.043478260869565216}"
ok	chr9:120861089|120862005	PHF19	chr9	120861089	120862005	chr9:120850000-120900000	23	2.0	0.043478260869565216			"{""2.0"": 0.043478260869565216}"
ok	chr7:17845595|17850964	SNX13	chr7	17845595	17850964	chr7:17800000-17850000	23	2.0	0.043478260869565216			"{""2.0"": 0.043478260869565216}"
ok	chr7:30455137|30457042	NOD1	chr7	30455137	30457042	chr7:30450000-30500000	23	2.0	0.08695652173913043			"{""2.0"": 0.08695652173913043}"
ok	chr7:35010468|35018596	DPY19L1	chr7	35010468	35018596	chr7:35000000-35050000	23	2.0	0.13043478260869565			"{""2.0"": 0.13043478260869565}"
ok	chr7:92343024|92352642	ANKIB1	chr7	92343024	92352642	chr7:92300000-92350000	23	2.0	0.17391304347826086			"{""2.0"": 0.17391304347826086}"
ok	chr7:128978983|128980031	TNPO3	chr7	128978983	128980031	chr7:128950000-129000000	23	2.0	0.043478260869565216			"{""2.0"": 0.043478260869565216}"
ok	chr7:139345501|139345657	FMC1;FMC1-LUC7L2;LUC7L2	chr7	139345501	139345657	chr7:139300000-139350000	23	2.0	0.043478260869565216			"{""2.0"": 0.043478260869565216}"
ok	chrX:47641319|47650461	ELK1	chrX	47641319	47650461	chrX:47600000-47650000	23	2.0	0.043478260869565216			"{""2.0"": 0.043478260869565216}"
ok	chrX:53198592|53199146	KDM5C;MIR6894	chrX	53198592	53199146	chrX:53150000-53200000	23	2.0	0.043478260869565216			"{""2.0"": 0.043478260869565216}"
ok	chrX:72490929|72495268	ENSG00000285547;HDAC8	chrX	72490929	72495268	chrX:72450000-72500000	23	2.0434782608695654	0.17391304347826086	-0.04545454545454549	0.8368364960931192	"{""2.0"": 0.18181818181818182, ""3.0"": 0.0}"
ok	chrX:154348969|154349440	FLNA	chrX	154348969	154349440	chrX:154300000-154350000	23	1.9565217391304348	0.043478260869565216	0.04545454545454544	0.8368364960931192	"{""1.0"": 0.0, ""2.0"": 0.045454545454545456}"
ok	chrX:155506898|155524632	TMLHE	chrX	155506898	155524632	chrX:155500000-155550000	23	2.0	0.08695652173913043			"{""2.0"": 0.08695652173913043}"
ok	chr8:37740365|37741818	ERLIN2	chr8	37740365	37741818	chr8:37700000-37750000	23	2.0	0.043478260869565216			"{""2.0"": 0.043478260869565216}"
ok	chr8:123786495|123789745	FAM91A1	chr8	123786495	123789745	chr8:123750000-123800000	23	2.0	0.043478260869565216			"{""2.0"": 0.043478260869565216}"
ok	chr5:33576054|33596060	ADAMTS12	chr5	33576054	33596060	chr5:33550000-33600000	23	2.0	0.08695652173913043			"{""2.0"": 0.08695652173913043}"
ok	chr5:65704279|65708558	SGTB	chr5	65704279	65708558	chr5:65700000-65750000	23	2.0	0.043478260869565216			"{""2.0"": 0.043478260869565216}"
ok	chr5:66053406|66054951	ERBIN	chr5	66053406	66054951	chr5:66050000-66100000	23	2.0	0.17391304347826086			"{""2.0"": 0.17391304347826086}"
ok	chr5:91374185|91375058	ARRDC3	chr5	91374185	91375058	chr5:91350000-91400000	23	2.0	0.043478260869565216			"{""2.0"": 0.043478260869565216}"
ok	chr5:151667487|151669688	SPARC	chr5	151667487	151669688	chr5:151650000-151700000	23	2.0	0.043478260869565216			"{""2.0"": 0.043478260869565216}"
ok	chr5:180261684|180280608	MAPK9	chr5	180261684	180280608	chr5:180250000-180300000	23	2.0	0.13043478260869565			"{""2.0"": 0.13043478260869565}"
ok	chr6:7176655|7189322	ENSG00000225092;RREB1	chr6	7176655	7189322	chr6:7150000-7200000	23	2.0	0.043478260869565216			"{""2.0"": 0.043478260869565216}"
ok	chr6:17647807|17649300	NUP153	chr6	17647807	17649300	chr6:17600000-17650000	23	2.0	0.08695652173913043			"{""2.0"": 0.08695652173913043}"
ok	chr6:44253599|44253812	HSP90AB1	chr6	44253599	44253812	chr6:44250000-44300000	23	1.9130434782608696	0.043478260869565216	0.06579516949597689	0.7654978135179871	"{""1.0"": 0.0, ""2.0"": 0.047619047619047616}"
ok	chr6:53071057|53076543	FBXO9	chr6	53071057	53076543	chr6:53050000-53100000	23	2.0	0.043478260869565216			"{""2.0"": 0.043478260869565216}"
ok	chr6:100766565|100805880	ASCC3	chr6	100766565	100805880	chr6:100750000-100800000	23	2.0	0.13043478260869565			"{""2.0"": 0.13043478260869565}"
ok	chr6:143765261|143765798	PHACTR2	chr6	143765261	143765798	chr6:143750000-143800000	23	2.0	0.043478260869565216			"{""2.0"": 0.043478260869565216}"
ok	chr6:149676260|149678745	LATS1	chr6	149676260	149678745	chr6:149650000-149700000	23	1.9565217391304348	0.043478260869565216	0.04545454545454544	0.8368364960931192	"{""1.0"": 0.0, ""2.0"": 0.045454545454545456}"
ok	chr10:73146276|73163950	ECD	chr10	73146276	73163950	chr10:73150000-73200000	23	1.9565217391304348	0.08695652173913043	0.04545454545454544	0.8368364960931192	"{""1.0"": 0.0, ""2.0"": 0.09090909090909091}"
ok	chr10:79118915|79139777	ZMIZ1	chr10	79118915	79139777	chr10:79100000-79150000	23	1.826086956521739	0.08695652173913043	0.09782319760890373	0.6570073287387147	"{""1.0"": 0.0, ""2.0"": 0.10526315789473684}"
ok	chr10:91996369|91997751	BTAF1	chr10	91996369	91997751	chr10:91950000-92000000	23	1.9565217391304348	0.043478260869565216	0.04545454545454544	0.8368364960931192	"{""1.0"": 0.0, ""2.0"": 0.045454545454545456}"
ok	chr10:101792839|101810314	OGA	chr10	101792839	101810314	chr10:101800000-101850000	23	1.9565217391304348	0.043478260869565216	0.04545454545454544	0.8368364960931192	"{""1.0"": 0.0, ""2.0"": 0.045454545454545456}"
ok	chr10:128107564|128119319	MKI67	chr10	128107564	128119319	chr10:128100000-128150000	23	1.9565217391304348	0.043478260869565216	0.04545454545454544	0.8368364960931192	"{""1.0"": 0.0, ""2.0"": 0.045454545454545456}"
ok	chr3:11358418|11426926	ATG7	chr3	11358418	11426926	chr3:11350000-11400000	23	1.9130434782608696	0.21739130434782608	0.06439963153212235	0.770340669916992	"{""1.0"": 0.0, ""2.0"": 0.2631578947368421, ""3.0"": 0.0}"
ok	chr3:12379704|12406081	PPARG	chr3	12379704	12406081	chr3:12350000-12400000	23	1.8695652173913044	0.043478260869565216	0.08257228238447709	0.7079879068817685	"{""1.0"": 0.0, ""2.0"": 0.05}"
ok	chr3:51540063|51627754	RAD54L2	chr3	51540063	51627754	chr3:51550000-51600000	23	1.8695652173913044	0.043478260869565216	0.08257228238447709	0.7079879068817685	"{""1.0"": 0.0, ""2.0"": 0.05}"
ok	chr3:65429520|65442849	MAGI1	chr3	65429520	65442849	chr3:65400000-65450000	23	1.9130434782608696	0.17391304347826086	0.06579516949597694	0.7654978135179871	"{""1.0"": 0.0, ""2.0"": 0.19047619047619047}"
ok	chr3:111133635|111147484	NECTIN3	chr3	111133635	111147484	chr3:111100000-111150000	23	2.0	0.043478260869565216			"{""2.0"": 0.043478260869565216}"
ok	chr3:120394341|120394677	FSTL1	chr3	120394341	120394677	chr3:120350000-120400000	23	1.9565217391304348	0.043478260869565216	0.019968076595771798	0.9279440947274481	"{""1.0"": 0.0, ""2.0"": 0.05555555555555555, ""3.0"": 0.0}"
ok	chr3:183747672|183762279	YEATS2	chr3	183747672	183762279	chr3:183750000-183800000	23	1.9565217391304348	0.043478260869565216	0.019968076595771798	0.9279440947274481	"{""1.0"": 0.0, ""2.0"": 0.05555555555555555, ""3.0"": 0.0}"
ok	chr4:13425110|13426354	RAB28	chr4	13425110	13426354	chr4:13400000-13450000	23	2.0	0.043478260869565216			"{""2.0"": 0.043478260869565216}"
ok	chr4:42062986|42078325	SLC30A9	chr4	42062986	42078325	chr4:42050000-42100000	23	2.0	0.043478260869565216			"{""2.0"": 0.043478260869565216}"
ok	chr4:77066249|77066405	CCNI	chr4	77066249	77066405	chr4:77050000-77100000	23	2.0	0.043478260869565216			"{""2.0"": 0.043478260869565216}"
ok	chr4:182574343|182628889	TENM3	chr4	182574343	182628889	chr4:182600000-182650000	23	2.0	0.043478260869565216			"{""2.0"": 0.043478260869565216}"
ok	chr11:103255415|103286386	DYNC2H1	chr11	103255415	103286386	chr11:103250000-103300000	23	2.0	0.043478260869565216			"{""2.0"": 0.043478260869565216}"
ok	chr11:122776219|122777210	UBASH3B	chr11	122776219	122777210	chr11:122750000-122800000	23	2.0	0.13043478260869565			"{""2.0"": 0.13043478260869565}"
ok	chr1:21244989|21247363	ECE1	chr1	21244989	21247363	chr1:21200000-21250000	23	2.0	0.08695652173913043			"{""2.0"": 0.08695652173913043}"
ok	chr1:21850041|21850498	HSPG2	chr1	21850041	21850498	chr1:21850000-21900000	23	2.0	0.043478260869565216			"{""2.0"": 0.043478260869565216}"
ok	chr1:21854893|21855337	HSPG2	chr1	21854893	21855337	chr1:21850000-21900000	23	2.0	0.08695652173913043			"{""2.0"": 0.08695652173913043}"
ok	chr1:39452248|39452768	MACF1	chr1	39452248	39452768	chr1:39450000-39500000	23	2.0	0.043478260869565216			"{""2.0"": 0.043478260869565216}"
ok	chr1:70231859|70250503	SRSF11	chr1	70231859	70250503	chr1:70200000-70250000	23	2.0	0.043478260869565216			"{""2.0"": 0.043478260869565216}"
ok	chr1:92725598|92736627	EVI5	chr1	92725598	92736627	chr1:92700000-92750000	23	2.0	0.08695652173913043			"{""2.0"": 0.08695652173913043}"
ok	chr1:109923988|109924828	CSF1	chr1	109923988	109924828	chr1:109900000-109950000	23	2.0	0.043478260869565216			"{""2.0"": 0.043478260869565216}"
ok	chr1:171523221|171537473	PRRC2C	chr1	171523221	171537473	chr1:171500000-171550000	23	2.0	0.043478260869565216			"{""2.0"": 0.043478260869565216}"
ok	chr1:174220972|174244509	RABGAP1L	chr1	174220972	174244509	chr1:174200000-174250000	23	2.0	0.13043478260869565			"{""2.0"": 0.13043478260869565}"
ok	chr1:223755562|223759408	CAPN2	chr1	223755562	223759408	chr1:223750000-223800000	23	1.9565217391304348	0.043478260869565216	0.04545454545454544	0.8368364960931192	"{""1.0"": 0.0, ""2.0"": 0.045454545454545456}"
ok	chr1:228244474|228246756	ENSG00000269934	chr1	228244474	228246756	chr1:228200000-228250000	23	1.826086956521739	0.043478260869565216	0.0978231976089037	0.6570073287387147	"{""1.0"": 0.0, ""2.0"": 0.05263157894736842}"
ok	chr12:7829766|7930642	ENSG00000255356;SLC2A14;SLC2A3;Y_RNA	chr12	7829766	7930642	chr12:7850000-7900000	23	2.0	0.08695652173913043			"{""2.0"": 0.08695652173913043}"
ok	chr12:49460770|49461037	SPATS2	chr12	49460770	49461037	chr12:49450000-49500000	23	2.0	0.043478260869565216			"{""2.0"": 0.043478260869565216}"
ok	chr12:69589485|69592159	CCT2	chr12	69589485	69592159	chr12:69550000-69600000	23	2.0	0.13043478260869565			"{""2.0"": 0.13043478260869565}"
ok	chr12:72286681|72286954	TRHDE	chr12	72286681	72286954	chr12:72250000-72300000	23	2.0	0.08695652173913043			"{""2.0"": 0.08695652173913043}"
ok	chr12:77940319|78021862	NAV3	chr12	77940319	78021862	chr12:77950000-78000000	23	2.0	0.043478260869565216			"{""2.0"": 0.043478260869565216}"
ok	chr12:112477651|112478015	PTPN11	chr12	112477651	112478015	chr12:112450000-112500000	23	2.0	0.043478260869565216			"{""2.0"": 0.043478260869565216}"
ok	chr12:116230533|116237705	MED13L	chr12	116230533	116237705	chr12:116200000-116250000	23	2.0	0.30434782608695654			"{""2.0"": 0.30434782608695654}"
ok	chr12:121416159|121417911	RNF34	chr12	121416159	121417911	chr12:121400000-121450000	23	1.9565217391304348	0.043478260869565216	0.04545454545454544	0.8368364960931192	"{""1.0"": 0.0, ""2.0"": 0.045454545454545456}"
ok	chr12:131764456|131778330	SFSWAP	chr12	131764456	131778330	chr12:131750000-131800000	23	2.0	0.043478260869565216			"{""2.0"": 0.043478260869565216}"
ok	chr2:32510526|32513154	BIRC6	chr2	32510526	32513154	chr2:32500000-32550000	23	2.0	0.043478260869565216			"{""2.0"": 0.043478260869565216}"
ok	chr2:33020909|33134960	LTBP1	chr2	33020909	33134960	chr2:33050000-33100000	23	2.0	0.08695652173913043			"{""2.0"": 0.08695652173913043}"
ok	chr2:36396614|36396787	CRIM1	chr2	36396614	36396787	chr2:36350000-36400000	23	1.9565217391304348	0.17391304347826086	0.06579516949597694	0.7654978135179871	"{""1.0"": 0.0, ""2.0"": 0.18181818181818182}"
ok	chr2:54135453|54147432	ACYP2	chr2	54135453	54147432	chr2:54100000-54150000	23	2.0	0.043478260869565216			"{""2.0"": 0.043478260869565216}"
ok	chr2:97663167|97663354	ACTR1B	chr2	97663167	97663354	chr2:97650000-97700000	23	1.9130434782608696	0.08695652173913043	0.06579516949597689	0.7654978135179871	"{""1.0"": 0.0, ""2.0"": 0.09523809523809523}"
ok	chr2:165911327|165919433	TTC21B	chr2	165911327	165919433	chr2:165900000-165950000	23	2.0434782608695654	0.043478260869565216	-0.04545454545454549	0.8368364960931192	"{""2.0"": 0.045454545454545456, ""3.0"": 0.0}"
ok	chr2:215394528|215394719	FN1	chr2	215394528	215394719	chr2:215350000-215400000	23	2.0434782608695654	0.08695652173913043	-0.04545454545454549	0.8368364960931192	"{""2.0"": 0.09090909090909091, ""3.0"": 0.0}"
ok	chr13:95581955|95594086	DZIP1	chr13	95581955	95594086	chr13:95550000-95600000	23	2.0	0.043478260869565216			"{""2.0"": 0.043478260869565216}"
ok	chr20:9217390|9270422	PLCB4	chr20	9217390	9270422	chr20:9200000-9250000	23	2.0	0.043478260869565216			"{""2.0"": 0.043478260869565216}"
ok	chr20:51004741|51009858	ENSG00000232358	chr20	51004741	51009858	chr20:51000000-51050000	23	2.0	0.043478260869565216			"{""2.0"": 0.043478260869565216}"
ok	chr20:51689064|51697482	ATP9A	chr20	51689064	51697482	chr20:51650000-51700000	23	2.0	0.08695652173913043			"{""2.0"": 0.08695652173913043}"
ok	chr19:4405912|4409759	CHAF1A	chr19	4405912	4409759	chr19:4400000-4450000	23	1.9130434782608696	0.043478260869565216	0.06579516949597689	0.7654978135179871	"{""1.0"": 0.0, ""2.0"": 0.047619047619047616}"
ok	chr19:10396090|10403446	CDC37	chr19	10396090	10403446	chr19:10350000-10400000	23	2.0	0.043478260869565216			"{""2.0"": 0.043478260869565216}"
ok	chr19:11546675|11546969	CNN1	chr19	11546675	11546969	chr19:11500000-11550000	23	2.0	0.08695652173913043			"{""2.0"": 0.08695652173913043}"
ok	chr19:18537601|18539720	FKBP8	chr19	18537601	18539720	chr19:18500000-18550000	23	2.0	0.043478260869565216			"{""2.0"": 0.043478260869565216}"
ok	chr19:38942350|38942751	ENSG00000269547;FBXO17	chr19	38942350	38942751	chr19:38900000-38950000	23	1.9130434782608696	0.08695652173913043	0.06579516949597689	0.7654978135179871	"{""1.0"": 0.0, ""2.0"": 0.09523809523809523}"
ok	chr19:47725812|47726224	EHD2;ENSG00000268746	chr19	47725812	47726224	chr19:47700000-47750000	23	1.7826086956521738	0.043478260869565216	-0.40451991747794547	0.0555467119367926	"{""1.0"": 0.2, ""2.0"": 0.0}"
ok	chr19:53350818|53410425	ENSG00000241069;ZNF525;ZNF765;ZNF845	chr19	53350818	53410425	chr19:53350000-53400000	23	1.9565217391304348	0.08695652173913043	0.045454545454545456	0.8368364960931192	"{""1.0"": 0.0, ""2.0"": 0.09090909090909091}"
ok	chr19:57455653|57456182	ENSG00000268163;VN1R1	chr19	57455653	57456182	chr19:57450000-57500000	23	1.9565217391304348	0.08695652173913043	0.04545454545454544	0.8368364960931192	"{""1.0"": 0.0, ""2.0"": 0.09090909090909091}"
ok	chr14:73147795|73173707	PSEN1	chr14	73147795	73173707	chr14:73150000-73200000	23	1.9565217391304348	0.08695652173913043	0.04545454545454544	0.8368364960931192	"{""1.0"": 0.0, ""2.0"": 0.09090909090909091}"
ok	chr14:100944809|100964439	MEG8;MIR493HG;SNORD114-2;SNORD114-3;SNORD114-7	chr14	100944809	100964439	chr14:100950000-101000000	23	1.9565217391304348	0.17391304347826086	0.04545454545454544	0.8368364960931192	"{""1.0"": 0.0, ""2.0"": 0.18181818181818182}"
ok	chr15:48421558|48422068	FBN1	chr15	48421558	48422068	chr15:48400000-48450000	23	2.0	0.043478260869565216			"{""2.0"": 0.043478260869565216}"
ok	chr15:55833008|55834286	NEDD4	chr15	55833008	55834286	chr15:55800000-55850000	23	2.0	0.2608695652173913			"{""2.0"": 0.2608695652173913}"
ok	chr15:63071306|63071520	TPM1	chr15	63071306	63071520	chr15:63050000-63100000	23	2.0	0.043478260869565216			"{""2.0"": 0.043478260869565216}"
ok	chr15:77365163|77388802	PEAK1	chr15	77365163	77388802	chr15:77350000-77400000	23	2.0	0.043478260869565216			"{""2.0"": 0.043478260869565216}"
ok	chr16:56626880|56639329	MT1A;MT1E;MT1JP;MT1M	chr16	56626880	56639329	chr16:56600000-56650000	23	2.0	1.5217391304347827			"{""2.0"": 1.5217391304347827}"
ok	chr16:85218540|85218721	GSE1	chr16	85218540	85218721	chr16:85200000-85250000	23	2.0	0.043478260869565216			"{""2.0"": 0.043478260869565216}"
ok	chr16:88027483|88038011	BANP	chr16	88027483	88038011	chr16:88000000-88050000	23	1.826086956521739	0.043478260869565216	0.0978231976089037	0.6570073287387147	"{""1.0"": 0.0, ""2.0"": 0.05263157894736842}"
ok	chr17:7240570|7240745	ENSG00000262526;GABARAP	chr17	7240570	7240745	chr17:7200000-7250000	23	2.0	0.043478260869565216			"{""2.0"": 0.043478260869565216}"
ok	chr17:16382112|16382510	ENSG00000265401	chr17	16382112	16382510	chr17:16350000-16400000	23	2.0	0.043478260869565216			"{""2.0"": 0.043478260869565216}"
ok	chr17:16382340|16382510	ENSG00000265401	chr17	16382340	16382510	chr17:16350000-16400000	23	2.0	0.043478260869565216			"{""2.0"": 0.043478260869565216}"
ok	chr17:35671754|35682824	AP2B1	chr17	35671754	35682824	chr17:35650000-35700000	23	1.826086956521739	0.043478260869565216	-0.3667434323290369	0.08519252210603015	"{""0.0"": 0.0, ""1.0"": 0.5, ""2.0"": 0.0}"
ok	chr17:44319753|44320251	SLC25A39	chr17	44319753	44320251	chr17:44300000-44350000	23	1.9565217391304348	0.043478260869565216	0.045454545454545456	0.8368364960931192	"{""1.0"": 0.0, ""2.0"": 0.045454545454545456}"
ok	chr17:50189225|50189483	COL1A1	chr17	50189225	50189483	chr17:50150000-50200000	23	2.0	0.08695652173913043			"{""2.0"": 0.08695652173913043}"
ok	chr17:50191448|50193998	COL1A1	chr17	50191448	50193998	chr17:50150000-50200000	23	2.0	0.08695652173913043			"{""2.0"": 0.08695652173913043}"
ok	chr17:61904460|61919513	INTS2	chr17	61904460	61919513	chr17:61900000-61950000	23	2.0	0.08695652173913043			"{""2.0"": 0.08695652173913043}"
ok	chr17:64583461|64586170	SMURF2	chr17	64583461	64586170	chr17:64550000-64600000	23	1.9565217391304348	0.21739130434782608	0.06439963153212236	0.7703406699169912	"{""1.0"": 0.0, ""2.0"": 0.22727272727272727}"
ok	chr17:78812860|78814552	USP36	chr17	78812860	78814552	chr17:78800000-78850000	23	2.0	0.043478260869565216			"{""2.0"": 0.043478260869565216}"
ok	chr9:88426382|88468605	SPIN1	chr9	88426382	88468605	chr9:88400000-88450000	23	2.0	0.08695652173913043			"{""2.0"": 0.08695652173913043}"
ok	chr9:131134898|131147584	NUP214	chr9	131134898	131147584	chr9:131100000-131150000	23	1.9130434782608696	0.13043478260869565	0.06579516949597693	0.7654978135179871	"{""1.0"": 0.0, ""2.0"": 0.14285714285714285}"
ok	chr9:134830596|134833315	COL5A1	chr9	134830596	134833315	chr9:134800000-134850000	23	1.608695652173913	0.043478260869565216	0.170940864689457	0.43547786297684526	"{""1.0"": 0.0, ""2.0"": 0.07142857142857142}"
ok	chr7:2014502|2149238	ENSG00000286192;MAD1L1	chr7	2014502	2149238	chr7:2050000-2100000	23	1.826086956521739	0.13043478260869565	0.09782319760890372	0.6570073287387147	"{""1.0"": 0.0, ""2.0"": 0.15789473684210525}"
ok	chr7:22976210|22991139	HYCC1	chr7	22976210	22991139	chr7:22950000-23000000	23	2.0	0.043478260869565216			"{""2.0"": 0.043478260869565216}"
ok	chr7:32988507|32988652	FKBP9	chr7	32988507	32988652	chr7:32950000-33000000	23	1.9565217391304348	0.13043478260869565	0.04545454545454544	0.8368364960931192	"{""1.0"": 0.0, ""2.0"": 0.13636363636363635}"
ok	chr7:100819557|100820296	EPHB4	chr7	100819557	100820296	chr7:100800000-100850000	23	1.9130434782608696	0.043478260869565216	0.06579516949597689	0.7654978135179871	"{""1.0"": 0.0, ""2.0"": 0.047619047619047616}"
ok	chr8:11847091|11849080	CTSB	chr8	11847091	11849080	chr8:11800000-11850000	23	2.0	0.043478260869565216			"{""2.0"": 0.043478260869565216}"
ok	chr8:115587001|115623758	TRPS1	chr8	115587001	115623758	chr8:115600000-115650000	23	2.0	0.08695652173913043			"{""2.0"": 0.08695652173913043}"
ok	chr8:117804722|117807235	EXT1	chr8	117804722	117807235	chr8:117800000-117850000	23	2.0	0.13043478260869565			"{""2.0"": 0.13043478260869565}"
ok	chr8:117959882|117960146	EXT1	chr8	117959882	117960146	chr8:117950000-118000000	23	2.0	0.13043478260869565			"{""2.0"": 0.13043478260869565}"
ok	chrX:103491214|103497613	ENSG00000234405	chrX	103491214	103497613	chrX:103450000-103500000	23	1.9565217391304348	0.08695652173913043	0.04545454545454544	0.8368364960931192	"{""1.0"": 0.0, ""2.0"": 0.09090909090909091}"
ok	chrX:130236214|130247005	ZNF280C	chrX	130236214	130247005	chrX:130200000-130250000	23	2.0	0.13043478260869565			"{""2.0"": 0.13043478260869565}"
ok	chr5:14290716|14420021	TRIO	chr5	14290716	14420021	chr5:14350000-14400000	23	2.0	0.08695652173913043			"{""2.0"": 0.08695652173913043}"
ok	chr5:31554144|31554313	C5orf22	chr5	31554144	31554313	chr5:31550000-31600000	23	2.0	0.043478260869565216			"{""2.0"": 0.043478260869565216}"
ok	chr5:65988635|65994864	ERBIN	chr5	65988635	65994864	chr5:65950000-66000000	23	2.0	0.043478260869565216			"{""2.0"": 0.043478260869565216}"
ok	chr5:81123642|81180281	RASGRF2	chr5	81123642	81180281	chr5:81150000-81200000	23	2.0	0.13043478260869565			"{""2.0"": 0.13043478260869565}"
ok	chr5:127523460|127524920	PRRC1	chr5	127523460	127524920	chr5:127500000-127550000	23	2.0	0.043478260869565216			"{""2.0"": 0.043478260869565216}"
ok	chr5:137634037|137639977	KLHL3	chr5	137634037	137639977	chr5:137600000-137650000	23	2.0	0.13043478260869565			"{""2.0"": 0.13043478260869565}"
ok	chr5:142463970|142467831	SPRY4-AS1	chr5	142463970	142467831	chr5:142450000-142500000	23	2.0	0.17391304347826086			"{""2.0"": 0.17391304347826086}"
ok	chr5:179705679|179709059	CANX	chr5	179705679	179709059	chr5:179700000-179750000	23	2.0	0.21739130434782608			"{""2.0"": 0.21739130434782608}"
ok	chr6:42268154|42269848	TRERF1	chr6	42268154	42269848	chr6:42250000-42300000	23	1.9565217391304348	0.043478260869565216	0.045454545454545456	0.8368364960931192	"{""1.0"": 0.0, ""2.0"": 0.045454545454545456}"
ok	chr6:43223290|43224343	ENSG00000245261	chr6	43223290	43224343	chr6:43200000-43250000	23	1.9565217391304348	0.043478260869565216	0.045454545454545456	0.8368364960931192	"{""1.0"": 0.0, ""2.0"": 0.045454545454545456}"
ok	chr6:169664166|169689308	ENSG00000285733;WDR27	chr6	169664166	169689308	chr6:169650000-169700000	23	1.9130434782608696	0.17391304347826086	0.06579516949597694	0.7654978135179871	"{""1.0"": 0.0, ""2.0"": 0.19047619047619047}"
ok	chr10:329433|349454	DIP2C	chr10	329433	349454	chr10:300000-350000	23	1.9565217391304348	0.08695652173913043	0.04545454545454544	0.8368364960931192	"{""1.0"": 0.0, ""2.0"": 0.09090909090909091}"
ok	chr10:30313891|30337027	MTPAP	chr10	30313891	30337027	chr10:30300000-30350000	23	2.0	0.08695652173913043			"{""2.0"": 0.08695652173913043}"
ok	chr3:129827803|129828508	TMCC1	chr3	129827803	129828508	chr3:129800000-129850000	23	1.9130434782608696	0.043478260869565216	0.03683547343418789	0.867479167044514	"{""1.0"": 0.0, ""2.0"": 0.058823529411764705, ""3.0"": 0.0}"
ok	chr3:184332056|184335099	EIF4G1	chr3	184332056	184335099	chr3:184300000-184350000	23	1.9565217391304348	0.043478260869565216	0.019968076595771805	0.9279440947274481	"{""1.0"": 0.0, ""2.0"": 0.05555555555555555, ""3.0"": 0.0}"
ok	chr3:184849071|184870805	VPS8	chr3	184849071	184870805	chr3:184850000-184900000	23	1.9565217391304348	0.043478260869565216	0.019968076595771805	0.9279440947274481	"{""1.0"": 0.0, ""2.0"": 0.05555555555555555, ""3.0"": 0.0}"
ok	chr3:184913519|184930568	VPS8	chr3	184913519	184930568	chr3:184900000-184950000	23	1.9565217391304348	0.13043478260869565	0.019968076595771805	0.9279440947274481	"{""1.0"": 0.0, ""2.0"": 0.16666666666666666, ""3.0"": 0.0}"
ok	chr3:188406112|188524787	LPP	chr3	188406112	188524787	chr3:188450000-188500000	23	1.9565217391304348	0.08695652173913043	0.019968076595771805	0.9279440947274481	"{""1.0"": 0.0, ""2.0"": 0.1111111111111111, ""3.0"": 0.0}"
ok	chr21:46111491|46112157	COL6A2	chr21	46111491	46112157	chr21:46100000-46150000	23	2.0	0.043478260869565216			"{""2.0"": 0.043478260869565216}"
ok	chr11:309028|320793	ENSG00000251661;ENSG00000288681;IFITM1;IFITM2	chr11	309028	320793	chr11:300000-350000	23	1.1304347826086956	0.17391304347826086	0.9008192992138138	4.65691102631215e-09	"{""0.0"": 0.0, ""1.0"": 0.0, ""2.0"": 0.0, ""4.0"": 4.0}"
ok	chr11:31460626|31469797	IMMP1L	chr11	31460626	31469797	chr11:31450000-31500000	23	2.260869565217391	0.08695652173913043	1.0	0.0	"{""2.0"": 0.0, ""8.0"": 2.0}"
ok	chr11:34086064|34092056	CAPRIN1	chr11	34086064	34092056	chr11:34050000-34100000	23	2.260869565217391	0.17391304347826086	1.0	0.0	"{""2.0"": 0.0, ""8.0"": 4.0}"
ok	chr11:46512727|46548500	AMBRA1	chr11	46512727	46548500	chr11:46500000-46550000	23	2.260869565217391	0.043478260869565216	1.0	0.0	"{""2.0"": 0.0, ""8.0"": 1.0}"
ok	chr11:119131535|119133219	HINFP	chr11	119131535	119133219	chr11:119100000-119150000	23	1.9130434782608696	0.043478260869565216	0.06579516949597689	0.7654978135179871	"{""1.0"": 0.0, ""2.0"": 0.047619047619047616}"
ok	chr4:505718|507593	PIGG	chr4	505718	507593	chr4:500000-550000	23	1.9565217391304348	0.043478260869565216	0.045454545454545456	0.8368364960931192	"{""1.0"": 0.0, ""2.0"": 0.045454545454545456}"
ok	chr4:76738761|76741926	SHROOM3	chr4	76738761	76741926	chr4:76700000-76750000	23	2.0	0.043478260869565216			"{""2.0"": 0.043478260869565216}"
ok	chr4:87183203|87195690	KLHL8	chr4	87183203	87195690	chr4:87150000-87200000	23	2.0	0.08695652173913043			"{""2.0"": 0.08695652173913043}"
ok	chr1:16137853|16138430	EPHA2	chr1	16137853	16138430	chr1:16100000-16150000	23	1.9565217391304348	0.17391304347826086	0.0582964037329089	0.7916157878319775	"{""1.0"": 0.0, ""2.0"": 0.18181818181818182}"
ok	chr1:20893517|20895501	EIF4G3	chr1	20893517	20895501	chr1:20850000-20900000	23	2.0	0.08695652173913043			"{""2.0"": 0.08695652173913043}"
ok	chr1:32030298|32045390	KHDRBS1	chr1	32030298	32045390	chr1:32000000-32050000	23	2.0434782608695654	0.043478260869565216	-0.04545454545454549	0.8368364960931192	"{""2.0"": 0.045454545454545456, ""3.0"": 0.0}"
ok	chr1:47280241|47282459	STIL	chr1	47280241	47282459	chr1:47250000-47300000	23	2.0434782608695654	0.08695652173913043	-0.06579516949597695	0.7654978135179871	"{""2.0"": 0.09090909090909091, ""3.0"": 0.0}"
ok	chr1:62577262|62619993	DOCK7	chr1	62577262	62619993	chr1:62550000-62600000	23	1.9565217391304348	0.08695652173913043	0.04545454545454544	0.8368364960931192	"{""1.0"": 0.0, ""2.0"": 0.09090909090909091}"
ok	chr1:155675010|155679512	YY1AP1	chr1	155675010	155679512	chr1:155650000-155700000	23	1.9130434782608696	0.2608695652173913	0.06579516949597693	0.7654978135179871	"{""1.0"": 0.0, ""2.0"": 0.2857142857142857}"
ok	chr1:179120190|179121867	ABL2	chr1	179120190	179121867	chr1:179100000-179150000	23	2.0	0.043478260869565216			"{""2.0"": 0.043478260869565216}"
ok	chr12:55993793|55994173	RAB5B	chr12	55993793	55994173	chr12:55950000-56000000	23	1.9565217391304348	0.043478260869565216	0.045454545454545456	0.8368364960931192	"{""1.0"": 0.0, ""2.0"": 0.045454545454545456}"
ok	chr12:100282943|100323638	SCYL2	chr12	100282943	100323638	chr12:100300000-100350000	23	2.0	0.043478260869565216			"{""2.0"": 0.043478260869565216}"
ok	chr12:108678272|108701323	CORO1C	chr12	108678272	108701323	chr12:108650000-108700000	23	2.0	0.043478260869565216			"{""2.0"": 0.043478260869565216}"
ok	chr12:112200638|112219489	HECTD4	chr12	112200638	112219489	chr12:112200000-112250000	23	2.0	0.08695652173913043			"{""2.0"": 0.08695652173913043}"
ok	chr12:120145262|120149720	GCN1	chr12	120145262	120149720	chr12:120100000-120150000	23	1.9565217391304348	0.08695652173913043	0.04545454545454544	0.8368364960931192	"{""1.0"": 0.0, ""2.0"": 0.09090909090909091}"
ok	chr2:33347367|33397282	LTBP1	chr2	33347367	33397282	chr2:33350000-33400000	23	2.0	0.08695652173913043			"{""2.0"": 0.08695652173913043}"
ok	chr2:215404505|215406412	FN1	chr2	215404505	215406412	chr2:215400000-215450000	23	2.0434782608695654	0.043478260869565216	-0.04545454545454549	0.8368364960931192	"{""2.0"": 0.045454545454545456, ""3.0"": 0.0}"
ok	chr2:215414839|215419305	FN1	chr2	215414839	215419305	chr2:215400000-215450000	23	2.0434782608695654	0.043478260869565216	-0.04545454545454549	0.8368364960931192	"{""2.0"": 0.045454545454545456, ""3.0"": 0.0}"
ok	chr13:33142310|33167622	STARD13;STARD13-IT1	chr13	33142310	33167622	chr13:33150000-33200000	23	2.0	0.08695652173913043			"{""2.0"": 0.08695652173913043}"
ok	chr13:113839754|113863649	GAS6-AS1	chr13	113839754	113863649	chr13:113850000-113900000	23	1.9130434782608696	0.08695652173913043	0.06579516949597694	0.7654978135179871	"{""1.0"": 0.0, ""2.0"": 0.09523809523809523}"
ok	chr20:21214535|21229115	KIZ	chr20	21214535	21229115	chr20:21200000-21250000	23	1.9565217391304348	0.08695652173913043	0.04545454545454544	0.8368364960931192	"{""1.0"": 0.0, ""2.0"": 0.09090909090909091}"
ok	chr20:21354789|21382057	XRN2	chr20	21354789	21382057	chr20:21350000-21400000	23	1.9565217391304348	0.043478260869565216	0.04545454545454544	0.8368364960931192	"{""1.0"": 0.0, ""2.0"": 0.045454545454545456}"
ok	chr20:63775678|63790790	ZBTB46	chr20	63775678	63790790	chr20:63750000-63800000	23	1.6956521739130435	0.21739130434782608	-0.052867510506834324	0.8106623841794025	"{""0.0"": 0.0, ""1.0"": 0.4, ""2.0"": 0.17647058823529413}"
ok	chr19:34430576|34467014	UBA2	chr19	34430576	34467014	chr19:34400000-34450000	23	1.9130434782608696	0.08695652173913043	0.06579516949597689	0.7654978135179871	"{""1.0"": 0.0, ""2.0"": 0.09523809523809523}"
ok	chr14:23080005|23080226	ACIN1	chr14	23080005	23080226	chr14:23050000-23100000	23	1.826086956521739	0.043478260869565216	-0.4646601886422926	0.02549182097304459	"{""1.0"": 0.25, ""2.0"": 0.0}"
ok	chr14:32090502|32117287	ARHGAP5	chr14	32090502	32117287	chr14:32100000-32150000	23	2.1739130434782608	0.2608695652173913	-0.07720914364821832	0.7262215833931178	"{""2.0"": 0.3, ""3.0"": 0.0, ""4.0"": 0.0}"
ok	chr14:101901719|101909690	PPP2R5C	chr14	101901719	101909690	chr14:101900000-101950000	23	1.9565217391304348	0.043478260869565216	0.04545454545454544	0.8368364960931192	"{""1.0"": 0.0, ""2.0"": 0.045454545454545456}"
ok	chr14:102325985|102339223	ZNF839	chr14	102325985	102339223	chr14:102300000-102350000	23	1.9565217391304348	0.043478260869565216	0.04545454545454544	0.8368364960931192	"{""1.0"": 0.0, ""2.0"": 0.045454545454545456}"
ok	chr15:49916934|49962020	ATP8B4	chr15	49916934	49962020	chr15:49900000-49950000	23	2.0	0.043478260869565216			"{""2.0"": 0.043478260869565216}"
ok	chr16:27464807|27484241	GTF3C1	chr16	27464807	27484241	chr16:27450000-27500000	23	2.0	0.043478260869565216			"{""2.0"": 0.043478260869565216}"
ok	chr17:19795622|19804830	ULK2	chr17	19795622	19804830	chr17:19800000-19850000	23	2.0	0.13043478260869565			"{""2.0"": 0.13043478260869565}"
ok	chr17:30266885|30286902	BLMH	chr17	30266885	30286902	chr17:30250000-30300000	23	2.0	0.043478260869565216			"{""2.0"": 0.043478260869565216}"
ok	chr17:50189690|50190092	COL1A1	chr17	50189690	50190092	chr17:50150000-50200000	23	2.0	0.043478260869565216			"{""2.0"": 0.043478260869565216}"
ok	chr17:50195434|50196670	COL1A1	chr17	50195434	50196670	chr17:50150000-50200000	23	2.0	0.043478260869565216			"{""2.0"": 0.043478260869565216}"
ok	chr17:50667554|50669528	ABCC3	chr17	50667554	50669528	chr17:50650000-50700000	23	2.0	0.08695652173913043			"{""2.0"": 0.08695652173913043}"
ok	chr17:59049178|59088407	TRIM37	chr17	59049178	59088407	chr17:59050000-59100000	23	2.0	0.043478260869565216			"{""2.0"": 0.043478260869565216}"
ok	chr17:68425585|68425728	ENSG00000267009	chr17	68425585	68425728	chr17:68400000-68450000	23	2.0	0.13043478260869565			"{""2.0"": 0.13043478260869565}"
ok	chr9:4117768|4125941	GLIS3	chr9	4117768	4125941	chr9:4100000-4150000	23	2.0	0.043478260869565216			"{""2.0"": 0.043478260869565216}"
ok	chr9:19286769|19305527	DENND4C	chr9	19286769	19305527	chr9:19250000-19300000	23	1.9565217391304348	0.08695652173913043	-1.0	0.0	"{""1.0"": 2.0, ""2.0"": 0.0}"
ok	chr9:33318731|33319127	NFX1	chr9	33318731	33319127	chr9:33300000-33350000	23	2.0	0.043478260869565216			"{""2.0"": 0.043478260869565216}"
ok	chr9:37908468|37910553	ENSG00000255872	chr9	37908468	37910553	chr9:37900000-37950000	23	2.0	0.043478260869565216			"{""2.0"": 0.043478260869565216}"
ok	chr9:111009148|111011690	LPAR1	chr9	111009148	111011690	chr9:111000000-111050000	23	2.0	0.2608695652173913			"{""2.0"": 0.2608695652173913}"
ok	chr7:1898200|2014642	ENSG00000286192;MAD1L1	chr7	1898200	2014642	chr7:1950000-2000000	23	1.826086956521739	0.043478260869565216	0.09782319760890372	0.6570073287387147	"{""1.0"": 0.0, ""2.0"": 0.05263157894736842}"
ok	chr7:5527390|5527587	ACTB	chr7	5527390	5527587	chr7:5500000-5550000	23	1.9130434782608696	0.043478260869565216	0.06579516949597693	0.7654978135179871	"{""1.0"": 0.0, ""2.0"": 0.047619047619047616}"
ok	chr7:94416449|94417811	COL1A2	chr7	94416449	94417811	chr7:94400000-94450000	23	2.0	0.043478260869565216			"{""2.0"": 0.043478260869565216}"
ok	chr7:129014979|129018157	TNPO3	chr7	129014979	129018157	chr7:129000000-129050000	23	2.0	0.043478260869565216			"{""2.0"": 0.043478260869565216}"
ok	chr8:13099347|13099769	DLC1	chr8	13099347	13099769	chr8:13050000-13100000	23	2.0	0.08695652173913043			"{""2.0"": 0.08695652173913043}"
ok	chr8:21974670|22034544	NPM2;XPO7	chr8	21974670	22034544	chr8:22000000-22050000	23	2.0	0.13043478260869565			"{""2.0"": 0.13043478260869565}"
ok	chr8:67131951|67137603	CSPP1	chr8	67131951	67137603	chr8:67100000-67150000	23	2.0	0.043478260869565216			"{""2.0"": 0.043478260869565216}"
ok	chr8:144168295|144200541	MROH1	chr8	144168295	144200541	chr8:144150000-144200000	23	1.9130434782608696	0.08695652173913043	0.06579516949597694	0.7654978135179871	"{""1.0"": 0.0, ""2.0"": 0.09523809523809523}"
ok	chrX:40671861|40679987	MED14	chrX	40671861	40679987	chrX:40650000-40700000	23	2.0	0.043478260869565216			"{""2.0"": 0.043478260869565216}"
ok	chrX:153932546|153934448	ARHGAP4;NAA10	chrX	153932546	153934448	chrX:153900000-153950000	23	1.9130434782608696	0.17391304347826086	-0.6908492797077579	0.0002626421229404894	"{""1.0"": 2.0, ""2.0"": 0.0}"
ok	chr5:66012049|66014725	ERBIN	chr5	66012049	66014725	chr5:66000000-66050000	23	2.0	0.21739130434782608			"{""2.0"": 0.21739130434782608}"
ok	chr5:81092801|81113920	RASGRF2	chr5	81092801	81113920	chr5:81100000-81150000	23	2.0	0.043478260869565216			"{""2.0"": 0.043478260869565216}"
ok	chr5:109381605|109383520	PJA2	chr5	109381605	109383520	chr5:109350000-109400000	23	1.9565217391304348	0.043478260869565216	0.045454545454545456	0.8368364960931192	"{""1.0"": 0.0, ""2.0"": 0.045454545454545456}"
ok	chr5:177536358|177539147	FAM193B	chr5	177536358	177539147	chr5:177500000-177550000	23	2.0	0.043478260869565216			"{""2.0"": 0.043478260869565216}"
ok	chr6:3722877|3723320	PXDC1	chr6	3722877	3723320	chr6:3700000-3750000	23	1.9565217391304348	0.043478260869565216	0.045454545454545456	0.8368364960931192	"{""1.0"": 0.0, ""2.0"": 0.045454545454545456}"
ok	chr6:130287820|130313093	SAMD3	chr6	130287820	130313093	chr6:130300000-130350000	23	2.0	0.13043478260869565			"{""2.0"": 0.13043478260869565}"
ok	chr6:158282263|158429897	ENSG00000274023;TULP4	chr6	158282263	158429897	chr6:158350000-158400000	23	2.0	0.08695652173913043			"{""2.0"": 0.08695652173913043}"
ok	chr6:159784666|159785496	TCP1	chr6	159784666	159785496	chr6:159750000-159800000	23	2.0	0.043478260869565216			"{""2.0"": 0.043478260869565216}"
ok	chr3:58171941|58172136	FLNB	chr3	58171941	58172136	chr3:58150000-58200000	23	1.9130434782608696	0.08695652173913043	0.06579516949597694	0.7654978135179871	"{""1.0"": 0.0, ""2.0"": 0.09523809523809523}"
ok	chr3:64146830|64153368	PRICKLE2	chr3	64146830	64153368	chr3:64150000-64200000	23	1.9130434782608696	0.08695652173913043	0.06579516949597694	0.7654978135179871	"{""1.0"": 0.0, ""2.0"": 0.09523809523809523}"
ok	chr3:98881540|98881767	DCBLD2	chr3	98881540	98881767	chr3:98850000-98900000	23	2.0	0.13043478260869565			"{""2.0"": 0.13043478260869565}"
ok	chr3:104817473|104829713		chr3	104817473	104829713	chr3:104800000-104850000	23	2.0	0.043478260869565216			"{""2.0"": 0.043478260869565216}"
ok	chr3:123793677|123793844	MYLK	chr3	123793677	123793844	chr3:123750000-123800000	23	1.9565217391304348	0.08695652173913043	0.019968076595771798	0.9279440947274481	"{""1.0"": 0.0, ""2.0"": 0.1111111111111111, ""3.0"": 0.0}"
ok	chr3:185689355|185689627	IGF2BP2	chr3	185689355	185689627	chr3:185650000-185700000	23	1.9565217391304348	0.08695652173913043	0.019968076595771798	0.9279440947274481	"{""1.0"": 0.0, ""2.0"": 0.1111111111111111, ""3.0"": 0.0}"
ok	chr10:13659323|13675044	FRMD4A	chr10	13659323	13675044	chr10:13650000-13700000	23	2.0434782608695654	0.043478260869565216	-0.04545454545454549	0.8368364960931192	"{""2.0"": 0.045454545454545456, ""3.0"": 0.0}"
ok	chr10:13858847|13859693	FRMD4A	chr10	13858847	13859693	chr10:13850000-13900000	23	2.0434782608695654	0.043478260869565216	-0.04545454545454549	0.8368364960931192	"{""2.0"": 0.045454545454545456, ""3.0"": 0.0}"
ok	chr10:68487144|68516843	SLC25A16	chr10	68487144	68516843	chr10:68500000-68550000	23	1.9565217391304348	0.08695652173913043	0.04545454545454544	0.8368364960931192	"{""1.0"": 0.0, ""2.0"": 0.09090909090909091}"
ok	chr10:79110438|79216274	ZMIZ1	chr10	79110438	79216274	chr10:79150000-79200000	23	1.826086956521739	0.08695652173913043	0.09782319760890373	0.6570073287387147	"{""1.0"": 0.0, ""2.0"": 0.10526315789473684}"
ok	chr10:95237709|95238636	PDLIM1	chr10	95237709	95238636	chr10:95200000-95250000	23	1.9565217391304348	0.043478260869565216	0.04545454545454544	0.8368364960931192	"{""1.0"": 0.0, ""2.0"": 0.045454545454545456}"
ok	chr21:44052280|44087928	TRAPPC10	chr21	44052280	44087928	chr21:44050000-44100000	23	1.608695652173913	0.08695652173913043	0.1299579710080293	0.5545102848935703	"{""0.0"": 0.0, ""1.0"": 0.0, ""2.0"": 0.125}"
ok	chr11:60919686|60920988	TMEM109	chr11	60919686	60920988	chr11:60900000-60950000	23	2.0	0.13043478260869565			"{""2.0"": 0.13043478260869565}"
ok	chr11:102791429|102795224	WTAPP1	chr11	102791429	102795224	chr11:102750000-102800000	23	2.0	0.08695652173913043			"{""2.0"": 0.08695652173913043}"
ok	chr11:102797988|102798160	MMP1	chr11	102797988	102798160	chr11:102750000-102800000	23	2.0	0.043478260869565216			"{""2.0"": 0.043478260869565216}"
ok	chr4:10098992|10116735	RNA5SP155;WDR1	chr4	10098992	10116735	chr4:10100000-10150000	23	1.9565217391304348	0.043478260869565216	0.04545454545454544	0.8368364960931192	"{""1.0"": 0.0, ""2.0"": 0.045454545454545456}"
ok	chr4:48510059|48515275	FRYL	chr4	48510059	48515275	chr4:48500000-48550000	23	2.0	0.21739130434782608			"{""2.0"": 0.21739130434782608}"
ok	chr22:29822335|29832342	ASCC2	chr22	29822335	29832342	chr22:29800000-29850000	23	2.0	0.043478260869565216			"{""2.0"": 0.043478260869565216}"
ok	chr22:32859602|32860146	SYN3	chr22	32859602	32860146	chr22:32850000-32900000	23	2.0	0.043478260869565216			"{""2.0"": 0.043478260869565216}"
ok	chr22:37875841|37886845	EIF3L;ENSG00000279738	chr22	37875841	37886845	chr22:37850000-37900000	23	1.9565217391304348	0.13043478260869565	0.045454545454545456	0.8368364960931192	"{""1.0"": 0.0, ""2.0"": 0.13636363636363635}"
ok	chr1:22781421|22785076	EPHB2	chr1	22781421	22785076	chr1:22750000-22800000	23	2.0	0.34782608695652173			"{""2.0"": 0.34782608695652173}"
ok	chr1:26255171|26255865	CEP85	chr1	26255171	26255865	chr1:26250000-26300000	23	2.0	0.08695652173913043			"{""2.0"": 0.08695652173913043}"
ok	chr1:66958059|66963160	MIER1	chr1	66958059	66963160	chr1:66950000-67000000	23	1.9565217391304348	0.043478260869565216	0.04545454545454544	0.8368364960931192	"{""1.0"": 0.0, ""2.0"": 0.045454545454545456}"
ok	chr1:108882580|108904254	GPSM2	chr1	108882580	108904254	chr1:108850000-108900000	23	2.0	0.08695652173913043			"{""2.0"": 0.08695652173913043}"
ok	chr1:155438327|155439068	ASH1L	chr1	155438327	155439068	chr1:155400000-155450000	23	1.9130434782608696	0.08695652173913043	0.06579516949597694	0.7654978135179871	"{""1.0"": 0.0, ""2.0"": 0.09523809523809523}"
ok	chr1:162576777|162600903	ENSG00000272574;UAP1	chr1	162576777	162600903	chr1:162550000-162600000	23	2.0	0.08695652173913043			"{""2.0"": 0.08695652173913043}"
ok	chr1:213205239|213230544	RPS6KC1	chr1	213205239	213230544	chr1:213200000-213250000	23	2.0	0.08695652173913043			"{""2.0"": 0.08695652173913043}"
ok	chr1:220212887|220213979	RAB3GAP2	chr1	220212887	220213979	chr1:220200000-220250000	23	2.0	0.17391304347826086			"{""2.0"": 0.17391304347826086}"
ok	chr12:51049034|51058128	LETMD1	chr12	51049034	51058128	chr12:51050000-51100000	23	2.0	0.043478260869565216			"{""2.0"": 0.043478260869565216}"
ok	chr12:78049993|78059115	NAV3	chr12	78049993	78059115	chr12:78050000-78100000	23	2.0	0.08695652173913043			"{""2.0"": 0.08695652173913043}"
ok	chr12:110340659|110342448	ATP2A2	chr12	110340659	110342448	chr12:110300000-110350000	23	2.0	0.043478260869565216			"{""2.0"": 0.043478260869565216}"
ok	chr12:111485271|111510582	ATXN2	chr12	111485271	111510582	chr12:111450000-111500000	23	2.0	0.043478260869565216			"{""2.0"": 0.043478260869565216}"
ok	chr2:53693884|53750941	ASB3	chr2	53693884	53750941	chr2:53700000-53750000	23	2.0	0.13043478260869565			"{""2.0"": 0.13043478260869565}"
ok	chr2:101281859|101295181	RNF149	chr2	101281859	101295181	chr2:101250000-101300000	23	2.0	0.13043478260869565			"{""2.0"": 0.13043478260869565}"
ok	chr2:161179614|161204793	TANK	chr2	161179614	161204793	chr2:161150000-161200000	23	2.0434782608695654	0.043478260869565216	-0.04545454545454549	0.8368364960931192	"{""2.0"": 0.045454545454545456, ""3.0"": 0.0}"
ok	chr2:181057693|181063041	UBE2E3	chr2	181057693	181063041	chr2:181050000-181100000	23	2.0434782608695654	0.13043478260869565	-0.045454545454545484	0.8368364960931192	"{""2.0"": 0.13636363636363635, ""3.0"": 0.0}"
ok	chr2:203366881|203367044	ABI2	chr2	203366881	203367044	chr2:203350000-203400000	23	2.0434782608695654	0.13043478260869565	-0.045454545454545484	0.8368364960931192	"{""2.0"": 0.13636363636363635, ""3.0"": 0.0}"
ok	chr2:217799794|217800025	TNS1	chr2	217799794	217800025	chr2:217750000-217800000	23	2.0	0.043478260869565216			"{""2.0"": 0.043478260869565216}"
ok	chr13:75856907|75857691	LMO7	chr13	75856907	75857691	chr13:75850000-75900000	23	2.0	0.08695652173913043			"{""2.0"": 0.08695652173913043}"
ok	chr13:110163478|110164885	COL4A1	chr13	110163478	110164885	chr13:110150000-110200000	23	2.0	0.043478260869565216			"{""2.0"": 0.043478260869565216}"
ok	chr13:114041000|114057474	RASA3	chr13	114041000	114057474	chr13:114000000-114050000	23	1.9130434782608696	0.13043478260869565	0.06579516949597693	0.7654978135179871	"{""1.0"": 0.0, ""2.0"": 0.14285714285714285}"
ok	chr20:21330665|21331818	XRN2	chr20	21330665	21331818	chr20:21300000-21350000	23	1.9565217391304348	0.043478260869565216	0.04545454545454544	0.8368364960931192	"{""1.0"": 0.0, ""2.0"": 0.045454545454545456}"
ok	chr18:12999421|13019206	CEP192	chr18	12999421	13019206	chr18:13000000-13050000	23	2.0	0.13043478260869565			"{""2.0"": 0.13043478260869565}"
ok	chr18:27963357|28147784	CDH2;ENSG00000274578	chr18	27963357	28147784	chr18:28050000-28100000	23	2.0	0.043478260869565216			"{""2.0"": 0.043478260869565216}"
ok	chr18:47865059|47896809	SMAD2	chr18	47865059	47896809	chr18:47850000-47900000	23	2.0	0.043478260869565216			"{""2.0"": 0.043478260869565216}"
ok	chr19:43091907|43168203	CEACAMP9;PSG5	chr19	43091907	43168203	chr19:43100000-43150000	23	1.9130434782608696	0.08695652173913043	-0.6908492797077578	0.0002626421229404894	"{""1.0"": 1.0, ""2.0"": 0.0}"
ok	chr19:43991842|44100927	ENSG00000267022;ZNF222;ZNF223;ZNF230;ZNF284	chr19	43991842	44100927	chr19:44000000-44050000	23	1.9130434782608696	0.17391304347826086	-0.6908492797077578	0.0002626421229404894	"{""1.0"": 2.0, ""2.0"": 0.0}"
ok	chr19:43991842|44027149	ENSG00000267022;ZNF155;ZNF222;ZNF230	chr19	43991842	44027149	chr19:44000000-44050000	23	1.9130434782608696	0.08695652173913043	-0.6908492797077578	0.0002626421229404894	"{""1.0"": 1.0, ""2.0"": 0.0}"
ok	chr14:34800224|34826156	BAZ1A	chr14	34800224	34826156	chr14:34800000-34850000	23	2.0	0.043478260869565216			"{""2.0"": 0.043478260869565216}"
ok	chr14:50145477|50150230	SOS2	chr14	50145477	50150230	chr14:50100000-50150000	23	2.0434782608695654	0.30434782608695654	-0.045454545454545484	0.8368364960931192	"{""2.0"": 0.3181818181818182, ""3.0"": 0.0}"
ok	chr14:88657376|88665489	EML5	chr14	88657376	88665489	chr14:88650000-88700000	23	1.9565217391304348	0.043478260869565216	0.04545454545454544	0.8368364960931192	"{""1.0"": 0.0, ""2.0"": 0.045454545454545456}"
ok	chr15:39588575|39591264	FSIP1;THBS1-AS1	chr15	39588575	39591264	chr15:39550000-39600000	23	2.0	0.043478260869565216			"{""2.0"": 0.043478260869565216}"
ok	chr15:49235851|49239367	GALK2	chr15	49235851	49239367	chr15:49200000-49250000	23	2.0	0.08695652173913043			"{""2.0"": 0.08695652173913043}"
ok	chr15:50586392|50592626	TRPM7	chr15	50586392	50592626	chr15:50550000-50600000	23	2.0	0.043478260869565216			"{""2.0"": 0.043478260869565216}"
ok	chr15:80120328|80122800	ZFAND6	chr15	80120328	80122800	chr15:80100000-80150000	23	2.0	0.17391304347826086			"{""2.0"": 0.17391304347826086}"
ok	chr15:93000512|93014909	CHD2	chr15	93000512	93014909	chr15:93000000-93050000	23	1.9565217391304348	0.17391304347826086	0.04545454545454544	0.8368364960931192	"{""1.0"": 0.0, ""2.0"": 0.18181818181818182}"
ok	chr16:56626880|56633405	MT1E;MT1M	chr16	56626880	56633405	chr16:56600000-56650000	23	2.0	1.565217391304348			"{""2.0"": 1.565217391304348}"
ok	chr16:67843686|67844078	THAP11	chr16	67843686	67844078	chr16:67800000-67850000	23	2.0	0.043478260869565216			"{""2.0"": 0.043478260869565216}"
ok	chr16:88810104|88811634	APRT	chr16	88810104	88811634	chr16:88800000-88850000	23	1.7826086956521738	0.043478260869565216	-0.4045199174779454	0.0555467119367926	"{""1.0"": 0.2, ""2.0"": 0.0}"
ok	chr17:3664195|3664767	P2RX5-TAX1BP3;TAX1BP3	chr17	3664195	3664767	chr17:3650000-3700000	23	2.0	0.08695652173913043			"{""2.0"": 0.08695652173913043}"
ok	chr17:18249326|18250870	FLII	chr17	18249326	18250870	chr17:18250000-18300000	23	1.9565217391304348	0.08695652173913043	0.04545454545454544	0.8368364960931192	"{""1.0"": 0.0, ""2.0"": 0.09090909090909091}"
ok	chr17:29666867|29672129	SSH2	chr17	29666867	29672129	chr17:29650000-29700000	23	2.0	0.13043478260869565			"{""2.0"": 0.13043478260869565}"
ok	chr17:44857143|44859937	EFTUD2	chr17	44857143	44859937	chr17:44850000-44900000	23	1.9565217391304348	0.043478260869565216	0.045454545454545456	0.8368364960931192	"{""1.0"": 0.0, ""2.0"": 0.045454545454545456}"
ok	chr17:64490441|64490943	POLG2	chr17	64490441	64490943	chr17:64450000-64500000	23	1.9565217391304348	0.043478260869565216	0.045454545454545456	0.8368364960931192	"{""1.0"": 0.0, ""2.0"": 0.045454545454545456}"
ok	chr17:81511903|81512118	ACTG1	chr17	81511903	81512118	chr17:81500000-81550000	23	2.0	0.043478260869565216			"{""2.0"": 0.043478260869565216}"
ok	chr17:81693730|81695223	HGS;MIR6786	chr17	81693730	81695223	chr17:81650000-81700000	23	2.0	0.043478260869565216			"{""2.0"": 0.043478260869565216}"
ok	chr9:35546430|35548535	RUSC2	chr9	35546430	35548535	chr9:35500000-35550000	23	2.0	0.08695652173913043			"{""2.0"": 0.08695652173913043}"
ok	chr9:99128855|99132739	TGFBR1	chr9	99128855	99132739	chr9:99100000-99150000	23	2.0	0.08695652173913043			"{""2.0"": 0.08695652173913043}"
ok	chr9:133363476|133363618	SURF4	chr9	133363476	133363618	chr9:133350000-133400000	23	1.826086956521739	0.043478260869565216	0.09782319760890373	0.6570073287387147	"{""1.0"": 0.0, ""2.0"": 0.05263157894736842}"
ok	chr7:2791564|2795143	GNA12	chr7	2791564	2795143	chr7:2750000-2800000	23	1.8695652173913044	0.08695652173913043	0.08257228238447706	0.7079879068817685	"{""1.0"": 0.0, ""2.0"": 0.1}"
ok	chr7:5528487|5528705	ACTB	chr7	5528487	5528705	chr7:5500000-5550000	23	1.9130434782608696	0.08695652173913043	0.06579516949597693	0.7654978135179871	"{""1.0"": 0.0, ""2.0"": 0.09523809523809523}"
ok	chr7:38789801|38796864	VPS41	chr7	38789801	38796864	chr7:38750000-38800000	23	2.0	0.043478260869565216			"{""2.0"": 0.043478260869565216}"
ok	chr8:22176537|22179829	BMP1	chr8	22176537	22179829	chr8:22150000-22200000	23	2.0	0.043478260869565216			"{""2.0"": 0.043478260869565216}"
ok	chr8:42865416|42874006	RNF170	chr8	42865416	42874006	chr8:42850000-42900000	23	2.0	0.043478260869565216			"{""2.0"": 0.043478260869565216}"
ok	chrX:47213011|47214428	UBA1	chrX	47213011	47214428	chrX:47200000-47250000	23	2.0	0.08695652173913043			"{""2.0"": 0.08695652173913043}"
ok	chrX:53432362|53434311	ENSG00000233250;HSD17B10	chrX	53432362	53434311	chrX:53400000-53450000	23	2.0	0.043478260869565216			"{""2.0"": 0.043478260869565216}"
ok	chrX:71367499|71460803	Metazoa_SRP;TAF1	chrX	71367499	71460803	chrX:71400000-71450000	23	1.9565217391304348	0.08695652173913043	0.04545454545454544	0.8368364960931192	"{""1.0"": 0.0, ""2.0"": 0.09090909090909091}"
ok	chr5:10415488|10426522	MARCHF6	chr5	10415488	10426522	chr5:10400000-10450000	23	1.9565217391304348	0.21739130434782608	0.04545454545454544	0.8368364960931192	"{""1.0"": 0.0, ""2.0"": 0.22727272727272727}"
ok	chr5:73058433|73077493	FCHO2	chr5	73058433	73077493	chr5:73050000-73100000	23	2.0	0.21739130434782608			"{""2.0"": 0.21739130434782608}"
ok	chr6:44134561|44141098	TMEM63B	chr6	44134561	44141098	chr6:44100000-44150000	23	1.8695652173913044	0.043478260869565216	0.08257228238447706	0.7079879068817685	"{""1.0"": 0.0, ""2.0"": 0.05}"
ok	chr6:144748246|144757989	UTRN	chr6	144748246	144757989	chr6:144750000-144800000	23	2.0	0.043478260869565216			"{""2.0"": 0.043478260869565216}"
ok	chr3:47042561|47098081	SETD2	chr3	47042561	47098081	chr3:47050000-47100000	23	1.9130434782608696	0.043478260869565216	-0.6908492797077577	0.00026264212294049106	"{""1.0"": 0.5, ""2.0"": 0.0}"
ok	chr3:113784258|113784421	ATP6V1A	chr3	113784258	113784421	chr3:113750000-113800000	23	2.0	0.043478260869565216			"{""2.0"": 0.043478260869565216}"
ok	chr3:170381019|170381341	SKIL	chr3	170381019	170381341	chr3:170350000-170400000	23	1.9130434782608696	0.043478260869565216	0.036835473434187874	0.867479167044514	"{""1.0"": 0.0, ""2.0"": 0.058823529411764705, ""3.0"": 0.0}"
ok	chr10:96907265|96952196	LCOR	chr10	96907265	96952196	chr10:96900000-96950000	23	1.9565217391304348	0.30434782608695654	0.04545454545454544	0.8368364960931192	"{""1.0"": 0.0, ""2.0"": 0.3181818181818182}"
ok	chr11:33286413|33286952	HIPK3	chr11	33286413	33286952	chr11:33250000-33300000	23	2.260869565217391	0.043478260869565216	-0.04545454545454544	0.8368364960931192	"{""2.0"": 0.045454545454545456, ""8.0"": 0.0}"
ok	chr11:46312325|46312919	CREB3L1	chr11	46312325	46312919	chr11:46300000-46350000	23	2.260869565217391	0.13043478260869565	-0.04545454545454544	0.8368364960931192	"{""2.0"": 0.13636363636363635, ""8.0"": 0.0}"
ok	chr11:60935505|60936052	TMEM132A	chr11	60935505	60936052	chr11:60900000-60950000	23	2.0	0.043478260869565216			"{""2.0"": 0.043478260869565216}"
ok	chr11:67586107|67586436	GSTP1	chr11	67586107	67586436	chr11:67550000-67600000	23	2.0	0.08695652173913043			"{""2.0"": 0.08695652173913043}"
ok	chr11:93696320|93700186	CEP295	chr11	93696320	93700186	chr11:93650000-93700000	23	2.0	0.13043478260869565			"{""2.0"": 0.13043478260869565}"
ok	chr11:120473050|120477526	ARHGEF12	chr11	120473050	120477526	chr11:120450000-120500000	23	2.0	0.21739130434782608			"{""2.0"": 0.21739130434782608}"
ok	chr4:82878730|82881937	SEC31A	chr4	82878730	82881937	chr4:82850000-82900000	23	1.9565217391304348	0.08695652173913043	0.04545454545454544	0.8368364960931192	"{""1.0"": 0.0, ""2.0"": 0.09090909090909091}"
ok	chr4:109491327|109494856	SEC24B	chr4	109491327	109494856	chr4:109450000-109500000	23	2.0434782608695654	0.21739130434782608	-0.04545454545454549	0.8368364960931192	"{""2.0"": 0.22727272727272727, ""3.0"": 0.0}"
ok	chr22:35292992|35293743	HMGXB4	chr22	35292992	35293743	chr22:35250000-35300000	23	2.0	0.30434782608695654			"{""2.0"": 0.30434782608695654}"
ok	chr12:871265|882073	WNK1	chr12	871265	882073	chr12:850000-900000	23	2.0	0.043478260869565216			"{""2.0"": 0.043478260869565216}"
ok	chr12:29583407|29604219	TMTC1	chr12	29583407	29604219	chr12:29550000-29600000	23	2.0869565217391304	0.043478260869565216	-0.04545454545454544	0.8368364960931192	"{""2.0"": 0.045454545454545456, ""4.0"": 0.0}"
ok	chr12:46197720|46198743	SLC38A1	chr12	46197720	46198743	chr12:46150000-46200000	23	2.0	0.043478260869565216			"{""2.0"": 0.043478260869565216}"
ok	chr12:68752042|68752190	SLC35E3	chr12	68752042	68752190	chr12:68750000-68800000	23	2.0	0.043478260869565216			"{""2.0"": 0.043478260869565216}"
ok	chr12:77940319|78059115	NAV3	chr12	77940319	78059115	chr12:77950000-78000000	23	2.0	0.08695652173913043			"{""2.0"": 0.08695652173913043}"
ok	chr12:106238143|106238296	CKAP4	chr12	106238143	106238296	chr12:106200000-106250000	23	2.0	0.17391304347826086			"{""2.0"": 0.17391304347826086}"
ok	chr12:112090726|112093136	NAA25	chr12	112090726	112093136	chr12:112050000-112100000	23	2.0	0.043478260869565216			"{""2.0"": 0.043478260869565216}"
ok	chr12:118181371|118181607	TAOK3	chr12	118181371	118181607	chr12:118150000-118200000	23	2.0	0.043478260869565216			"{""2.0"": 0.043478260869565216}"
ok	chr12:124378237|124449867	NCOR2	chr12	124378237	124449867	chr12:124400000-124450000	23	1.8695652173913044	0.17391304347826086	0.08257228238447709	0.7079879068817685	"{""1.0"": 0.0, ""2.0"": 0.2}"
ok	chr1:11056679|11058892	SRM	chr1	11056679	11058892	chr1:11050000-11100000	23	2.0	0.043478260869565216			"{""2.0"": 0.043478260869565216}"
ok	chr1:25242366|25242596	RSRP1	chr1	25242366	25242596	chr1:25200000-25250000	23	2.0	0.043478260869565216			"{""2.0"": 0.043478260869565216}"
ok	chr1:51402435|51448135	EPS15	chr1	51402435	51448135	chr1:51400000-51450000	23	1.9565217391304348	0.043478260869565216	0.04545454545454544	0.8368364960931192	"{""1.0"": 0.0, ""2.0"": 0.045454545454545456}"
ok	chr1:108135706|108135975	SLC25A24	chr1	108135706	108135975	chr1:108100000-108150000	23	2.0869565217391304	0.043478260869565216	-0.06579516949597694	0.7654978135179871	"{""2.0"": 0.047619047619047616, ""3.0"": 0.0}"
ok	chr1:155395459|155439068	ASH1L;ASH1L-IT1	chr1	155395459	155439068	chr1:155400000-155450000	23	1.9130434782608696	0.043478260869565216	0.06579516949597694	0.7654978135179871	"{""1.0"": 0.0, ""2.0"": 0.047619047619047616}"
ok	chr2:39331917|39337581	MAP4K3	chr2	39331917	39337581	chr2:39300000-39350000	23	2.0	0.17391304347826086			"{""2.0"": 0.17391304347826086}"
ok	chr2:48328561|48346751	FOXN2	chr2	48328561	48346751	chr2:48300000-48350000	23	2.0	0.13043478260869565			"{""2.0"": 0.13043478260869565}"
ok	chr2:73244695|73249146	CCT7	chr2	73244695	73249146	chr2:73200000-73250000	23	2.0	0.043478260869565216			"{""2.0"": 0.043478260869565216}"
ok	chr2:200856682|200856985	CLK1	chr2	200856682	200856985	chr2:200850000-200900000	23	2.0434782608695654	0.043478260869565216	-0.04545454545454549	0.8368364960931192	"{""2.0"": 0.045454545454545456, ""3.0"": 0.0}"
ok	chr2:215407127|215408349	FN1	chr2	215407127	215408349	chr2:215400000-215450000	23	2.0434782608695654	0.13043478260869565	-0.04545454545454549	0.8368364960931192	"{""2.0"": 0.13636363636363635, ""3.0"": 0.0}"
ok	chr13:77177748|77191813	MYCBP2	chr13	77177748	77191813	chr13:77150000-77200000	23	2.0	0.043478260869565216			"{""2.0"": 0.043478260869565216}"
ok	chr20:9181472|9181634	PLCB4	chr20	9181472	9181634	chr20:9150000-9200000	23	2.0	0.08695652173913043			"{""2.0"": 0.08695652173913043}"
ok	chr18:9593768|9595102	PPP4R1	chr18	9593768	9595102	chr18:9550000-9600000	23	2.0	0.043478260869565216			"{""2.0"": 0.043478260869565216}"
ok	chr18:57652484|57655417	ATP8B1	chr18	57652484	57655417	chr18:57650000-57700000	23	2.0	0.043478260869565216			"{""2.0"": 0.043478260869565216}"
ok	chr19:12524796|12528696	ENSG00000196826;ENSG00000269693;ZNF564	chr19	12524796	12528696	chr19:12500000-12550000	23	2.0	0.043478260869565216			"{""2.0"": 0.043478260869565216}"
ok	chr19:15358967|15362251	AKAP8	chr19	15358967	15362251	chr19:15350000-15400000	23	2.0	0.21739130434782608			"{""2.0"": 0.21739130434782608}"
ok	chr19:38130498|38130772	SIPA1L3	chr19	38130498	38130772	chr19:38100000-38150000	23	1.9130434782608696	0.043478260869565216	0.06579516949597689	0.7654978135179871	"{""1.0"": 0.0, ""2.0"": 0.047619047619047616}"
ok	chr19:39418734|39419003	PLEKHG2	chr19	39418734	39419003	chr19:39400000-39450000	23	1.9130434782608696	0.391304347826087	0.06579516949597687	0.7654978135179871	"{""1.0"": 0.0, ""2.0"": 0.42857142857142855}"
ok	chr19:42232591|42232872	GSK3A	chr19	42232591	42232872	chr19:42200000-42250000	23	1.9130434782608696	0.043478260869565216	0.06579516949597689	0.7654978135179871	"{""1.0"": 0.0, ""2.0"": 0.047619047619047616}"
ok	chr14:52020122|52029593	NID2	chr14	52020122	52029593	chr14:52000000-52050000	23	2.0	0.08695652173913043			"{""2.0"": 0.08695652173913043}"
ok	chr14:72714423|72731934	DPF3	chr14	72714423	72731934	chr14:72700000-72750000	23	1.9565217391304348	0.2608695652173913	0.062123652492193676	0.7782566257277964	"{""1.0"": 0.0, ""2.0"": 0.2727272727272727}"
ok	chr14:74780405|74802676	YLPM1	chr14	74780405	74802676	chr14:74750000-74800000	23	1.8695652173913044	0.08695652173913043	0.08257228238447709	0.7079879068817685	"{""1.0"": 0.0, ""2.0"": 0.1}"
ok	chr14:88626838|88658388	EML5	chr14	88626838	88658388	chr14:88600000-88650000	23	1.9565217391304348	0.043478260869565216	0.04545454545454544	0.8368364960931192	"{""1.0"": 0.0, ""2.0"": 0.045454545454545456}"
ok	chr14:100937403|100966731	MEG8;MIR493HG;SNORD113-5;SNORD113-7;SNORD114-2	chr14	100937403	100966731	chr14:100950000-101000000	23	1.9565217391304348	0.043478260869565216	0.04545454545454544	0.8368364960931192	"{""1.0"": 0.0, ""2.0"": 0.045454545454545456}"
ok	chr15:84643270|84643621	WDR73	chr15	84643270	84643621	chr15:84600000-84650000	23	2.0434782608695654	0.043478260869565216	-0.04545454545454549	0.8368364960931192	"{""2.0"": 0.045454545454545456, ""3.0"": 0.0}"
ok	chr16:19644835|19652090	VPS35L	chr16	19644835	19652090	chr16:19600000-19650000	23	2.0	0.13043478260869565			"{""2.0"": 0.13043478260869565}"
ok	chr16:68294705|68316074	PRMT7;SLC7A6	chr16	68294705	68316074	chr16:68300000-68350000	23	2.0	0.043478260869565216			"{""2.0"": 0.043478260869565216}"
ok	chr16:90031190|90032924	GAS8	chr16	90031190	90032924	chr16:90000000-90050000	23	1.8695652173913044	0.08695652173913043	-0.4141576832812912	0.04944695764960203	"{""0.0"": 0.0, ""1.0"": 2.0, ""2.0"": 0.0}"
ok	chr17:32362914|32368014	ZNF207	chr17	32362914	32368014	chr17:32350000-32400000	23	2.0	0.17391304347826086			"{""2.0"": 0.17391304347826086}"
ok	chr17:45099405|45103021	NMT1	chr17	45099405	45103021	chr17:45100000-45150000	23	1.9565217391304348	0.043478260869565216	0.045454545454545456	0.8368364960931192	"{""1.0"": 0.0, ""2.0"": 0.045454545454545456}"
ok	chr17:50188759|50189492	COL1A1	chr17	50188759	50189492	chr17:50150000-50200000	23	2.0	0.17391304347826086			"{""2.0"": 0.17391304347826086}"
ok	chr17:50189379|50190092	COL1A1	chr17	50189379	50190092	chr17:50150000-50200000	23	2.0	1.5217391304347827			"{""2.0"": 1.5217391304347827}"
ok	chr9:129148487|129148866	ENSG00000235007;PTPA	chr9	129148487	129148866	chr9:129100000-129150000	23	1.9565217391304348	0.08695652173913043	0.04545454545454546	0.8368364960931192	"{""1.0"": 0.0, ""2.0"": 0.09090909090909091}"
ok	chr9:131628609|131638708	RAPGEF1	chr9	131628609	131638708	chr9:131600000-131650000	23	1.826086956521739	0.043478260869565216	-0.4646601886422926	0.02549182097304459	"{""1.0"": 0.25, ""2.0"": 0.0}"
ok	chr9:135881633|135883078	CAMSAP1	chr9	135881633	135883078	chr9:135850000-135900000	23	1.6521739130434783	0.21739130434782608	0.11503304191666289	0.601214789401275	"{""1.0"": 0.125, ""2.0"": 0.26666666666666666}"
ok	chr7:5529161|5529346	ACTB	chr7	5529161	5529346	chr7:5500000-5550000	23	1.9130434782608696	0.043478260869565216	0.06579516949597693	0.7654978135179871	"{""1.0"": 0.0, ""2.0"": 0.047619047619047616}"
ok	chr7:6111125|6115523	USP42	chr7	6111125	6115523	chr7:6100000-6150000	23	1.9565217391304348	0.08695652173913043	0.04545454545454546	0.8368364960931192	"{""1.0"": 0.0, ""2.0"": 0.09090909090909091}"
ok	chr7:24623666|24650712	PALS2	chr7	24623666	24650712	chr7:24600000-24650000	23	2.0	0.08695652173913043			"{""2.0"": 0.08695652173913043}"
ok	chr7:29921424|29921585	SCRN1	chr7	29921424	29921585	chr7:29900000-29950000	23	2.0	0.08695652173913043			"{""2.0"": 0.08695652173913043}"
ok	chr7:31864942|31880860	PDE1C	chr7	31864942	31880860	chr7:31850000-31900000	23	1.9565217391304348	0.21739130434782608	0.04545454545454544	0.8368364960931192	"{""1.0"": 0.0, ""2.0"": 0.22727272727272727}"
ok	chr7:39987599|39988258	CDK13	chr7	39987599	39988258	chr7:39950000-40000000	23	2.0	0.043478260869565216			"{""2.0"": 0.043478260869565216}"
ok	chr7:128840550|128840876	FLNC	chr7	128840550	128840876	chr7:128800000-128850000	23	2.0	0.043478260869565216			"{""2.0"": 0.043478260869565216}"
ok	chr8:23028488|23029661	TNFRSF10B	chr8	23028488	23029661	chr8:23000000-23050000	23	2.0	0.08695652173913043			"{""2.0"": 0.08695652173913043}"
ok	chr8:97661072|97706750	MTDH	chr8	97661072	97706750	chr8:97650000-97700000	23	2.0	0.043478260869565216			"{""2.0"": 0.043478260869565216}"
ok	chrX:20188497|20209404	RPS6KA3	chrX	20188497	20209404	chrX:20150000-20200000	23	1.9565217391304348	0.08695652173913043	0.04545454545454544	0.8368364960931192	"{""1.0"": 0.0, ""2.0"": 0.09090909090909091}"
ok	chr5:53075243|53080621	ITGA2	chr5	53075243	53080621	chr5:53050000-53100000	23	1.9565217391304348	0.043478260869565216	0.04545454545454544	0.8368364960931192	"{""1.0"": 0.0, ""2.0"": 0.045454545454545456}"
ok	chr5:73068669|73077420	FCHO2	chr5	73068669	73077420	chr5:73050000-73100000	23	2.0	0.043478260869565216			"{""2.0"": 0.043478260869565216}"
ok	chr5:138006990|138019146	FAM13B	chr5	138006990	138019146	chr5:138000000-138050000	23	2.0	0.13043478260869565			"{""2.0"": 0.13043478260869565}"
ok	chr5:151774605|151800869	G3BP1	chr5	151774605	151800869	chr5:151750000-151800000	23	2.0	0.21739130434782608			"{""2.0"": 0.21739130434782608}"
ok	chr5:177191884|177212195	NSD1	chr5	177191884	177212195	chr5:177200000-177250000	23	2.0	0.043478260869565216			"{""2.0"": 0.043478260869565216}"
ok	chr6:18191197|18217885	KDM1B	chr6	18191197	18217885	chr6:18200000-18250000	23	2.0	0.043478260869565216			"{""2.0"": 0.043478260869565216}"
ok	chr6:109446337|109447214	MICAL1	chr6	109446337	109447214	chr6:109400000-109450000	23	2.0	0.043478260869565216			"{""2.0"": 0.043478260869565216}"
ok	chr6:158573420|158631389	MIR7161;TMEM181	chr6	158573420	158631389	chr6:158600000-158650000	23	2.0	0.043478260869565216			"{""2.0"": 0.043478260869565216}"
ok	chr10:999003|1000868	GTPBP4	chr10	999003	1000868	chr10:950000-1000000	23	2.0	0.043478260869565216			"{""2.0"": 0.043478260869565216}"
ok	chr10:12196201|12198776	CDC123	chr10	12196201	12198776	chr10:12150000-12200000	23	2.0	0.043478260869565216			"{""2.0"": 0.043478260869565216}"
ok	chr10:17229735|17233682	VIM	chr10	17229735	17233682	chr10:17200000-17250000	23	2.0434782608695654	0.043478260869565216	1.0	0.0	"{""2.0"": 0.0, ""3.0"": 1.0}"
ok	chr10:43387722|43387862	HNRNPF	chr10	43387722	43387862	chr10:43350000-43400000	23	1.9565217391304348	0.08695652173913043	0.04545454545454544	0.8368364960931192	"{""1.0"": 0.0, ""2.0"": 0.09090909090909091}"
ok	chr3:41224021|41225861	CTNNB1	chr3	41224021	41225861	chr3:41200000-41250000	23	1.8695652173913044	0.13043478260869565	-0.5504818825631803	0.006492056112619959	"{""1.0"": 1.0, ""2.0"": 0.0}"
ok	chr3:43432611|43605863	ANO10;RPL18AP9	chr3	43432611	43605863	chr3:43500000-43550000	23	1.9130434782608696	0.043478260869565216	0.06579516949597694	0.7654978135179871	"{""1.0"": 0.0, ""2.0"": 0.047619047619047616}"
ok	chr3:44945168|44959460	ZDHHC3	chr3	44945168	44959460	chr3:44950000-45000000	23	1.9130434782608696	0.13043478260869565	0.06579516949597693	0.7654978135179871	"{""1.0"": 0.0, ""2.0"": 0.14285714285714285}"
ok	chr3:56669700|56673725	TASOR	chr3	56669700	56673725	chr3:56650000-56700000	23	1.9130434782608696	0.043478260869565216	0.06579516949597694	0.7654978135179871	"{""1.0"": 0.0, ""2.0"": 0.047619047619047616}"
ok	chr3:149846011|149921227	RNF13	chr3	149846011	149921227	chr3:149850000-149900000	23	2.0	0.2608695652173913	-0.19016708972001073	0.38478132595197606	"{""1.0"": 0.6666666666666666, ""2.0"": 0.23529411764705882, ""3.0"": 0.0}"
ok	chr3:197865423|197875775	LRCH3	chr3	197865423	197875775	chr3:197850000-197900000	23	1.7391304347826086	0.043478260869565216	-0.23395480008935166	0.28262669663643697	"{""0.0"": 0.0, ""1.0"": 0.16666666666666666, ""2.0"": 0.0, ""3.0"": 0.0}"
ok	chr21:15808809|15842540	USP25	chr21	15808809	15842540	chr21:15800000-15850000	23	2.0	0.043478260869565216			"{""2.0"": 0.043478260869565216}"
ok	chr21:43004326|43028874	PKNOX1	chr21	43004326	43028874	chr21:43000000-43050000	23	1.9565217391304348	0.17391304347826086	0.04545454545454544	0.8368364960931192	"{""1.0"": 0.0, ""2.0"": 0.18181818181818182}"
ok	chr21:45128402|45134832	ADARB1	chr21	45128402	45134832	chr21:45100000-45150000	23	2.0	0.08695652173913043			"{""2.0"": 0.08695652173913043}"
ok	chr21:46121061|46122531	COL6A2	chr21	46121061	46122531	chr21:46100000-46150000	23	2.0	0.043478260869565216			"{""2.0"": 0.043478260869565216}"
ok	chr4:15625252|15668040	FBXL5	chr4	15625252	15668040	chr4:15600000-15650000	23	2.0	0.08695652173913043			"{""2.0"": 0.08695652173913043}"
ok	chr4:40827132|40830577	APBB2	chr4	40827132	40830577	chr4:40800000-40850000	23	2.0	0.17391304347826086			"{""2.0"": 0.17391304347826086}"
ok	chr22:21761680|21762307	MAPK1	chr22	21761680	21762307	chr22:21750000-21800000	23	2.0	0.043478260869565216			"{""2.0"": 0.043478260869565216}"
ok	chr22:21799012|21807846	MAPK1	chr22	21799012	21807846	chr22:21800000-21850000	23	2.0	0.043478260869565216			"{""2.0"": 0.043478260869565216}"
ok	chr22:38986298|39025349	APOBEC3B;APOBEC3C;APOBEC3D;ENSG00000284554	chr22	38986298	39025349	chr22:39000000-39050000	23	1.9565217391304348	0.043478260869565216	0.045454545454545456	0.8368364960931192	"{""1.0"": 0.0, ""2.0"": 0.045454545454545456}"
ok	chr22:45689712|45702847	ATXN10	chr22	45689712	45702847	chr22:45650000-45700000	23	2.0	0.043478260869565216			"{""2.0"": 0.043478260869565216}"
ok	chr22:50288827|50289807	PLXNB2	chr22	50288827	50289807	chr22:50250000-50300000	23	1.9565217391304348	0.08695652173913043	0.045454545454545456	0.8368364960931192	"{""1.0"": 0.0, ""2.0"": 0.09090909090909091}"
ok	chr11:838532|838752	CD151	chr11	838532	838752	chr11:800000-850000	23	1.1304347826086956	0.08695652173913043	-0.04094633178244607	0.8528384170124169	"{""0.0"": 0.0, ""1.0"": 0.1, ""2.0"": 0.0, ""4.0"": 0.0}"
ok	chr11:34957384|34978182	PDHX	chr11	34957384	34978182	chr11:34950000-35000000	23	2.260869565217391	0.043478260869565216	-0.04545454545454544	0.8368364960931192	"{""2.0"": 0.045454545454545456, ""8.0"": 0.0}"
ok	chr11:63976302|63976475	COX8A;ENSG00000256100	chr11	63976302	63976475	chr11:63950000-64000000	23	2.0	0.043478260869565216			"{""2.0"": 0.043478260869565216}"
ok	chr11:70435685|70435825	CTTN	chr11	70435685	70435825	chr11:70400000-70450000	23	1.826086956521739	0.043478260869565216	0.09782319760890373	0.6570073287387147	"{""1.0"": 0.0, ""2.0"": 0.05263157894736842}"
ok	chr11:94799390|94800311	AMOTL1	chr11	94799390	94800311	chr11:94750000-94800000	23	2.0	0.043478260869565216			"{""2.0"": 0.043478260869565216}"
ok	chr11:119088979|119089544	HMBS	chr11	119088979	119089544	chr11:119050000-119100000	23	1.9130434782608696	0.043478260869565216	-0.6908492797077578	0.0002626421229404894	"{""1.0"": 0.5, ""2.0"": 0.0}"
ok	chr11:122776219|122808176	UBASH3B	chr11	122776219	122808176	chr11:122750000-122800000	23	2.0	0.13043478260869565			"{""2.0"": 0.13043478260869565}"
ok	chr1:1228532|1228761	SDF4	chr1	1228532	1228761	chr1:1200000-1250000	23	2.0434782608695654	0.043478260869565216	-0.02585438449975097	0.9067825996615458	"{""1.0"": 0.0, ""2.0"": 0.05, ""3.0"": 0.0}"
ok	chr1:8861152|8863343	ENO1	chr1	8861152	8863343	chr1:8850000-8900000	23	2.0	0.08695652173913043			"{""2.0"": 0.08695652173913043}"
ok	chr1:26729651|26732792	ARID1A	chr1	26729651	26732792	chr1:26700000-26750000	23	1.9565217391304348	0.17391304347826086	0.0582964037329089	0.7916157878319775	"{""1.0"": 0.0, ""2.0"": 0.18181818181818182}"
ok	chr1:28489170|28493091	PHACTR4	chr1	28489170	28493091	chr1:28450000-28500000	23	2.0	0.08695652173913043			"{""2.0"": 0.08695652173913043}"
ok	chr1:50744737|50788110	PHB1P12	chr1	50744737	50788110	chr1:50750000-50800000	23	2.130434782608696	0.043478260869565216	-0.06212365249219371	0.7782566257277964	"{""2.0"": 0.047619047619047616, ""3.0"": 0.0, ""4.0"": 0.0}"
ok	chr1:56373358|56373504	ENSG00000260971;ENSG00000284686	chr1	56373358	56373504	chr1:56350000-56400000	23	2.0	0.08695652173913043			"{""2.0"": 0.08695652173913043}"
ok	chr1:117402186|117420649	MAN1A2	chr1	117402186	117420649	chr1:117400000-117450000	23	1.9565217391304348	0.21739130434782608	0.07901744265512678	0.7200570632590726	"{""1.0"": 0.0, ""2.0"": 0.22727272727272727}"
ok	chr1:154251041|154251653	UBAP2L	chr1	154251041	154251653	chr1:154250000-154300000	23	1.9565217391304348	0.043478260869565216	0.04545454545454544	0.8368364960931192	"{""1.0"": 0.0, ""2.0"": 0.045454545454545456}"
ok	chr1:155412867|155415923	ASH1L	chr1	155412867	155415923	chr1:155400000-155450000	23	1.9130434782608696	0.08695652173913043	-0.6908492797077577	0.00026264212294049106	"{""1.0"": 1.0, ""2.0"": 0.0}"
ok	chr1:200567065|200603955	KIF14	chr1	200567065	200603955	chr1:200550000-200600000	23	2.0	0.21739130434782608			"{""2.0"": 0.21739130434782608}"
ok	chr1:201817088|201817285	NAV1	chr1	201817088	201817285	chr1:201800000-201850000	23	2.0	0.043478260869565216			"{""2.0"": 0.043478260869565216}"
ok	chr1:202755271|202760573	KDM5B	chr1	202755271	202760573	chr1:202750000-202800000	23	2.0	0.08695652173913043			"{""2.0"": 0.08695652173913043}"
ok	chr12:23604387|23640897	SOX5	chr12	23604387	23640897	chr12:23600000-23650000	23	2.0	0.08695652173913043			"{""2.0"": 0.08695652173913043}"
ok	chr12:32379430|32379769	BICD1	chr12	32379430	32379769	chr12:32350000-32400000	23	2.0	0.043478260869565216			"{""2.0"": 0.043478260869565216}"
ok	chr12:48149546|48149704	ASB8	chr12	48149546	48149704	chr12:48100000-48150000	23	2.0	0.043478260869565216			"{""2.0"": 0.043478260869565216}"
ok	chr12:51095114|51098811	TFCP2	chr12	51095114	51098811	chr12:51050000-51100000	23	2.0	0.043478260869565216			"{""2.0"": 0.043478260869565216}"
ok	chr12:109456118|109460805	KCTD10	chr12	109456118	109460805	chr12:109450000-109500000	23	2.0	0.08695652173913043			"{""2.0"": 0.08695652173913043}"
ok	chr12:112502144|112506422	PTPN11	chr12	112502144	112506422	chr12:112500000-112550000	23	2.0	0.043478260869565216			"{""2.0"": 0.043478260869565216}"
ok	chr12:124912051|124912787	UBC	chr12	124912051	124912787	chr12:124900000-124950000	23	1.9130434782608696	0.08695652173913043	0.06579516949597694	0.7654978135179871	"{""1.0"": 0.0, ""2.0"": 0.09523809523809523}"
ok	chr2:36522092|36537546	CRIM1	chr2	36522092	36537546	chr2:36500000-36550000	23	2.0	0.043478260869565216			"{""2.0"": 0.043478260869565216}"
ok	chr2:189010178|189010890	COL3A1	chr2	189010178	189010890	chr2:189000000-189050000	23	2.0434782608695654	0.13043478260869565	-0.045454545454545484	0.8368364960931192	"{""2.0"": 0.13636363636363635, ""3.0"": 0.0}"
ok	chr2:203171928|203217350	NBEAL1;RPL12P16	chr2	203171928	203217350	chr2:203150000-203200000	23	2.0434782608695654	0.043478260869565216	-0.04545454545454549	0.8368364960931192	"{""2.0"": 0.045454545454545456, ""3.0"": 0.0}"
ok	chr2:215399280|215404583	FN1	chr2	215399280	215404583	chr2:215400000-215450000	23	2.0434782608695654	0.043478260869565216	-0.04545454545454549	0.8368364960931192	"{""2.0"": 0.045454545454545456, ""3.0"": 0.0}"
ok	chr2:215407226|215408165	FN1	chr2	215407226	215408165	chr2:215400000-215450000	23	2.0434782608695654	0.043478260869565216	-0.04545454545454549	0.8368364960931192	"{""2.0"": 0.045454545454545456, ""3.0"": 0.0}"
ok	chr13:59969944|59974456	DIAPH3	chr13	59969944	59974456	chr13:59950000-60000000	23	1.9565217391304348	0.13043478260869565	0.045454545454545456	0.8368364960931192	"{""1.0"": 0.0, ""2.0"": 0.13636363636363635}"
ok	chr20:9069101|9217428	PLCB4	chr20	9069101	9217428	chr20:9100000-9150000	23	2.0	0.13043478260869565			"{""2.0"": 0.13043478260869565}"
ok	chr20:31782249|31797515	TPX2	chr20	31782249	31797515	chr20:31750000-31800000	23	1.9565217391304348	0.043478260869565216	0.04545454545454544	0.8368364960931192	"{""1.0"": 0.0, ""2.0"": 0.045454545454545456}"
ok	chr20:34029769|34031604	RALY	chr20	34029769	34031604	chr20:34000000-34050000	23	2.0	0.043478260869565216			"{""2.0"": 0.043478260869565216}"
ok	chr20:34393791|34442303	ENSG00000289720;ITCH	chr20	34393791	34442303	chr20:34400000-34450000	23	2.0	0.043478260869565216			"{""2.0"": 0.043478260869565216}"
ok	chr18:21765772|21819646	MIB1;RN7SL233P;SNORA73	chr18	21765772	21819646	chr18:21750000-21800000	23	2.0	0.13043478260869565			"{""2.0"": 0.13043478260869565}"
ok	chr18:68697226|68698031	TMX3	chr18	68697226	68698031	chr18:68650000-68700000	23	2.0	0.08695652173913043			"{""2.0"": 0.08695652173913043}"
ok	chr19:12928342|12928932	FARSA	chr19	12928342	12928932	chr19:12900000-12950000	23	2.0	0.043478260869565216			"{""2.0"": 0.043478260869565216}"
ok	chr19:16081913|16101409	TPM4	chr19	16081913	16101409	chr19:16050000-16100000	23	2.0	0.13043478260869565			"{""2.0"": 0.13043478260869565}"
ok	chr19:48384279|48390504	KDELR1	chr19	48384279	48390504	chr19:48350000-48400000	23	1.9130434782608696	0.08695652173913043	0.06579516949597689	0.7654978135179871	"{""1.0"": 0.0, ""2.0"": 0.09523809523809523}"
ok	chr14:71413948|71418196	SIPA1L1	chr14	71413948	71418196	chr14:71400000-71450000	23	1.9565217391304348	0.13043478260869565	0.04545454545454544	0.8368364960931192	"{""1.0"": 0.0, ""2.0"": 0.13636363636363635}"
ok	chr14:74780405|74782325	YLPM1	chr14	74780405	74782325	chr14:74750000-74800000	23	1.8695652173913044	0.13043478260869565	0.0825722823844771	0.7079879068817685	"{""1.0"": 0.0, ""2.0"": 0.15}"
ok	chr14:91891257|91936999	FBLN5	chr14	91891257	91936999	chr14:91900000-91950000	23	1.9565217391304348	0.08695652173913043	0.04545454545454544	0.8368364960931192	"{""1.0"": 0.0, ""2.0"": 0.09090909090909091}"
ok	chr14:102040236|102040673	DYNC1H1	chr14	102040236	102040673	chr14:102000000-102050000	23	1.9565217391304348	0.17391304347826086	0.0582964037329089	0.7916157878319775	"{""1.0"": 0.0, ""2.0"": 0.18181818181818182}"
ok	chr15:64156010|64160123	SNX22	chr15	64156010	64160123	chr15:64150000-64200000	23	2.0	0.08695652173913043			"{""2.0"": 0.08695652173913043}"
ok	chr16:56362156|56362353	AMFR	chr16	56362156	56362353	chr16:56350000-56400000	23	2.0	0.08695652173913043			"{""2.0"": 0.08695652173913043}"
ok	chr16:57429206|57441010	CIAPIN1	chr16	57429206	57441010	chr16:57400000-57450000	23	2.0	0.043478260869565216			"{""2.0"": 0.043478260869565216}"
ok	chr16:84873920|84880584	CRISPLD2	chr16	84873920	84880584	chr16:84850000-84900000	23	1.9565217391304348	0.17391304347826086	0.04545454545454544	0.8368364960931192	"{""1.0"": 0.0, ""2.0"": 0.18181818181818182}"
ok	chr17:40391506|40392737	TOP2A	chr17	40391506	40392737	chr17:40350000-40400000	23	2.0	0.043478260869565216	0.0	1.0	"{""1.0"": 0.0, ""2.0"": 0.047619047619047616, ""3.0"": 0.0}"
ok	chr17:43766704|43767317	DUSP3	chr17	43766704	43767317	chr17:43750000-43800000	23	1.9565217391304348	0.043478260869565216	0.045454545454545456	0.8368364960931192	"{""1.0"": 0.0, ""2.0"": 0.045454545454545456}"
ok	chr17:60460663|60462061	APPBP2	chr17	60460663	60462061	chr17:60450000-60500000	23	2.0	0.043478260869565216			"{""2.0"": 0.043478260869565216}"
ok	chr17:67736666|67739608	NOL11	chr17	67736666	67739608	chr17:67700000-67750000	23	2.0	0.043478260869565216			"{""2.0"": 0.043478260869565216}"
ok	chr9:36058827|36060155	RECK	chr9	36058827	36060155	chr9:36050000-36100000	23	1.9565217391304348	0.08695652173913043	0.04545454545454546	0.8368364960931192	"{""1.0"": 0.0, ""2.0"": 0.09090909090909091}"
ok	chr9:36351115|36376127	RNF38	chr9	36351115	36376127	chr9:36350000-36400000	23	2.0	0.13043478260869565			"{""2.0"": 0.13043478260869565}"
ok	chr7:30612190|30616007	GARS1	chr7	30612190	30616007	chr7:30600000-30650000	23	2.0	0.043478260869565216			"{""2.0"": 0.043478260869565216}"
ok	chr7:92509329|92518255	PEX1	chr7	92509329	92518255	chr7:92500000-92550000	23	2.0	0.043478260869565216			"{""2.0"": 0.043478260869565216}"
ok	chr7:99493040|99494631	ZNF394	chr7	99493040	99494631	chr7:99450000-99500000	23	1.9565217391304348	0.17391304347826086	0.0582964037329089	0.7916157878319775	"{""1.0"": 0.0, ""2.0"": 0.18181818181818182}"
ok	chr7:128591850|128609579	ENSG00000242588;ENSG00000280828	chr7	128591850	128609579	chr7:128600000-128650000	23	2.0	0.043478260869565216			"{""2.0"": 0.043478260869565216}"
ok	chr7:130039464|130041473	ZC3HC1	chr7	130039464	130041473	chr7:130000000-130050000	23	2.0	0.21739130434782608			"{""2.0"": 0.21739130434782608}"
ok	chr8:67105905|67116122	CSPP1	chr8	67105905	67116122	chr8:67100000-67150000	23	2.0	0.043478260869565216			"{""2.0"": 0.043478260869565216}"
ok	chr8:94537103|94538346	VIRMA	chr8	94537103	94538346	chr8:94500000-94550000	23	2.0	0.043478260869565216			"{""2.0"": 0.043478260869565216}"
ok	chr8:121628714|121629340	HAS2	chr8	121628714	121629340	chr8:121600000-121650000	23	2.0	0.043478260869565216			"{""2.0"": 0.043478260869565216}"
ok	chr8:144790369|144791872	RPL8	chr8	144790369	144791872	chr8:144750000-144800000	23	1.9130434782608696	0.043478260869565216	0.06579516949597694	0.7654978135179871	"{""1.0"": 0.0, ""2.0"": 0.047619047619047616}"
ok	chr5:138810038|138827718	CTNNA1	chr5	138810038	138827718	chr5:138800000-138850000	23	2.0	0.21739130434782608			"{""2.0"": 0.21739130434782608}"
ok	chr5:150000164|150000473	TIGD6	chr5	150000164	150000473	chr5:150000000-150050000	23	2.0	0.043478260869565216			"{""2.0"": 0.043478260869565216}"
ok	chr5:151663143|151669688	SPARC	chr5	151663143	151669688	chr5:151650000-151700000	23	2.0	0.17391304347826086			"{""2.0"": 0.17391304347826086}"
ok	chr5:151786572|151804446	G3BP1	chr5	151786572	151804446	chr5:151750000-151800000	23	2.0	0.043478260869565216			"{""2.0"": 0.043478260869565216}"
ok	chr6:149378018|149379518	TAB2	chr6	149378018	149379518	chr6:149350000-149400000	23	1.9565217391304348	0.13043478260869565	0.04545454545454544	0.8368364960931192	"{""1.0"": 0.0, ""2.0"": 0.13636363636363635}"
ok	chr3:29739720|29884208	ENSG00000283563;RBMS3	chr3	29739720	29884208	chr3:29800000-29850000	23	1.9130434782608696	0.08695652173913043	0.06579516949597694	0.7654978135179871	"{""1.0"": 0.0, ""2.0"": 0.09523809523809523}"
ok	chr3:52678500|52679694	PBRM1	chr3	52678500	52679694	chr3:52650000-52700000	23	1.8695652173913044	0.043478260869565216	0.08257228238447709	0.7079879068817685	"{""1.0"": 0.0, ""2.0"": 0.05}"
ok	chr3:180933334|180935231	FXR1	chr3	180933334	180935231	chr3:180900000-180950000	23	2.0	0.043478260869565216	0.0	1.0	"{""1.0"": 0.0, ""2.0"": 0.05555555555555555, ""3.0"": 0.0, ""4.0"": 0.0}"
ok	chr3:184886110|184999861	VPS8	chr3	184886110	184999861	chr3:184900000-184950000	23	1.9565217391304348	0.08695652173913043	0.019968076595771805	0.9279440947274481	"{""1.0"": 0.0, ""2.0"": 0.1111111111111111, ""3.0"": 0.0}"
ok	chr3:188666619|188666823	LPP	chr3	188666619	188666823	chr3:188650000-188700000	23	1.9565217391304348	0.043478260869565216	0.019968076595771805	0.9279440947274481	"{""1.0"": 0.0, ""2.0"": 0.05555555555555555, ""3.0"": 0.0}"
ok	chr10:84417771|84425893	CCSER2	chr10	84417771	84425893	chr10:84400000-84450000	23	1.9565217391304348	0.13043478260869565	0.062123652492193676	0.7782566257277964	"{""1.0"": 0.0, ""2.0"": 0.13636363636363635}"
ok	chr10:99894946|99909146	DNMBP	chr10	99894946	99909146	chr10:99900000-99950000	23	1.9565217391304348	0.13043478260869565	0.04545454545454544	0.8368364960931192	"{""1.0"": 0.0, ""2.0"": 0.13636363636363635}"
ok	chr10:102685816|102705489	ARL3	chr10	102685816	102705489	chr10:102650000-102700000	23	1.9565217391304348	0.043478260869565216	0.04545454545454544	0.8368364960931192	"{""1.0"": 0.0, ""2.0"": 0.045454545454545456}"
ok	chr4:13619943|13623447	BOD1L1	chr4	13619943	13623447	chr4:13600000-13650000	23	2.0	0.043478260869565216			"{""2.0"": 0.043478260869565216}"
ok	chr4:48369849|48394653	SLAIN2	chr4	48369849	48394653	chr4:48350000-48400000	23	2.0	0.08695652173913043			"{""2.0"": 0.08695652173913043}"
ok	chr4:48369849|48383784	SLAIN2	chr4	48369849	48383784	chr4:48350000-48400000	23	2.0	0.08695652173913043			"{""2.0"": 0.08695652173913043}"
ok	chr4:77055146|77066401	CCNI	chr4	77055146	77066401	chr4:77050000-77100000	23	2.0	0.08695652173913043			"{""2.0"": 0.08695652173913043}"
ok	chr4:87046166|87047594	AFF1	chr4	87046166	87047594	chr4:87000000-87050000	23	2.0	0.043478260869565216			"{""2.0"": 0.043478260869565216}"
ok	chr4:150817124|150831976	LRBA	chr4	150817124	150831976	chr4:150800000-150850000	23	2.0	0.08695652173913043			"{""2.0"": 0.08695652173913043}"
ok	chr4:169537809|169556095	NEK1	chr4	169537809	169556095	chr4:169500000-169550000	23	2.0	0.13043478260869565			"{""2.0"": 0.13043478260869565}"
ok	chr11:6609341|6610206	ILK	chr11	6609341	6610206	chr11:6600000-6650000	23	2.260869565217391	0.043478260869565216	-0.04545454545454544	0.8368364960931192	"{""2.0"": 0.045454545454545456, ""8.0"": 0.0}"
ok	chr11:12226171|12227131	MICAL2	chr11	12226171	12227131	chr11:12200000-12250000	23	2.260869565217391	0.043478260869565216	-0.04545454545454544	0.8368364960931192	"{""2.0"": 0.045454545454545456, ""8.0"": 0.0}"
ok	chr11:65867934|65869915	EFEMP2	chr11	65867934	65869915	chr11:65850000-65900000	23	2.0	0.13043478260869565			"{""2.0"": 0.13043478260869565}"
ok	chr11:86808775|86808955	PRSS23	chr11	86808775	86808955	chr11:86800000-86850000	23	2.0	0.043478260869565216			"{""2.0"": 0.043478260869565216}"
ok	chr22:41246519|41249768	RANGAP1	chr22	41246519	41249768	chr22:41200000-41250000	23	1.9565217391304348	0.043478260869565216	0.045454545454545456	0.8368364960931192	"{""1.0"": 0.0, ""2.0"": 0.045454545454545456}"
ok	chr1:11934733|11948067	PLOD1	chr1	11934733	11948067	chr1:11900000-11950000	23	1.9565217391304348	0.043478260869565216	0.04545454545454544	0.8368364960931192	"{""1.0"": 0.0, ""2.0"": 0.045454545454545456}"
ok	chr1:20482510|20482720	CAMK2N1	chr1	20482510	20482720	chr1:20450000-20500000	23	2.0	0.043478260869565216			"{""2.0"": 0.043478260869565216}"
ok	chr1:23559190|23559446	ID3	chr1	23559190	23559446	chr1:23550000-23600000	23	2.0	0.043478260869565216			"{""2.0"": 0.043478260869565216}"
ok	chr1:27102732|27109765	SLC9A1	chr1	27102732	27109765	chr1:27100000-27150000	23	1.9565217391304348	0.043478260869565216	0.04545454545454544	0.8368364960931192	"{""1.0"": 0.0, ""2.0"": 0.045454545454545456}"
ok	chr1:31337175|31339048	ZCCHC17	chr1	31337175	31339048	chr1:31300000-31350000	23	2.0	0.13043478260869565			"{""2.0"": 0.13043478260869565}"
ok	chr1:44874678|44880008	EIF2B3	chr1	44874678	44880008	chr1:44850000-44900000	23	2.0	0.043478260869565216			"{""2.0"": 0.043478260869565216}"
ok	chr1:236168706|236180028	GPR137B	chr1	236168706	236180028	chr1:236150000-236200000	23	1.9565217391304348	0.043478260869565216	0.04545454545454544	0.8368364960931192	"{""1.0"": 0.0, ""2.0"": 0.045454545454545456}"
ok	chr1:247172348|247185322	ENSG00000224014	chr1	247172348	247185322	chr1:247150000-247200000	23	2.0	0.043478260869565216			"{""2.0"": 0.043478260869565216}"
ok	chr12:12891578|12908732	GPRC5A	chr12	12891578	12908732	chr12:12900000-12950000	23	1.9565217391304348	0.21739130434782608	0.04545454545454544	0.8368364960931192	"{""1.0"": 0.0, ""2.0"": 0.22727272727272727}"
ok	chr12:26995237|27003390	TM7SF3	chr12	26995237	27003390	chr12:26950000-27000000	23	2.0	0.043478260869565216			"{""2.0"": 0.043478260869565216}"
ok	chr12:50427762|50429090	LARP4	chr12	50427762	50429090	chr12:50400000-50450000	23	2.0	0.043478260869565216			"{""2.0"": 0.043478260869565216}"
ok	chr12:106240245|106247452	CKAP4;ENSG00000258355	chr12	106240245	106247452	chr12:106200000-106250000	23	2.0	0.043478260869565216			"{""2.0"": 0.043478260869565216}"
ok	chr2:32174063|32184338	SLC30A6	chr2	32174063	32184338	chr2:32150000-32200000	23	2.0	0.043478260869565216			"{""2.0"": 0.043478260869565216}"
ok	chr2:32377588|32416163	BIRC6	chr2	32377588	32416163	chr2:32350000-32400000	23	2.0	0.08695652173913043			"{""2.0"": 0.08695652173913043}"
ok	chr2:39331917|39356339	MAP4K3	chr2	39331917	39356339	chr2:39300000-39350000	23	2.0	0.08695652173913043			"{""2.0"": 0.08695652173913043}"
ok	chr2:95851694|95860074	ANKRD36C	chr2	95851694	95860074	chr2:95850000-95900000	23	0.08695652173913043	0.13043478260869565	-0.04545454545454544	0.8368364960931192	"{""0.0"": 0.13636363636363635, ""2.0"": 0.0}"
ok	chr2:99837477|100008932	AFF3	chr2	99837477	100008932	chr2:99900000-99950000	23	2.0	0.08695652173913043			"{""2.0"": 0.08695652173913043}"
ok	chr2:113735777|113755544	SLC35F5	chr2	113735777	113755544	chr2:113700000-113750000	23	2.0	0.08695652173913043			"{""2.0"": 0.08695652173913043}"
ok	chr2:161231163|161231479	PSMD14-DT	chr2	161231163	161231479	chr2:161200000-161250000	23	2.0434782608695654	0.043478260869565216	-0.04545454545454549	0.8368364960931192	"{""2.0"": 0.045454545454545456, ""3.0"": 0.0}"
ok	chr2:207976651|207977586	PLEKHM3	chr2	207976651	207977586	chr2:207950000-208000000	23	2.0434782608695654	0.043478260869565216	-0.04545454545454549	0.8368364960931192	"{""2.0"": 0.045454545454545456, ""3.0"": 0.0}"
ok	chr2:215388212|215397827	FN1	chr2	215388212	215397827	chr2:215350000-215400000	23	2.0434782608695654	0.043478260869565216	-0.04545454545454549	0.8368364960931192	"{""2.0"": 0.045454545454545456, ""3.0"": 0.0}"
ok	chr2:215388236|215393033	FN1	chr2	215388236	215393033	chr2:215350000-215400000	23	2.0434782608695654	0.043478260869565216	-0.04545454545454549	0.8368364960931192	"{""2.0"": 0.045454545454545456, ""3.0"": 0.0}"
ok	chr2:215419260|215423377	FN1	chr2	215419260	215423377	chr2:215400000-215450000	23	2.0434782608695654	0.08695652173913043	-0.0657951694959769	0.7654978135179871	"{""2.0"": 0.09090909090909091, ""3.0"": 0.0}"
ok	chr2:238030556|238032254	UBE2F;UBE2F-SCLY	chr2	238030556	238032254	chr2:238000000-238050000	23	2.0	0.13043478260869565	0.0	1.0	"{""1.0"": 0.0, ""2.0"": 0.14285714285714285, ""3.0"": 0.0}"
ok	chr2:241407537|241411130	FARP2	chr2	241407537	241411130	chr2:241400000-241450000	23	2.0434782608695654	0.08695652173913043	-0.04545454545454549	0.8368364960931192	"{""2.0"": 0.09090909090909091, ""3.0"": 0.0}"
ok	chr13:95194836|95210781	ABCC4	chr13	95194836	95210781	chr13:95200000-95250000	23	2.0	0.043478260869565216			"{""2.0"": 0.043478260869565216}"
ok	chr20:41202057|41205066	ZHX3	chr20	41202057	41205066	chr20:41200000-41250000	23	1.9565217391304348	0.08695652173913043	-1.0	0.0	"{""1.0"": 2.0, ""2.0"": 0.0}"
ok	chr20:47623911|47633636	NCOA3	chr20	47623911	47633636	chr20:47600000-47650000	23	2.0	0.043478260869565216			"{""2.0"": 0.043478260869565216}"
ok	chr19:35155466|35160801	FXYD5	chr19	35155466	35160801	chr19:35150000-35200000	23	1.9130434782608696	0.043478260869565216	0.06579516949597689	0.7654978135179871	"{""1.0"": 0.0, ""2.0"": 0.047619047619047616}"
ok	chr19:35545873|35546778	TMEM147-AS1	chr19	35545873	35546778	chr19:35500000-35550000	23	1.9130434782608696	0.08695652173913043	0.06579516949597689	0.7654978135179871	"{""1.0"": 0.0, ""2.0"": 0.09523809523809523}"
ok	chr14:21357197|21361213	SUPT16H	chr14	21357197	21361213	chr14:21350000-21400000	23	2.0	0.08695652173913043			"{""2.0"": 0.08695652173913043}"
ok	chr14:21503173|21503881	METTL3	chr14	21503173	21503881	chr14:21500000-21550000	23	2.0	0.08695652173913043			"{""2.0"": 0.08695652173913043}"
ok	chr14:71407532|71418196	SIPA1L1	chr14	71407532	71418196	chr14:71400000-71450000	23	1.9565217391304348	0.043478260869565216	0.04545454545454544	0.8368364960931192	"{""1.0"": 0.0, ""2.0"": 0.045454545454545456}"
ok	chr15:22845146|22858630	NIPA2	chr15	22845146	22858630	chr15:22850000-22900000	23	1.9130434782608696	0.21739130434782608	0.03683547343418786	0.867479167044514	"{""1.0"": 0.0, ""2.0"": 0.29411764705882354, ""3.0"": 0.0}"
ok	chr15:42950262|42966286	UBR1	chr15	42950262	42966286	chr15:42950000-43000000	23	2.0	0.13043478260869565			"{""2.0"": 0.13043478260869565}"
ok	chr15:48420687|48428471	FBN1	chr15	48420687	48428471	chr15:48400000-48450000	23	2.0	0.043478260869565216			"{""2.0"": 0.043478260869565216}"
ok	chr15:62647275|62657898	TLN2	chr15	62647275	62657898	chr15:62650000-62700000	23	2.0	0.17391304347826086			"{""2.0"": 0.17391304347826086}"
ok	chr15:63537025|63537667	USP3	chr15	63537025	63537667	chr15:63500000-63550000	23	2.0	0.043478260869565216			"{""2.0"": 0.043478260869565216}"
ok	chr15:78013012|78016649	TBC1D2B	chr15	78013012	78016649	chr15:78000000-78050000	23	2.0	0.043478260869565216			"{""2.0"": 0.043478260869565216}"
ok	chr16:11553566|11586915	LITAF	chr16	11553566	11586915	chr16:11550000-11600000	23	1.9565217391304348	0.13043478260869565	0.04545454545454544	0.8368364960931192	"{""1.0"": 0.0, ""2.0"": 0.13636363636363635}"
ok	chr16:71676447|71679535	PHLPP2	chr16	71676447	71679535	chr16:71650000-71700000	23	2.0	0.043478260869565216			"{""2.0"": 0.043478260869565216}"
ok	chr16:87975048|87984259	BANP	chr16	87975048	87984259	chr16:87950000-88000000	23	1.826086956521739	0.08695652173913043	0.0978231976089037	0.6570073287387147	"{""1.0"": 0.0, ""2.0"": 0.10526315789473684}"
ok	chr17:1842803|1853189	RPA1	chr17	1842803	1853189	chr17:1800000-1850000	23	2.0	0.043478260869565216			"{""2.0"": 0.043478260869565216}"
ok	chr17:79936228|79936512	TBC1D16	chr17	79936228	79936512	chr17:79900000-79950000	23	2.0	0.08695652173913043			"{""2.0"": 0.08695652173913043}"
ok	chr17:81701565|81701773	HGS	chr17	81701565	81701773	chr17:81700000-81750000	23	2.0	0.13043478260869565			"{""2.0"": 0.13043478260869565}"
ok	chr9:33948374|33996333	OSTCP8;SNORD121A;UBAP2	chr9	33948374	33996333	chr9:33950000-34000000	23	1.9565217391304348	0.043478260869565216	0.045454545454545456	0.8368364960931192	"{""1.0"": 0.0, ""2.0"": 0.045454545454545456}"
ok	chr9:98228952|98233549	MIR6854;TBC1D2	chr9	98228952	98233549	chr9:98200000-98250000	23	2.0	0.043478260869565216			"{""2.0"": 0.043478260869565216}"
ok	chr9:100441906|100454385	MSANTD3;MSANTD3-TMEFF1	chr9	100441906	100454385	chr9:100400000-100450000	23	2.0	0.043478260869565216			"{""2.0"": 0.043478260869565216}"
ok	chr7:6469596|6474284	DAGLB;KDELR2	chr7	6469596	6474284	chr7:6450000-6500000	23	1.9565217391304348	0.043478260869565216	-1.0	0.0	"{""1.0"": 1.0, ""2.0"": 0.0}"
ok	chr7:90604218|90623543	CDK14	chr7	90604218	90623543	chr7:90600000-90650000	23	2.0	0.043478260869565216			"{""2.0"": 0.043478260869565216}"
ok	chr7:100677614|100678262	GNB2	chr7	100677614	100678262	chr7:100650000-100700000	23	1.9130434782608696	0.08695652173913043	0.0657951694959769	0.7654978135179871	"{""1.0"": 0.0, ""2.0"": 0.09523809523809523}"
ok	chr7:105638353|105665288	ATXN7L1	chr7	105638353	105665288	chr7:105650000-105700000	23	2.0	0.08695652173913043			"{""2.0"": 0.08695652173913043}"
ok	chr7:140734617|140808995	BRAF	chr7	140734617	140808995	chr7:140750000-140800000	23	2.0	0.13043478260869565			"{""2.0"": 0.13043478260869565}"
ok	chrX:39787766|39788137	GAPDHP1	chrX	39787766	39788137	chrX:39750000-39800000	23	1.9565217391304348	0.17391304347826086	-1.0	0.0	"{""1.0"": 4.0, ""2.0"": 0.0}"
ok	chrX:154350052|154351026	FLNA	chrX	154350052	154351026	chrX:154350000-154400000	23	1.9565217391304348	0.043478260869565216	0.04545454545454546	0.8368364960931192	"{""1.0"": 0.0, ""2.0"": 0.045454545454545456}"
ok	chr8:22474954|22475624	PPP3CC	chr8	22474954	22475624	chr8:22450000-22500000	23	2.0	0.34782608695652173			"{""2.0"": 0.34782608695652173}"
ok	chr8:23017288|23017458	ENSG00000245025	chr8	23017288	23017458	chr8:23000000-23050000	23	2.0	0.043478260869565216			"{""2.0"": 0.043478260869565216}"
ok	chr8:67131951|67164508	CSPP1	chr8	67131951	67164508	chr8:67100000-67150000	23	2.0	0.08695652173913043			"{""2.0"": 0.08695652173913043}"
ok	chr5:13911386|13931244	DNAH5	chr5	13911386	13931244	chr5:13900000-13950000	23	2.0	0.043478260869565216			"{""2.0"": 0.043478260869565216}"
ok	chr5:73078180|73082825	FCHO2	chr5	73078180	73082825	chr5:73050000-73100000	23	2.0	0.043478260869565216			"{""2.0"": 0.043478260869565216}"
ok	chr5:151674621|151676183	SPARC	chr5	151674621	151676183	chr5:151650000-151700000	23	2.0	0.043478260869565216			"{""2.0"": 0.043478260869565216}"
ok	chr6:70857922|70858107	SMAP1	chr6	70857922	70858107	chr6:70850000-70900000	23	2.0	0.043478260869565216			"{""2.0"": 0.043478260869565216}"
ok	chr6:72295937|72333835	RIMS1	chr6	72295937	72333835	chr6:72300000-72350000	23	2.0	0.043478260869565216			"{""2.0"": 0.043478260869565216}"
ok	chr6:100715462|100725703	ASCC3	chr6	100715462	100725703	chr6:100700000-100750000	23	2.0	0.043478260869565216			"{""2.0"": 0.043478260869565216}"
ok	chr6:130144434|130176008	ENSG00000227678;SAMD3	chr6	130144434	130176008	chr6:130150000-130200000	23	2.0	0.043478260869565216			"{""2.0"": 0.043478260869565216}"
ok	chr6:149836085|149853160	ENSG00000285991;LRP11	chr6	149836085	149853160	chr6:149800000-149850000	23	1.9565217391304348	0.043478260869565216	0.04545454545454546	0.8368364960931192	"{""1.0"": 0.0, ""2.0"": 0.045454545454545456}"
ok	chr6:159784666|159786939	SNORA29;TCP1	chr6	159784666	159786939	chr6:159750000-159800000	23	2.0	0.043478260869565216			"{""2.0"": 0.043478260869565216}"
ok	chr3:12585122|12590844	RAF1	chr3	12585122	12590844	chr3:12550000-12600000	23	1.8695652173913044	0.08695652173913043	0.08257228238447706	0.7079879068817685	"{""1.0"": 0.0, ""2.0"": 0.1}"
ok	chr3:49056862|49057890	ENSG00000290315;QRICH1	chr3	49056862	49057890	chr3:49050000-49100000	23	1.9130434782608696	0.043478260869565216	0.0657951694959769	0.7654978135179871	"{""1.0"": 0.0, ""2.0"": 0.047619047619047616}"
ok	chr3:66451559|66462509	LRIG1	chr3	66451559	66462509	chr3:66450000-66500000	23	1.9130434782608696	0.08695652173913043	0.09523809523809523	0.6655527244594618	"{""1.0"": 0.0, ""2.0"": 0.09523809523809523}"
ok	chr3:100283607|100319204	TBC1D23	chr3	100283607	100319204	chr3:100300000-100350000	23	2.0	0.08695652173913043			"{""2.0"": 0.08695652173913043}"
ok	chr3:100713643|100728858	TFG	chr3	100713643	100728858	chr3:100700000-100750000	23	2.0	0.043478260869565216			"{""2.0"": 0.043478260869565216}"
ok	chr3:138681967|138684803	PIK3CB	chr3	138681967	138684803	chr3:138650000-138700000	23	1.9130434782608696	0.043478260869565216	0.036835473434187874	0.867479167044514	"{""1.0"": 0.0, ""2.0"": 0.058823529411764705, ""3.0"": 0.0}"
ok	chr3:149968358|149970839	ANKUB1;PFN2	chr3	149968358	149970839	chr3:149950000-150000000	23	2.0	0.13043478260869565	0.0	1.0	"{""1.0"": 0.0, ""2.0"": 0.17647058823529413, ""3.0"": 0.0}"
ok	chr3:184178857|184180251	AP2M1	chr3	184178857	184180251	chr3:184150000-184200000	23	1.9565217391304348	0.21739130434782608	0.0199680765957718	0.9279440947274481	"{""1.0"": 0.0, ""2.0"": 0.2777777777777778, ""3.0"": 0.0}"
ok	chr10:17229735|17233631	VIM	chr10	17229735	17233631	chr10:17200000-17250000	23	2.0434782608695654	0.13043478260869565	-0.062123652492193704	0.7782566257277964	"{""2.0"": 0.13636363636363635, ""3.0"": 0.0}"
ok	chr10:18680912|18681115	ARL5B	chr10	18680912	18681115	chr10:18650000-18700000	23	2.0434782608695654	0.043478260869565216	-0.04545454545454549	0.8368364960931192	"{""2.0"": 0.045454545454545456, ""3.0"": 0.0}"
ok	chr10:80463088|80489314	TSPAN14	chr10	80463088	80489314	chr10:80450000-80500000	23	1.9565217391304348	0.391304347826087	0.06212365249219366	0.7782566257277964	"{""1.0"": 0.0, ""2.0"": 0.4090909090909091}"
ok	chr10:100986881|100987177	MRPL43	chr10	100986881	100987177	chr10:100950000-101000000	23	1.9565217391304348	0.043478260869565216	0.04545454545454546	0.8368364960931192	"{""1.0"": 0.0, ""2.0"": 0.045454545454545456}"
ok	chr10:126970702|127037816	DOCK1	chr10	126970702	127037816	chr10:127000000-127050000	23	1.9565217391304348	0.08695652173913043	0.04545454545454546	0.8368364960931192	"{""1.0"": 0.0, ""2.0"": 0.09090909090909091}"
ok	chr21:15014344|15043574	ENSG00000235609;NRIP1	chr21	15014344	15043574	chr21:15000000-15050000	23	2.0	0.043478260869565216			"{""2.0"": 0.043478260869565216}"
ok	chr4:17822983|17831116	NCAPG	chr4	17822983	17831116	chr4:17800000-17850000	23	2.0	0.043478260869565216			"{""2.0"": 0.043478260869565216}"
ok	chr4:40934456|40945070	APBB2	chr4	40934456	40945070	chr4:40900000-40950000	23	2.0	0.13043478260869565			"{""2.0"": 0.13043478260869565}"
ok	chr11:9414255|9417148	IPO7	chr11	9414255	9417148	chr11:9400000-9450000	23	2.260869565217391	0.08695652173913043	-0.045454545454545456	0.8368364960931192	"{""2.0"": 0.09090909090909091, ""8.0"": 0.0}"
ok	chr11:32927157|32935435	QSER1	chr11	32927157	32935435	chr11:32900000-32950000	23	2.260869565217391	0.21739130434782608	-0.045454545454545456	0.8368364960931192	"{""2.0"": 0.22727272727272727, ""8.0"": 0.0}"
ok	chr11:69641227|69641511	CCND1	chr11	69641227	69641511	chr11:69600000-69650000	23	1.8695652173913044	0.043478260869565216	-0.5504818825631804	0.006492056112619959	"{""1.0"": 0.3333333333333333, ""2.0"": 0.0}"
ok	chr11:108330214|108335961	ATM	chr11	108330214	108335961	chr11:108300000-108350000	23	2.0	0.043478260869565216			"{""2.0"": 0.043478260869565216}"
ok	chr11:130260856|130261929	ZBTB44	chr11	130260856	130261929	chr11:130250000-130300000	23	2.0	0.043478260869565216			"{""2.0"": 0.043478260869565216}"
ok	chr22:19351358|19410778	C22orf39;HIRA	chr22	19351358	19410778	chr22:19350000-19400000	23	2.0	0.08695652173913043			"{""2.0"": 0.08695652173913043}"
ok	chr22:20762071|20762360	PI4KA	chr22	20762071	20762360	chr22:20750000-20800000	23	2.0	0.17391304347826086			"{""2.0"": 0.17391304347826086}"
ok	chr22:24302195|24324427	SPECC1L;SPECC1L-ADORA2A	chr22	24302195	24324427	chr22:24300000-24350000	23	2.0	0.08695652173913043			"{""2.0"": 0.08695652173913043}"
ok	chr22:39017766|39017979	APOBEC3C;ENSG00000284554	chr22	39017766	39017979	chr22:39000000-39050000	23	1.9565217391304348	0.08695652173913043	0.045454545454545456	0.8368364960931192	"{""1.0"": 0.0, ""2.0"": 0.09090909090909091}"
ok	chr22:49923234|49924455	CRELD2	chr22	49923234	49924455	chr22:49900000-49950000	23	2.0	0.043478260869565216			"{""2.0"": 0.043478260869565216}"
ok	chr12:4488570|4488797	C12orf4	chr12	4488570	4488797	chr12:4450000-4500000	23	2.0	0.043478260869565216			"{""2.0"": 0.043478260869565216}"
ok	chr12:11869424|11869969	ETV6	chr12	11869424	11869969	chr12:11850000-11900000	23	2.0	0.21739130434782608			"{""2.0"": 0.21739130434782608}"
ok	chr12:26055236|26067713	RASSF8	chr12	26055236	26067713	chr12:26050000-26100000	23	2.0	0.043478260869565216			"{""2.0"": 0.043478260869565216}"
ok	chr12:57138467|57143798	LRP1	chr12	57138467	57143798	chr12:57100000-57150000	23	2.0	0.13043478260869565			"{""2.0"": 0.13043478260869565}"
ok	chr12:71635443|71660427	ZFC3H1	chr12	71635443	71660427	chr12:71600000-71650000	23	2.0	0.043478260869565216			"{""2.0"": 0.043478260869565216}"
ok	chr12:111418119|111420488	SH2B3	chr12	111418119	111420488	chr12:111400000-111450000	23	2.0	0.043478260869565216			"{""2.0"": 0.043478260869565216}"
ok	chr12:120782655|120784593	SPPL3	chr12	120782655	120784593	chr12:120750000-120800000	23	1.9565217391304348	0.08695652173913043	0.04545454545454546	0.8368364960931192	"{""1.0"": 0.0, ""2.0"": 0.09090909090909091}"
ok	chr1:3814986|3815473	CEP104	chr1	3814986	3815473	chr1:3800000-3850000	23	2.0	0.08695652173913043			"{""2.0"": 0.08695652173913043}"
ok	chr1:10363283|10365648	KIF1B	chr1	10363283	10365648	chr1:10350000-10400000	23	2.0	0.043478260869565216			"{""2.0"": 0.043478260869565216}"
ok	chr1:27906928|27907282	RPA2	chr1	27906928	27907282	chr1:27900000-27950000	23	2.0	0.08695652173913043			"{""2.0"": 0.08695652173913043}"
ok	chr1:90937485|90982370	ZNF644	chr1	90937485	90982370	chr1:90950000-91000000	23	2.0	0.391304347826087			"{""2.0"": 0.391304347826087}"
ok	chr2:36396614|36522313	CRIM1	chr2	36396614	36522313	chr2:36450000-36500000	23	1.9565217391304348	0.043478260869565216	0.04545454545454546	0.8368364960931192	"{""1.0"": 0.0, ""2.0"": 0.045454545454545456}"
ok	chr2:105296356|105308318	TGFBRAP1	chr2	105296356	105308318	chr2:105300000-105350000	23	2.0	0.08695652173913043			"{""2.0"": 0.08695652173913043}"
ok	chr2:172795025|172814425	RAPGEF4	chr2	172795025	172814425	chr2:172800000-172850000	23	2.0434782608695654	0.13043478260869565	-0.04545454545454548	0.8368364960931192	"{""2.0"": 0.13636363636363635, ""3.0"": 0.0}"
ok	chr2:215388236|215391765	FN1	chr2	215388236	215391765	chr2:215350000-215400000	23	2.0434782608695654	0.17391304347826086	-0.04545454545454549	0.8368364960931192	"{""2.0"": 0.18181818181818182, ""3.0"": 0.0}"
ok	chr2:215394556|215397191	FN1	chr2	215394556	215397191	chr2:215350000-215400000	23	2.0434782608695654	0.08695652173913043	-0.04545454545454549	0.8368364960931192	"{""2.0"": 0.09090909090909091, ""3.0"": 0.0}"
ok	chr13:79358274|79378907	RBM26	chr13	79358274	79378907	chr13:79350000-79400000	23	2.0	0.043478260869565216			"{""2.0"": 0.043478260869565216}"
ok	chr13:113264206|113264506	CUL4A	chr13	113264206	113264506	chr13:113250000-113300000	23	1.9565217391304348	0.043478260869565216	0.04545454545454546	0.8368364960931192	"{""1.0"": 0.0, ""2.0"": 0.045454545454545456}"
ok	chr20:35653528|35659014	CPNE1;ENSG00000272897;RBM12	chr20	35653528	35659014	chr20:35650000-35700000	23	2.0	0.08695652173913043			"{""2.0"": 0.08695652173913043}"
ok	chr20:35801491|35931444	HIGD1AP16;PHF20;RNU4-40P	chr20	35801491	35931444	chr20:35850000-35900000	23	2.0	0.043478260869565216			"{""2.0"": 0.043478260869565216}"
ok	chr20:35842573|35941047	HIGD1AP16;PHF20;RNU4-40P	chr20	35842573	35941047	chr20:35850000-35900000	23	2.0	0.13043478260869565			"{""2.0"": 0.13043478260869565}"
ok	chr20:35913249|35914197	PHF20	chr20	35913249	35914197	chr20:35900000-35950000	23	2.0	0.043478260869565216			"{""2.0"": 0.043478260869565216}"
ok	chr20:37044086|37065473	RBL1	chr20	37044086	37065473	chr20:37050000-37100000	23	2.0	0.13043478260869565			"{""2.0"": 0.13043478260869565}"
ok	chr18:8718424|8720496	MTCL1	chr18	8718424	8720496	chr18:8700000-8750000	23	2.0	0.08695652173913043			"{""2.0"": 0.08695652173913043}"
ok	chr19:6007012|6016271	RFX2	chr19	6007012	6016271	chr19:6000000-6050000	23	1.9565217391304348	0.21739130434782608	0.04545454545454546	0.8368364960931192	"{""1.0"": 0.0, ""2.0"": 0.22727272727272727}"
ok	chr19:10119088|10119872	EIF3G	chr19	10119088	10119872	chr19:10100000-10150000	23	2.0	0.08695652173913043			"{""2.0"": 0.08695652173913043}"
ok	chr19:21098812|21166461	VN1R81P;ZNF431;ZNF714	chr19	21098812	21166461	chr19:21100000-21150000	23	2.0	0.043478260869565216			"{""2.0"": 0.043478260869565216}"
ok	chr19:34451981|34464131	UBA2	chr19	34451981	34464131	chr19:34450000-34500000	23	1.9130434782608696	0.08695652173913043	0.0657951694959769	0.7654978135179871	"{""1.0"": 0.0, ""2.0"": 0.09523809523809523}"
ok	chr19:49863976|49864323	PNKP	chr19	49863976	49864323	chr19:49850000-49900000	23	1.8695652173913044	0.08695652173913043	0.08257228238447706	0.7079879068817685	"{""1.0"": 0.0, ""2.0"": 0.1}"
ok	chr19:57923192|57933902	ZNF418	chr19	57923192	57933902	chr19:57900000-57950000	23	1.9130434782608696	0.13043478260869565	0.06579516949597689	0.7654978135179871	"{""1.0"": 0.0, ""2.0"": 0.14285714285714285}"
ok	chr14:104770745|104773026	AKT1	chr14	104770745	104773026	chr14:104750000-104800000	23	1.6521739130434783	0.08695652173913043	-0.24821377212056076	0.25345752162094554	"{""0.0"": 0.0, ""1.0"": 0.3333333333333333, ""2.0"": 0.0}"
ok	chr15:40709025|40729974	RAD51	chr15	40709025	40729974	chr15:40700000-40750000	23	2.0	0.043478260869565216			"{""2.0"": 0.043478260869565216}"
ok	chr15:58640777|58682314	ADAM10	chr15	58640777	58682314	chr15:58650000-58700000	23	2.0	0.043478260869565216			"{""2.0"": 0.043478260869565216}"
ok	chr15:64204441|64204949	CSNK1G1;ENSG00000259316	chr15	64204441	64204949	chr15:64200000-64250000	23	2.0	0.043478260869565216			"{""2.0"": 0.043478260869565216}"
ok	chr16:84838422|84838735	CRISPLD2	chr16	84838422	84838735	chr16:84800000-84850000	23	1.9565217391304348	0.08695652173913043	0.04545454545454546	0.8368364960931192	"{""1.0"": 0.0, ""2.0"": 0.09090909090909091}"
ok	chr17:16137311|16146548	NCOR1;RNU6-862P	chr17	16137311	16146548	chr17:16100000-16150000	23	2.0	0.043478260869565216			"{""2.0"": 0.043478260869565216}"
ok	chr17:28339483|28341326	TNFAIP1	chr17	28339483	28341326	chr17:28300000-28350000	23	2.0	0.043478260869565216			"{""2.0"": 0.043478260869565216}"
ok	chr17:29648144|29650800	SSH2	chr17	29648144	29650800	chr17:29600000-29650000	23	2.0	0.08695652173913043			"{""2.0"": 0.08695652173913043}"
ok	chr17:47663089|47668410	KPNB1	chr17	47663089	47668410	chr17:47650000-47700000	23	2.0	0.043478260869565216			"{""2.0"": 0.043478260869565216}"
ok	chr17:75951433|75953564	ACOX1	chr17	75951433	75953564	chr17:75950000-76000000	23	2.0	0.043478260869565216			"{""2.0"": 0.043478260869565216}"
ok	chr17:78827245|78838750	USP36	chr17	78827245	78838750	chr17:78800000-78850000	23	2.0	0.08695652173913043			"{""2.0"": 0.08695652173913043}"
ok	chr17:81511196|81511425	ACTG1	chr17	81511196	81511425	chr17:81500000-81550000	23	2.0	0.043478260869565216			"{""2.0"": 0.043478260869565216}"
ok	chr17:81511394|81511999	ACTG1	chr17	81511394	81511999	chr17:81500000-81550000	23	2.0	0.043478260869565216			"{""2.0"": 0.043478260869565216}"
ok	chr9:4117768|4118881	GLIS3	chr9	4117768	4118881	chr9:4100000-4150000	23	2.0	0.08695652173913043			"{""2.0"": 0.08695652173913043}"
ok	chr9:18721536|18829977	ADAMTSL1	chr9	18721536	18829977	chr9:18750000-18800000	23	2.0	0.043478260869565216			"{""2.0"": 0.043478260869565216}"
ok	chr9:33948374|33956146	SNORD121A;UBAP2	chr9	33948374	33956146	chr9:33950000-34000000	23	1.9565217391304348	0.043478260869565216	0.045454545454545456	0.8368364960931192	"{""1.0"": 0.0, ""2.0"": 0.045454545454545456}"
ok	chr9:128169062|128170052	CIZ1	chr9	128169062	128170052	chr9:128150000-128200000	23	2.0	0.043478260869565216			"{""2.0"": 0.043478260869565216}"
ok	chr7:5528609|5529352	ACTB	chr7	5528609	5529352	chr7:5500000-5550000	23	1.9130434782608696	0.043478260869565216	0.06579516949597693	0.7654978135179871	"{""1.0"": 0.0, ""2.0"": 0.047619047619047616}"
ok	chr7:137867818|137885502	CREB3L2	chr7	137867818	137885502	chr7:137850000-137900000	23	2.0	0.043478260869565216			"{""2.0"": 0.043478260869565216}"
ok	chrX:37386599|37406259	ENSG00000250349;PRRG1	chrX	37386599	37406259	chrX:37350000-37400000	23	2.0	0.043478260869565216			"{""2.0"": 0.043478260869565216}"
ok	chrX:65740884|65741131	MSN	chrX	65740884	65741131	chrX:65700000-65750000	23	2.0	0.043478260869565216			"{""2.0"": 0.043478260869565216}"
ok	chrX:129558840|129584367	OCRL	chrX	129558840	129584367	chrX:129550000-129600000	23	2.0	0.043478260869565216			"{""2.0"": 0.043478260869565216}"
ok	chrX:154354671|154354956	FLNA	chrX	154354671	154354956	chrX:154350000-154400000	23	1.9565217391304348	0.043478260869565216	0.045454545454545456	0.8368364960931192	"{""1.0"": 0.0, ""2.0"": 0.045454545454545456}"
ok	chr8:18799295|18855382	PSD3	chr8	18799295	18855382	chr8:18800000-18850000	23	2.0	0.08695652173913043			"{""2.0"": 0.08695652173913043}"
ok	chr8:140252777|140291078	TRAPPC9	chr8	140252777	140291078	chr8:140250000-140300000	23	2.0	0.17391304347826086			"{""2.0"": 0.17391304347826086}"
ok	chr8:144359234|144359681	SLC52A2	chr8	144359234	144359681	chr8:144350000-144400000	23	1.9130434782608696	0.17391304347826086	0.06579516949597693	0.7654978135179871	"{""1.0"": 0.0, ""2.0"": 0.19047619047619047}"
ok	chr5:14363732|14406672	TRIO	chr5	14363732	14406672	chr5:14350000-14400000	23	2.0	0.13043478260869565			"{""2.0"": 0.13043478260869565}"
ok	chr5:25910776|25910980	MSNP1	chr5	25910776	25910980	chr5:25900000-25950000	23	2.0	0.08695652173913043			"{""2.0"": 0.08695652173913043}"
ok	chr5:134666823|134671886	SEC24A	chr5	134666823	134671886	chr5:134650000-134700000	23	2.0	0.17391304347826086			"{""2.0"": 0.17391304347826086}"
ok	chr5:154950821|154967237	MRPL22	chr5	154950821	154967237	chr5:154950000-155000000	23	2.0	0.08695652173913043			"{""2.0"": 0.08695652173913043}"
ok	chr6:24403007|24403236	MRS2	chr6	24403007	24403236	chr6:24400000-24450000	23	2.0	0.13043478260869565			"{""2.0"": 0.13043478260869565}"
ok	chr6:52501101|52501429	EFHC1	chr6	52501101	52501429	chr6:52500000-52550000	23	2.0	0.043478260869565216			"{""2.0"": 0.043478260869565216}"
ok	chr6:100798713|100805880	ASCC3	chr6	100798713	100805880	chr6:100800000-100850000	23	2.0	0.043478260869565216			"{""2.0"": 0.043478260869565216}"
ok	chr6:111024183|111026547	RPF2	chr6	111024183	111026547	chr6:111000000-111050000	23	2.0	0.043478260869565216			"{""2.0"": 0.043478260869565216}"
ok	chr6:111405470|111416472	REV3L	chr6	111405470	111416472	chr6:111400000-111450000	23	2.0	0.08695652173913043			"{""2.0"": 0.08695652173913043}"
ok	chr3:27379249|27404963	SLC4A7	chr3	27379249	27404963	chr3:27350000-27400000	23	1.8695652173913044	0.043478260869565216	0.08257228238447707	0.7079879068817685	"{""1.0"": 0.0, ""2.0"": 0.05}"
ok	chr3:32441840|32454542	CMTM7	chr3	32441840	32454542	chr3:32400000-32450000	23	1.9130434782608696	0.043478260869565216	0.06579516949597691	0.7654978135179871	"{""1.0"": 0.0, ""2.0"": 0.047619047619047616}"
ok	chr3:50093720|50105709	RBM5;RBM6	chr3	50093720	50105709	chr3:50050000-50100000	23	1.826086956521739	0.17391304347826086	0.09782319760890369	0.6570073287387147	"{""1.0"": 0.0, ""2.0"": 0.21052631578947367}"
ok	chr3:51541498|51590559	RAD54L2	chr3	51541498	51590559	chr3:51550000-51600000	23	1.8695652173913044	0.043478260869565216	0.08257228238447707	0.7079879068817685	"{""1.0"": 0.0, ""2.0"": 0.05}"
ok	chr3:100283607|100299331	TBC1D23	chr3	100283607	100299331	chr3:100250000-100300000	23	2.0	0.043478260869565216			"{""2.0"": 0.043478260869565216}"
ok	chr3:114693528|114717527	ZBTB20	chr3	114693528	114717527	chr3:114700000-114750000	23	2.0	0.043478260869565216			"{""2.0"": 0.043478260869565216}"
ok	chr3:184364677|184364992	POLR2H	chr3	184364677	184364992	chr3:184350000-184400000	23	1.9130434782608696	0.043478260869565216	0.46044341792734833	0.02703937002985228	"{""1.0"": 0.0, ""2.0"": 0.0, ""3.0"": 0.5}"
ok	chr10:246927|252521	ZMYND11	chr10	246927	252521	chr10:200000-250000	23	1.9565217391304348	0.043478260869565216	0.045454545454545456	0.8368364960931192	"{""1.0"": 0.0, ""2.0"": 0.045454545454545456}"
ok	chr10:28583399|28590832	WAC	chr10	28583399	28590832	chr10:28550000-28600000	23	2.0	0.21739130434782608	0.0	1.0	"{""1.0"": 0.0, ""2.0"": 0.23809523809523808, ""3.0"": 0.0}"
ok	chr10:77079481|77086593	KCNMA1	chr10	77079481	77086593	chr10:77050000-77100000	23	1.9565217391304348	0.043478260869565216	0.045454545454545456	0.8368364960931192	"{""1.0"": 0.0, ""2.0"": 0.045454545454545456}"
ok	chr10:103622470|103661114	SH3PXD2A	chr10	103622470	103661114	chr10:103600000-103650000	23	1.9565217391304348	0.08695652173913043	0.045454545454545456	0.8368364960931192	"{""1.0"": 0.0, ""2.0"": 0.09090909090909091}"
ok	chr21:29321221|29321514	BACH1	chr21	29321221	29321514	chr21:29300000-29350000	23	2.0	0.043478260869565216			"{""2.0"": 0.043478260869565216}"
ok	chr4:112562371|112603697	ZGRF1	chr4	112562371	112603697	chr4:112550000-112600000	23	2.0	0.043478260869565216			"{""2.0"": 0.043478260869565216}"
ok	chr4:139393591|139404490	NAA15	chr4	139393591	139404490	chr4:139350000-139400000	23	2.0	0.08695652173913043			"{""2.0"": 0.08695652173913043}"
ok	chr4:159238809|159314768	RAPGEF2	chr4	159238809	159314768	chr4:159250000-159300000	23	2.0	0.13043478260869565			"{""2.0"": 0.13043478260869565}"
ok	chr11:47409156|47413507	SLC39A13	chr11	47409156	47413507	chr11:47400000-47450000	23	2.0	0.043478260869565216			"{""2.0"": 0.043478260869565216}"
ok	chr22:31098781|31099850	SMTN	chr22	31098781	31099850	chr22:31050000-31100000	23	2.0	0.08695652173913043			"{""2.0"": 0.08695652173913043}"
ok	chr12:82857010|82857580	TMTC2	chr12	82857010	82857580	chr12:82850000-82900000	23	2.0	0.043478260869565216			"{""2.0"": 0.043478260869565216}"
ok	chr12:100050168|100058113	BLTP3B	chr12	100050168	100058113	chr12:100050000-100100000	23	2.0	0.043478260869565216			"{""2.0"": 0.043478260869565216}"
ok	chr12:106238217|106238419	CKAP4	chr12	106238217	106238419	chr12:106200000-106250000	23	2.0	0.043478260869565216			"{""2.0"": 0.043478260869565216}"
ok	chr12:116230433|116237705	MED13L	chr12	116230433	116237705	chr12:116200000-116250000	23	2.0	0.08695652173913043			"{""2.0"": 0.08695652173913043}"
ok	chr12:116928023|116964854	FBXW8	chr12	116928023	116964854	chr12:116900000-116950000	23	2.0	0.043478260869565216			"{""2.0"": 0.043478260869565216}"
ok	chr1:6634413|6634831	THAP3	chr1	6634413	6634831	chr1:6600000-6650000	23	2.0	0.043478260869565216			"{""2.0"": 0.043478260869565216}"
ok	chr1:9931891|9934860	LZIC	chr1	9931891	9934860	chr1:9900000-9950000	23	2.0	0.13043478260869565			"{""2.0"": 0.13043478260869565}"
ok	chr1:20969474|20981227	EIF4G3	chr1	20969474	20981227	chr1:20950000-21000000	23	2.0	0.21739130434782608			"{""2.0"": 0.21739130434782608}"
ok	chr1:155853276|155853806	GON4L	chr1	155853276	155853806	chr1:155850000-155900000	23	1.9130434782608696	0.043478260869565216	0.06579516949597691	0.7654978135179871	"{""1.0"": 0.0, ""2.0"": 0.047619047619047616}"
ok	chr1:176043186|176149074	COP1	chr1	176043186	176149074	chr1:176050000-176100000	23	2.0	0.08695652173913043			"{""2.0"": 0.08695652173913043}"
ok	chr1:215169199|215172183	KCNK2	chr1	215169199	215172183	chr1:215150000-215200000	23	2.0	0.08695652173913043			"{""2.0"": 0.08695652173913043}"
ok	chr2:1632481|1632774	PXDN	chr2	1632481	1632774	chr2:1600000-1650000	23	1.9130434782608696	0.043478260869565216	-1.0	0.0	"{""0.0"": 1.0, ""2.0"": 0.0}"
ok	chr2:8943187|8958642	MBOAT2	chr2	8943187	8958642	chr2:8950000-9000000	23	2.0	0.043478260869565216			"{""2.0"": 0.043478260869565216}"
ok	chr2:27203233|27204931	SLC5A6	chr2	27203233	27204931	chr2:27200000-27250000	23	2.0	0.043478260869565216			"{""2.0"": 0.043478260869565216}"
ok	chr2:33301522|33315269	LTBP1	chr2	33301522	33315269	chr2:33300000-33350000	23	2.0	0.043478260869565216			"{""2.0"": 0.043478260869565216}"
ok	chr2:33309434|33315269	LTBP1	chr2	33309434	33315269	chr2:33300000-33350000	23	2.0	0.043478260869565216			"{""2.0"": 0.043478260869565216}"
ok	chr2:202464809|202520201	BMPR2	chr2	202464809	202520201	chr2:202450000-202500000	23	2.0434782608695654	0.08695652173913043	-0.045454545454545484	0.8368364960931192	"{""2.0"": 0.09090909090909091, ""3.0"": 0.0}"
ok	chr13:50927407|50949505	RNASEH2B	chr13	50927407	50949505	chr13:50900000-50950000	23	1.9565217391304348	0.13043478260869565	0.04545454545454545	0.8368364960931192	"{""1.0"": 0.0, ""2.0"": 0.13636363636363635}"
ok	chr20:16526092|16528440	KIF16B	chr20	16526092	16528440	chr20:16500000-16550000	23	2.0	0.043478260869565216			"{""2.0"": 0.043478260869565216}"
ok	chr20:35279634|35280118	EIF6;ENSG00000261582	chr20	35279634	35280118	chr20:35250000-35300000	23	2.0	0.08695652173913043			"{""2.0"": 0.08695652173913043}"
ok	chr20:45419295|45420693	PIGT	chr20	45419295	45420693	chr20:45400000-45450000	23	2.0	0.08695652173913043			"{""2.0"": 0.08695652173913043}"
ok	chr19:18934303|18939049	ENSG00000268193;HOMER3	chr19	18934303	18939049	chr19:18900000-18950000	23	1.9565217391304348	0.043478260869565216	0.04545454545454545	0.8368364960931192	"{""1.0"": 0.0, ""2.0"": 0.045454545454545456}"
ok	chr19:31310534|31311063	TSHZ3	chr19	31310534	31311063	chr19:31300000-31350000	23	1.9565217391304348	0.08695652173913043	0.045454545454545456	0.8368364960931192	"{""1.0"": 0.0, ""2.0"": 0.09090909090909091}"
ok	chr19:36712386|36712867	ZNF567	chr19	36712386	36712867	chr19:36700000-36750000	23	1.9130434782608696	0.08695652173913043	0.06579516949597689	0.7654978135179871	"{""1.0"": 0.0, ""2.0"": 0.09523809523809523}"
ok	chr14:69116366|69122360	DCAF5	chr14	69116366	69122360	chr14:69100000-69150000	23	1.9565217391304348	0.043478260869565216	0.045454545454545456	0.8368364960931192	"{""1.0"": 0.0, ""2.0"": 0.045454545454545456}"
ok	chr14:73713749|73714167	PNMA1	chr14	73713749	73714167	chr14:73700000-73750000	23	1.8695652173913044	0.043478260869565216	0.08257228238447706	0.7079879068817685	"{""1.0"": 0.0, ""2.0"": 0.05}"
ok	chr14:76154354|76180849	GPATCH2L	chr14	76154354	76180849	chr14:76150000-76200000	23	1.9565217391304348	0.08695652173913043	0.045454545454545456	0.8368364960931192	"{""1.0"": 0.0, ""2.0"": 0.09090909090909091}"
ok	chr14:77924457|77933644	ADCK1	chr14	77924457	77933644	chr14:77900000-77950000	23	1.9565217391304348	0.043478260869565216	0.045454545454545456	0.8368364960931192	"{""1.0"": 0.0, ""2.0"": 0.045454545454545456}"
ok	chr15:48516243|48526155	ENSG00000286947	chr15	48516243	48526155	chr15:48500000-48550000	23	2.0	0.043478260869565216			"{""2.0"": 0.043478260869565216}"
ok	chr15:93014696|93014909	CHD2	chr15	93014696	93014909	chr15:93000000-93050000	23	1.9565217391304348	0.08695652173913043	0.045454545454545456	0.8368364960931192	"{""1.0"": 0.0, ""2.0"": 0.09090909090909091}"
ok	chr15:96334076|96342998	ENSG00000275322;NR2F2	chr15	96334076	96342998	chr15:96300000-96350000	23	1.9565217391304348	0.043478260869565216	0.045454545454545456	0.8368364960931192	"{""1.0"": 0.0, ""2.0"": 0.045454545454545456}"
ok	chr16:53154447|53157541	CHD9	chr16	53154447	53157541	chr16:53150000-53200000	23	2.0	0.08695652173913043			"{""2.0"": 0.08695652173913043}"
ok	chr16:55505779|55505927	MMP2	chr16	55505779	55505927	chr16:55500000-55550000	23	2.0	0.043478260869565216			"{""2.0"": 0.043478260869565216}"
ok	chr16:58560212|58560362	CNOT1	chr16	58560212	58560362	chr16:58550000-58600000	23	2.0	0.13043478260869565			"{""2.0"": 0.13043478260869565}"
ok	chr16:68174374|68191775	ENSG00000212445;NFATC3	chr16	68174374	68191775	chr16:68150000-68200000	23	2.0	0.043478260869565216			"{""2.0"": 0.043478260869565216}"
ok	chr17:819439|829100	NXN	chr17	819439	829100	chr17:800000-850000	23	1.173913043478261	0.043478260869565216	-0.07720914364821829	0.7262215833931178	"{""0.0"": 0.0, ""1.0"": 0.058823529411764705, ""2.0"": 0.0}"
ok	chr17:28908783|28914037	PHF12	chr17	28908783	28914037	chr17:28900000-28950000	23	2.0	0.043478260869565216			"{""2.0"": 0.043478260869565216}"
ok	chr17:40281043|40281256	WIPF2	chr17	40281043	40281256	chr17:40250000-40300000	23	2.0	0.043478260869565216	0.0	1.0	"{""1.0"": 0.0, ""2.0"": 0.047619047619047616, ""3.0"": 0.0}"
ok	chr17:40833158|40834866	KRT10-AS1	chr17	40833158	40834866	chr17:40800000-40850000	23	2.0	0.043478260869565216	0.0	1.0	"{""1.0"": 0.0, ""2.0"": 0.047619047619047616, ""3.0"": 0.0}"
ok	chr17:41974156|41975136	CNP	chr17	41974156	41975136	chr17:41950000-42000000	23	1.9565217391304348	0.043478260869565216	0.04545454545454545	0.8368364960931192	"{""1.0"": 0.0, ""2.0"": 0.045454545454545456}"
ok	chr17:50186473|50186808	COL1A1	chr17	50186473	50186808	chr17:50150000-50200000	23	2.0	0.08695652173913043			"{""2.0"": 0.08695652173913043}"
ok	chr17:59737453|59738947	VMP1	chr17	59737453	59738947	chr17:59700000-59750000	23	2.0	0.13043478260869565			"{""2.0"": 0.13043478260869565}"
ok	chr17:61891513|61904585	INTS2	chr17	61891513	61904585	chr17:61850000-61900000	23	2.0	0.17391304347826086			"{""2.0"": 0.17391304347826086}"
ok	chr17:80475546|80476234	NPTX1	chr17	80475546	80476234	chr17:80450000-80500000	23	2.0	0.043478260869565216			"{""2.0"": 0.043478260869565216}"
ok	chr17:81588944|81597316	NPLOC4	chr17	81588944	81597316	chr17:81550000-81600000	23	2.0	0.043478260869565216			"{""2.0"": 0.043478260869565216}"
ok	chr9:4286038|4286523	GLIS3	chr9	4286038	4286523	chr9:4250000-4300000	23	2.0	0.043478260869565216			"{""2.0"": 0.043478260869565216}"
ok	chr9:6849507|6893232	ENSG00000293552;KDM4C	chr9	6849507	6893232	chr9:6850000-6900000	23	2.0	0.30434782608695654			"{""2.0"": 0.30434782608695654}"
ok	chr9:93471141|93476338	FAM120A	chr9	93471141	93476338	chr9:93450000-93500000	23	2.0	0.08695652173913043			"{""2.0"": 0.08695652173913043}"
ok	chr9:100498765|100550160	MSANTD3-TMEFF1;TMEFF1	chr9	100498765	100550160	chr9:100500000-100550000	23	2.0	0.043478260869565216			"{""2.0"": 0.043478260869565216}"
ok	chr9:124994934|125003570	SCAI	chr9	124994934	125003570	chr9:124950000-125000000	23	2.0	0.043478260869565216			"{""2.0"": 0.043478260869565216}"
ok	chr9:134824600|134825904	COL5A1	chr9	134824600	134825904	chr9:134800000-134850000	23	1.608695652173913	0.043478260869565216	0.17094086468945696	0.43547786297684526	"{""1.0"": 0.0, ""2.0"": 0.07142857142857142}"
ok	chr7:2432563|2437920	CHST12	chr7	2432563	2437920	chr7:2400000-2450000	23	1.826086956521739	0.043478260869565216	-0.46466018864229264	0.025491820973044515	"{""1.0"": 0.25, ""2.0"": 0.0}"
ok	chr7:5324214|5325248	TNRC18	chr7	5324214	5325248	chr7:5300000-5350000	23	1.9130434782608696	0.08695652173913043	0.06579516949597693	0.7654978135179871	"{""1.0"": 0.0, ""2.0"": 0.09523809523809523}"
ok	chr7:6591646|6591867	INTS15	chr7	6591646	6591867	chr7:6550000-6600000	23	1.9565217391304348	0.043478260869565216	0.045454545454545456	0.8368364960931192	"{""1.0"": 0.0, ""2.0"": 0.045454545454545456}"
ok	chr7:8003908|8071131	ENSG00000283549;GLCCI1	chr7	8003908	8071131	chr7:8000000-8050000	23	2.0	0.043478260869565216			"{""2.0"": 0.043478260869565216}"
ok	chr7:43468920|43501322	HECW1	chr7	43468920	43501322	chr7:43450000-43500000	23	2.0	0.13043478260869565			"{""2.0"": 0.13043478260869565}"
ok	chr7:80789306|80805758	SEMA3C	chr7	80789306	80805758	chr7:80750000-80800000	23	2.0434782608695654	0.043478260869565216	-0.04545454545454549	0.8368364960931192	"{""2.0"": 0.045454545454545456, ""3.0"": 0.0}"
ok	chr7:80818299|80828745	SEMA3C	chr7	80818299	80828745	chr7:80800000-80850000	23	2.0434782608695654	0.17391304347826086	-0.04545454545454549	0.8368364960931192	"{""2.0"": 0.18181818181818182, ""3.0"": 0.0}"
ok	chr7:100023419|100024307	ZKSCAN1	chr7	100023419	100024307	chr7:100000000-100050000	23	1.9565217391304348	0.13043478260869565	0.062123652492193676	0.7782566257277964	"{""1.0"": 0.0, ""2.0"": 0.13636363636363635}"
ok	chr7:116559645|116560012	CAV1	chr7	116559645	116560012	chr7:116550000-116600000	23	2.0	0.043478260869565216			"{""2.0"": 0.043478260869565216}"
ok	chr7:128112151|128118734		chr7	128112151	128118734	chr7:128100000-128150000	23	2.0	0.08695652173913043			"{""2.0"": 0.08695652173913043}"
ok	chr7:128842614|128843258	FLNC	chr7	128842614	128843258	chr7:128800000-128850000	23	2.0	0.043478260869565216			"{""2.0"": 0.043478260869565216}"
ok	chr7:128847697|128847864	FLNC	chr7	128847697	128847864	chr7:128800000-128850000	23	2.0	0.043478260869565216			"{""2.0"": 0.043478260869565216}"
ok	chr7:139251956|139266403	UBN2	chr7	139251956	139266403	chr7:139250000-139300000	23	2.0	0.043478260869565216			"{""2.0"": 0.043478260869565216}"
ok	chr7:152783187|152825122	ACTR3B	chr7	152783187	152825122	chr7:152800000-152850000	23	2.0	0.17391304347826086			"{""2.0"": 0.17391304347826086}"
ok	chr7:155737530|155745602	RBM33	chr7	155737530	155745602	chr7:155700000-155750000	23	2.0	0.043478260869565216			"{""2.0"": 0.043478260869565216}"
ok	chr8:37456445|37459645	LINC01605	chr8	37456445	37459645	chr8:37450000-37500000	23	1.9565217391304348	0.08695652173913043	0.045454545454545456	0.8368364960931192	"{""1.0"": 0.0, ""2.0"": 0.09090909090909091}"
ok	chr8:38114192|38139075	ASH2L;ENSG00000240015;RNU6-988P	chr8	38114192	38139075	chr8:38100000-38150000	23	2.0	0.043478260869565216			"{""2.0"": 0.043478260869565216}"
ok	chr8:38347497|38348215	NSD3	chr8	38347497	38348215	chr8:38300000-38350000	23	2.0	0.043478260869565216			"{""2.0"": 0.043478260869565216}"
ok	chr8:38973434|38973808	PLEKHA2	chr8	38973434	38973808	chr8:38950000-39000000	23	2.0	0.043478260869565216			"{""2.0"": 0.043478260869565216}"
ok	chr8:70121302|70148483	NCOA2	chr8	70121302	70148483	chr8:70100000-70150000	23	2.0	0.043478260869565216			"{""2.0"": 0.043478260869565216}"
ok	chr8:80499494|80518954	ZBTB10	chr8	80499494	80518954	chr8:80500000-80550000	23	2.0	0.043478260869565216			"{""2.0"": 0.043478260869565216}"
ok	chr8:140789474|140819020	PTK2	chr8	140789474	140819020	chr8:140800000-140850000	23	2.0	0.043478260869565216			"{""2.0"": 0.043478260869565216}"
ok	chrX:63427099|63427537	LINC01278	chrX	63427099	63427537	chrX:63400000-63450000	23	2.0	0.13043478260869565			"{""2.0"": 0.13043478260869565}"
ok	chrX:154361308|154362275	FLNA	chrX	154361308	154362275	chrX:154350000-154400000	23	1.9565217391304348	0.08695652173913043	0.045454545454545456	0.8368364960931192	"{""1.0"": 0.0, ""2.0"": 0.09090909090909091}"
ok	chr5:10415488|10417404	MARCHF6	chr5	10415488	10417404	chr5:10400000-10450000	23	1.9565217391304348	0.043478260869565216	0.045454545454545456	0.8368364960931192	"{""1.0"": 0.0, ""2.0"": 0.045454545454545456}"
ok	chr5:14270825|14420021	TRIO	chr5	14270825	14420021	chr5:14300000-14350000	23	2.0	0.043478260869565216			"{""2.0"": 0.043478260869565216}"
ok	chr5:14492567|14497874	TRIO	chr5	14492567	14497874	chr5:14450000-14500000	23	2.0	0.043478260869565216			"{""2.0"": 0.043478260869565216}"
ok	chr5:16779545|16783469	MYO10	chr5	16779545	16783469	chr5:16750000-16800000	23	2.0	0.21739130434782608			"{""2.0"": 0.21739130434782608}"
ok	chr5:39285055|39342196	C9;ENSG00000289699	chr5	39285055	39342196	chr5:39300000-39350000	23	2.0	0.043478260869565216			"{""2.0"": 0.043478260869565216}"
ok	chr5:65260600|65273447	ADAMTS6	chr5	65260600	65273447	chr5:65250000-65300000	23	2.0	0.08695652173913043			"{""2.0"": 0.08695652173913043}"
ok	chr5:66025480|66054951	ERBIN	chr5	66025480	66054951	chr5:66000000-66050000	23	2.0	0.043478260869565216			"{""2.0"": 0.043478260869565216}"
ok	chr5:108946130|109047198	FER	chr5	108946130	109047198	chr5:108950000-109000000	23	2.0	0.043478260869565216			"{""2.0"": 0.043478260869565216}"
ok	chr5:134074765|134174022	ENSG00000271128;ENSG00000272772;SKP1	chr5	134074765	134174022	chr5:134100000-134150000	23	2.0	0.043478260869565216			"{""2.0"": 0.043478260869565216}"
ok	chr5:134773696|134782086	DDX46	chr5	134773696	134782086	chr5:134750000-134800000	23	2.0	0.17391304347826086			"{""2.0"": 0.17391304347826086}"
ok	chr5:140440119|140449305	ANKHD1;ANKHD1-EIF4EBP3	chr5	140440119	140449305	chr5:140400000-140450000	23	2.0	0.08695652173913043			"{""2.0"": 0.08695652173913043}"
ok	chr5:176352622|176355749	KIAA1191	chr5	176352622	176355749	chr5:176350000-176400000	23	2.0	0.043478260869565216			"{""2.0"": 0.043478260869565216}"
ok	chr5:177536358|177539042	FAM193B	chr5	177536358	177539042	chr5:177500000-177550000	23	2.0	0.043478260869565216			"{""2.0"": 0.043478260869565216}"
ok	chr5:179708281|179709912	CANX	chr5	179708281	179709912	chr5:179700000-179750000	23	2.0	0.043478260869565216			"{""2.0"": 0.043478260869565216}"
ok	chr6:42676056|42679832	UBR2	chr6	42676056	42679832	chr6:42650000-42700000	23	1.9565217391304348	0.043478260869565216	0.04545454545454545	0.8368364960931192	"{""1.0"": 0.0, ""2.0"": 0.045454545454545456}"
ok	chr6:44255176|44255545	SLC35B2	chr6	44255176	44255545	chr6:44250000-44300000	23	1.9130434782608696	0.043478260869565216	0.06579516949597689	0.7654978135179871	"{""1.0"": 0.0, ""2.0"": 0.047619047619047616}"
ok	chr6:138943513|138944622	REPS1	chr6	138943513	138944622	chr6:138900000-138950000	23	2.0	0.21739130434782608			"{""2.0"": 0.21739130434782608}"
ok	chr6:154787861|154788022	SCAF8	chr6	154787861	154788022	chr6:154750000-154800000	23	2.0	0.043478260869565216			"{""2.0"": 0.043478260869565216}"
ok	chr6:160477129|160487432	LPAL2	chr6	160477129	160487432	chr6:160450000-160500000	23	2.0	0.08695652173913043			"{""2.0"": 0.08695652173913043}"
ok	chr6:169704337|169704601	PHF10	chr6	169704337	169704601	chr6:169700000-169750000	23	1.8695652173913044	0.043478260869565216	0.08257228238447707	0.7079879068817685	"{""1.0"": 0.0, ""2.0"": 0.05}"
ok	chr3:15735410|15751820	ANKRD28	chr3	15735410	15751820	chr3:15700000-15750000	23	1.8695652173913044	0.08695652173913043	0.08257228238447707	0.7079879068817685	"{""1.0"": 0.0, ""2.0"": 0.1}"
ok	chr3:49723254|49727655	GMPPB;IP6K1	chr3	49723254	49727655	chr3:49700000-49750000	23	1.7826086956521738	0.043478260869565216	0.1123666437438737	0.6097285202754734	"{""1.0"": 0.0, ""2.0"": 0.05555555555555555}"
ok	chr3:120394533|120394694	ENSG00000293512	chr3	120394533	120394694	chr3:120350000-120400000	23	1.9565217391304348	0.043478260869565216	0.019968076595771805	0.9279440947274481	"{""1.0"": 0.0, ""2.0"": 0.05555555555555555, ""3.0"": 0.0}"
ok	chr3:134358540|134361807	AMOTL2	chr3	134358540	134361807	chr3:134350000-134400000	23	1.9565217391304348	0.08695652173913043	0.019968076595771805	0.9279440947274481	"{""1.0"": 0.0, ""2.0"": 0.1111111111111111, ""3.0"": 0.0}"
ok	chr3:134366283|134371494	AMOTL2	chr3	134366283	134371494	chr3:134350000-134400000	23	1.9565217391304348	0.043478260869565216	0.019968076595771805	0.9279440947274481	"{""1.0"": 0.0, ""2.0"": 0.05555555555555555, ""3.0"": 0.0}"
ok	chr3:134367497|134367803	AMOTL2	chr3	134367497	134367803	chr3:134350000-134400000	23	1.9565217391304348	0.08695652173913043	0.019968076595771805	0.9279440947274481	"{""1.0"": 0.0, ""2.0"": 0.1111111111111111, ""3.0"": 0.0}"
ok	chr3:160375812|160448795	IFT80;TRIM59;TRIM59-IFT80	chr3	160375812	160448795	chr3:160400000-160450000	23	1.9565217391304348	0.08695652173913043	0.019968076595771805	0.9279440947274481	"{""1.0"": 0.0, ""2.0"": 0.1111111111111111, ""3.0"": 0.0}"
ok	chr3:170128684|170149244	PHC3	chr3	170128684	170149244	chr3:170100000-170150000	23	1.9130434782608696	0.13043478260869565	0.03683547343418786	0.867479167044514	"{""1.0"": 0.0, ""2.0"": 0.17647058823529413, ""3.0"": 0.0}"
ok	chr3:184183664|184184047	AP2M1	chr3	184183664	184184047	chr3:184150000-184200000	23	1.9565217391304348	0.043478260869565216	0.019968076595771805	0.9279440947274481	"{""1.0"": 0.0, ""2.0"": 0.05555555555555555, ""3.0"": 0.0}"
ok	chr3:197090912|197119530	DLG1	chr3	197090912	197119530	chr3:197100000-197150000	23	2.0	0.13043478260869565	0.0	1.0	"{""1.0"": 0.0, ""2.0"": 0.17647058823529413, ""3.0"": 0.0}"
ok	chr10:3103793|3105486	PFKP	chr10	3103793	3105486	chr10:3100000-3150000	23	2.0	0.043478260869565216			"{""2.0"": 0.043478260869565216}"
ok	chr10:3119892|3133314	PFKP	chr10	3119892	3133314	chr10:3100000-3150000	23	2.0	0.043478260869565216			"{""2.0"": 0.043478260869565216}"
ok	chr10:11997672|12035441	UPF2	chr10	11997672	12035441	chr10:12000000-12050000	23	2.0	0.043478260869565216			"{""2.0"": 0.043478260869565216}"
ok	chr10:13660316|13663509	FRMD4A	chr10	13660316	13663509	chr10:13650000-13700000	23	2.0434782608695654	0.08695652173913043	-0.04545454545454549	0.8368364960931192	"{""2.0"": 0.09090909090909091, ""3.0"": 0.0}"
ok	chr10:17229954|17234734	ENSG00000234961;VIM-AS1	chr10	17229954	17234734	chr10:17200000-17250000	23	2.0434782608695654	0.043478260869565216	-0.04545454545454549	0.8368364960931192	"{""2.0"": 0.045454545454545456, ""3.0"": 0.0}"
ok	chr10:27504325|27532526	RAB18	chr10	27504325	27532526	chr10:27500000-27550000	23	2.0	0.043478260869565216	0.0	1.0	"{""1.0"": 0.0, ""2.0"": 0.05263157894736842, ""3.0"": 0.0}"
ok	chr10:73791480|73792048	ENSG00000280238;ZSWIM8	chr10	73791480	73792048	chr10:73750000-73800000	23	1.9130434782608696	0.043478260869565216	0.045454545454545456	0.8368364960931192	"{""0.0"": 0.0, ""2.0"": 0.045454545454545456}"
ok	chr10:91996369|92008275	BTAF1	chr10	91996369	92008275	chr10:92000000-92050000	23	1.9565217391304348	0.08695652173913043	0.045454545454545456	0.8368364960931192	"{""1.0"": 0.0, ""2.0"": 0.09090909090909091}"
ok	chr10:101672915|101673673	FBXW4	chr10	101672915	101673673	chr10:101650000-101700000	23	1.9565217391304348	0.08695652173913043	0.045454545454545456	0.8368364960931192	"{""1.0"": 0.0, ""2.0"": 0.09090909090909091}"
ok	chr10:101792839|101807901	OGA	chr10	101792839	101807901	chr10:101800000-101850000	23	1.9565217391304348	0.08695652173913043	0.045454545454545456	0.8368364960931192	"{""1.0"": 0.0, ""2.0"": 0.09090909090909091}"
ok	chr10:110964125|110985765	SHOC2	chr10	110964125	110985765	chr10:110950000-111000000	23	1.9565217391304348	0.043478260869565216	0.045454545454545456	0.8368364960931192	"{""1.0"": 0.0, ""2.0"": 0.045454545454545456}"
ok	chr10:119065399|119073937	EIF3A	chr10	119065399	119073937	chr10:119050000-119100000	23	1.9565217391304348	0.17391304347826086	0.045454545454545456	0.8368364960931192	"{""1.0"": 0.0, ""2.0"": 0.18181818181818182}"
ok	chr10:119926036|119933787	SEC23IP	chr10	119926036	119933787	chr10:119900000-119950000	23	1.9565217391304348	0.043478260869565216	0.045454545454545456	0.8368364960931192	"{""1.0"": 0.0, ""2.0"": 0.045454545454545456}"
ok	chr21:15864268|15880184	USP25	chr21	15864268	15880184	chr21:15850000-15900000	23	2.0	0.13043478260869565			"{""2.0"": 0.13043478260869565}"
ok	chr21:39228500|39229436	BRWD1	chr21	39228500	39229436	chr21:39200000-39250000	23	2.0	0.08695652173913043			"{""2.0"": 0.08695652173913043}"
ok	chr4:2699680|2716104	FAM193A	chr4	2699680	2716104	chr4:2700000-2750000	23	1.9565217391304348	0.043478260869565216	0.04545454545454545	0.8368364960931192	"{""1.0"": 0.0, ""2.0"": 0.045454545454545456}"
ok	chr4:2984513|3029409	GRK4	chr4	2984513	3029409	chr4:3000000-3050000	23	1.9565217391304348	0.043478260869565216	0.04545454545454545	0.8368364960931192	"{""1.0"": 0.0, ""2.0"": 0.045454545454545456}"
ok	chr4:10097711|10099139	WDR1	chr4	10097711	10099139	chr4:10050000-10100000	23	1.9565217391304348	0.043478260869565216	0.045454545454545456	0.8368364960931192	"{""1.0"": 0.0, ""2.0"": 0.045454545454545456}"
ok	chr4:39872986|39900507	PDS5A	chr4	39872986	39900507	chr4:39850000-39900000	23	2.0	0.08695652173913043			"{""2.0"": 0.08695652173913043}"
ok	chr4:76972390|76974807	SEPTIN11	chr4	76972390	76974807	chr4:76950000-77000000	23	2.0	0.13043478260869565			"{""2.0"": 0.13043478260869565}"
ok	chr4:78826037|78851056	BMP2K	chr4	78826037	78851056	chr4:78800000-78850000	23	2.0	0.13043478260869565			"{""2.0"": 0.13043478260869565}"
ok	chr4:82871944|82875822	SEC31A	chr4	82871944	82875822	chr4:82850000-82900000	23	1.9565217391304348	0.043478260869565216	0.045454545454545456	0.8368364960931192	"{""1.0"": 0.0, ""2.0"": 0.045454545454545456}"
ok	chr4:109462901|109473186	SEC24B	chr4	109462901	109473186	chr4:109450000-109500000	23	2.0434782608695654	0.043478260869565216	-0.04545454545454549	0.8368364960931192	"{""2.0"": 0.045454545454545456, ""3.0"": 0.0}"
ok	chr4:120777188|120821345	PRDM5	chr4	120777188	120821345	chr4:120750000-120800000	23	2.0	0.08695652173913043			"{""2.0"": 0.08695652173913043}"
ok	chr4:139012595|139073567	ELF2;ENSG00000250195	chr4	139012595	139073567	chr4:139000000-139050000	23	2.0	0.13043478260869565			"{""2.0"": 0.13043478260869565}"
ok	chr4:145823422|145849561	ENSG00000279481;ZNF827	chr4	145823422	145849561	chr4:145800000-145850000	23	2.0	0.043478260869565216			"{""2.0"": 0.043478260869565216}"
ok	chr22:27910964|27914347	PITPNB	chr22	27910964	27914347	chr22:27900000-27950000	23	2.0434782608695654	0.043478260869565216	-0.04545454545454549	0.8368364960931192	"{""2.0"": 0.045454545454545456, ""3.0"": 0.0}"
ok	chr22:31559660|31580875	ENSG00000214093;SFI1	chr22	31559660	31580875	chr22:31550000-31600000	23	2.0	0.043478260869565216			"{""2.0"": 0.043478260869565216}"
ok	chr22:35262323|35293743	HMGXB4	chr22	35262323	35293743	chr22:35250000-35300000	23	2.0	0.08695652173913043			"{""2.0"": 0.08695652173913043}"
ok	chr22:36288814|36294142	MYH9	chr22	36288814	36294142	chr22:36250000-36300000	23	1.9565217391304348	0.08695652173913043	0.04545454545454545	0.8368364960931192	"{""1.0"": 0.0, ""2.0"": 0.09090909090909091}"
ok	chr22:38299895|38300952	CSNK1E;TPTEP2-CSNK1E	chr22	38299895	38300952	chr22:38300000-38350000	23	1.9565217391304348	0.043478260869565216	0.04545454545454545	0.8368364960931192	"{""1.0"": 0.0, ""2.0"": 0.045454545454545456}"
ok	chr11:1286002|1295794	TOLLIP	chr11	1286002	1295794	chr11:1250000-1300000	23	1.1304347826086956	0.043478260869565216	-0.04094633178244607	0.8528384170124169	"{""0.0"": 0.0, ""1.0"": 0.05, ""2.0"": 0.0, ""4.0"": 0.0}"
ok	chr11:3676509|3683347	NUP98	chr11	3676509	3683347	chr11:3650000-3700000	23	2.260869565217391	0.043478260869565216	-0.045454545454545456	0.8368364960931192	"{""2.0"": 0.045454545454545456, ""8.0"": 0.0}"
ok	chr11:65426996|65427419	NEAT1	chr11	65426996	65427419	chr11:65400000-65450000	23	2.0	0.13043478260869565			"{""2.0"": 0.13043478260869565}"
ok	chr11:65428067|65428214	NEAT1	chr11	65428067	65428214	chr11:65400000-65450000	23	2.0	0.043478260869565216			"{""2.0"": 0.043478260869565216}"
ok	chr11:111809643|111857737	ALG9;ALG9-IT1;ENSG00000258529	chr11	111809643	111857737	chr11:111800000-111850000	23	2.0	0.17391304347826086			"{""2.0"": 0.17391304347826086}"
ok	chr12:6925601|6925783	ATN1	chr12	6925601	6925783	chr12:6900000-6950000	23	2.0	0.043478260869565216			"{""2.0"": 0.043478260869565216}"
ok	chr12:12361206|12361349	BORCS5	chr12	12361206	12361349	chr12:12350000-12400000	23	2.0	0.043478260869565216			"{""2.0"": 0.043478260869565216}"
ok	chr12:24749350|24790818	ENSG00000255745	chr12	24749350	24790818	chr12:24750000-24800000	23	2.0	0.043478260869565216			"{""2.0"": 0.043478260869565216}"
ok	chr12:42210355|42210619	YAF2	chr12	42210355	42210619	chr12:42200000-42250000	23	2.0	0.043478260869565216			"{""2.0"": 0.043478260869565216}"
ok	chr12:49755716|49758762	TMBIM6	chr12	49755716	49758762	chr12:49750000-49800000	23	2.0	0.043478260869565216			"{""2.0"": 0.043478260869565216}"
ok	chr12:51238818|51240406	DAZAP2	chr12	51238818	51240406	chr12:51200000-51250000	23	2.0	0.043478260869565216			"{""2.0"": 0.043478260869565216}"
ok	chr12:62498919|62501698	MON2	chr12	62498919	62501698	chr12:62500000-62550000	23	2.0	0.08695652173913043			"{""2.0"": 0.08695652173913043}"
ok	chr12:88148288|88176319	TMTC3	chr12	88148288	88176319	chr12:88150000-88200000	23	2.0	0.043478260869565216			"{""2.0"": 0.043478260869565216}"
ok	chr12:98593711|98597983	SLC25A3	chr12	98593711	98597983	chr12:98550000-98600000	23	2.0	0.17391304347826086			"{""2.0"": 0.17391304347826086}"
ok	chr12:106238038|106238296	CKAP4	chr12	106238038	106238296	chr12:106200000-106250000	23	2.0	0.043478260869565216			"{""2.0"": 0.043478260869565216}"
ok	chr12:108524316|108549214	SART3	chr12	108524316	108549214	chr12:108500000-108550000	23	2.0	0.043478260869565216			"{""2.0"": 0.043478260869565216}"
ok	chr12:108623467|108624312	SELPLG	chr12	108623467	108624312	chr12:108600000-108650000	23	2.0	0.17391304347826086			"{""2.0"": 0.17391304347826086}"
ok	chr12:109456118|109458078	KCTD10	chr12	109456118	109458078	chr12:109450000-109500000	23	2.0	0.043478260869565216			"{""2.0"": 0.043478260869565216}"
ok	chr12:116918531|116928127	FBXW8	chr12	116918531	116928127	chr12:116900000-116950000	23	2.0	0.043478260869565216			"{""2.0"": 0.043478260869565216}"
ok	chr12:120767394|120769059	SPPL3	chr12	120767394	120769059	chr12:120750000-120800000	23	1.9565217391304348	0.08695652173913043	0.045454545454545456	0.8368364960931192	"{""1.0"": 0.0, ""2.0"": 0.09090909090909091}"
ok	chr12:124449815|124495368	NCOR2	chr12	124449815	124495368	chr12:124450000-124500000	23	1.8695652173913044	0.043478260869565216	0.08257228238447707	0.7079879068817685	"{""1.0"": 0.0, ""2.0"": 0.05}"
ok	chr1:955008|955864	NOC2L	chr1	955008	955864	chr1:950000-1000000	23	2.0434782608695654	0.043478260869565216	-0.025854384499750964	0.9067825996615458	"{""1.0"": 0.0, ""2.0"": 0.05, ""3.0"": 0.0}"
ok	chr1:9734090|9735576	CLSTN1	chr1	9734090	9735576	chr1:9700000-9750000	23	2.0	0.043478260869565216			"{""2.0"": 0.043478260869565216}"
ok	chr1:11126622|11130777	MTOR	chr1	11126622	11130777	chr1:11100000-11150000	23	2.0	0.043478260869565216			"{""2.0"": 0.043478260869565216}"
ok	chr1:19268572|19270935	AKR7L	chr1	19268572	19270935	chr1:19250000-19300000	23	2.0	0.13043478260869565			"{""2.0"": 0.13043478260869565}"
ok	chr1:20749723|20773610	HP1BP3	chr1	20749723	20773610	chr1:20750000-20800000	23	2.0	0.08695652173913043			"{""2.0"": 0.08695652173913043}"
ok	chr1:21002713|21111383	EIF4G3;ENSG00000236073;RPS15AP6	chr1	21002713	21111383	chr1:21050000-21100000	23	2.0	0.043478260869565216			"{""2.0"": 0.043478260869565216}"
ok	chr1:21873925|21874632	HSPG2	chr1	21873925	21874632	chr1:21850000-21900000	23	2.0	0.08695652173913043			"{""2.0"": 0.08695652173913043}"
ok	chr1:26729651|26773898	ARID1A	chr1	26729651	26773898	chr1:26750000-26800000	23	1.9565217391304348	0.043478260869565216	0.045454545454545456	0.8368364960931192	"{""1.0"": 0.0, ""2.0"": 0.045454545454545456}"
ok	chr1:93567279|93567851	BCAR3	chr1	93567279	93567851	chr1:93550000-93600000	23	2.0	0.043478260869565216			"{""2.0"": 0.043478260869565216}"
ok	chr1:155415744|155459898	ASH1L	chr1	155415744	155459898	chr1:155400000-155450000	23	1.9130434782608696	0.043478260869565216	0.06579516949597691	0.7654978135179871	"{""1.0"": 0.0, ""2.0"": 0.047619047619047616}"
ok	chr1:173481462|173487752	PRDX6	chr1	173481462	173487752	chr1:173450000-173500000	23	2.0	0.043478260869565216			"{""2.0"": 0.043478260869565216}"
ok	chr1:179030337|179049391	ENSG00000232750	chr1	179030337	179049391	chr1:179000000-179050000	23	2.0	0.043478260869565216			"{""2.0"": 0.043478260869565216}"
ok	chr1:193203795|193212477	CDC73	chr1	193203795	193212477	chr1:193200000-193250000	23	2.0	0.043478260869565216			"{""2.0"": 0.043478260869565216}"
ok	chr1:203743104|203743733	ATP2B4	chr1	203743104	203743733	chr1:203700000-203750000	23	1.9565217391304348	0.043478260869565216	0.045454545454545456	0.8368364960931192	"{""1.0"": 0.0, ""2.0"": 0.045454545454545456}"
ok	chr2:1632506|1693134	PXDN	chr2	1632506	1693134	chr2:1650000-1700000	23	2.0	0.13043478260869565			"{""2.0"": 0.13043478260869565}"
ok	chr2:29160333|29163878	CLIP4	chr2	29160333	29163878	chr2:29150000-29200000	23	1.9565217391304348	0.08695652173913043	0.045454545454545456	0.8368364960931192	"{""1.0"": 0.0, ""2.0"": 0.09090909090909091}"
ok	chr2:37316237|37317179	PRKD3	chr2	37316237	37317179	chr2:37300000-37350000	23	2.0	0.043478260869565216			"{""2.0"": 0.043478260869565216}"
ok	chr2:39286852|39331989	ENSG00000273035;MAP4K3	chr2	39286852	39331989	chr2:39300000-39350000	23	2.0	0.043478260869565216			"{""2.0"": 0.043478260869565216}"
ok	chr2:61873002|61883548	CCT4	chr2	61873002	61883548	chr2:61850000-61900000	23	2.0	0.043478260869565216			"{""2.0"": 0.043478260869565216}"
ok	chr2:97675631|97675928	C2orf92	chr2	97675631	97675928	chr2:97650000-97700000	23	1.9130434782608696	0.043478260869565216	0.06579516949597689	0.7654978135179871	"{""1.0"": 0.0, ""2.0"": 0.047619047619047616}"
ok	chr2:134253095|134270550	MGAT5	chr2	134253095	134270550	chr2:134250000-134300000	23	2.0434782608695654	0.13043478260869565	-0.04545454545454548	0.8368364960931192	"{""2.0"": 0.13636363636363635, ""3.0"": 0.0}"
ok	chr2:134253095|134254644	MGAT5	chr2	134253095	134254644	chr2:134250000-134300000	23	2.0434782608695654	0.043478260869565216	-0.04545454545454549	0.8368364960931192	"{""2.0"": 0.045454545454545456, ""3.0"": 0.0}"
ok	chr2:159438303|159453801	BAZ2B	chr2	159438303	159453801	chr2:159400000-159450000	23	2.0434782608695654	0.08695652173913043	-0.04545454545454549	0.8368364960931192	"{""2.0"": 0.09090909090909091, ""3.0"": 0.0}"
ok	chr2:168163739|168167407	STK39	chr2	168163739	168167407	chr2:168150000-168200000	23	2.0434782608695654	0.043478260869565216	-0.04545454545454549	0.8368364960931192	"{""2.0"": 0.045454545454545456, ""3.0"": 0.0}"
ok	chr2:191779219|191785489		chr2	191779219	191785489	chr2:191750000-191800000	23	2.0434782608695654	0.17391304347826086	-0.04545454545454549	0.8368364960931192	"{""2.0"": 0.18181818181818182, ""3.0"": 0.0}"
ok	chr2:195680032|195718332	SLC39A10	chr2	195680032	195718332	chr2:195650000-195700000	23	2.0434782608695654	0.043478260869565216	-0.04545454545454549	0.8368364960931192	"{""2.0"": 0.045454545454545456, ""3.0"": 0.0}"
ok	chr2:200997445|201011472	HYCC2	chr2	200997445	201011472	chr2:201000000-201050000	23	2.0434782608695654	0.043478260869565216	-0.04545454545454549	0.8368364960931192	"{""2.0"": 0.045454545454545456, ""3.0"": 0.0}"
ok	chr2:215383415|215384129	FN1	chr2	215383415	215384129	chr2:215350000-215400000	23	2.0434782608695654	0.08695652173913043	-0.04545454545454549	0.8368364960931192	"{""2.0"": 0.09090909090909091, ""3.0"": 0.0}"
ok	chr2:238255657|238255911	PER2	chr2	238255657	238255911	chr2:238250000-238300000	23	2.0	0.043478260869565216	0.0	1.0	"{""1.0"": 0.0, ""2.0"": 0.047619047619047616, ""3.0"": 0.0}"
ok	chr13:20058575|20061224	ZMYM2	chr13	20058575	20061224	chr13:20050000-20100000	23	2.0	0.043478260869565216			"{""2.0"": 0.043478260869565216}"
ok	chr13:30227412|30283791	KATNAL1	chr13	30227412	30283791	chr13:30250000-30300000	23	2.0	0.043478260869565216			"{""2.0"": 0.043478260869565216}"
ok	chr13:77217840|77243951	MYCBP2	chr13	77217840	77243951	chr13:77200000-77250000	23	2.0	0.08695652173913043			"{""2.0"": 0.08695652173913043}"
ok	chr13:79341123|79344794	RBM26	chr13	79341123	79344794	chr13:79300000-79350000	23	2.0	0.08695652173913043			"{""2.0"": 0.08695652173913043}"
ok	chr13:99238427|99244624	UBAC2	chr13	99238427	99244624	chr13:99200000-99250000	23	2.0	0.08695652173913043			"{""2.0"": 0.08695652173913043}"
ok	chr20:25302219|25320318	ABHD12	chr20	25302219	25320318	chr20:25300000-25350000	23	2.0	0.043478260869565216			"{""2.0"": 0.043478260869565216}"
ok	chr20:44907836|44908036	YWHAB	chr20	44907836	44908036	chr20:44900000-44950000	23	2.0	0.043478260869565216			"{""2.0"": 0.043478260869565216}"
ok	chr20:63668866|63672549	RTEL1;RTEL1-TNFRSF6B	chr20	63668866	63672549	chr20:63650000-63700000	23	1.7391304347826086	0.08695652173913043	0.10514994558491728	0.633015503465745	"{""0.0"": 0.0, ""1.0"": 0.0, ""2.0"": 0.1111111111111111}"
ok	chr18:45636823|45637157	SLC14A2	chr18	45636823	45637157	chr18:45600000-45650000	23	2.0	0.043478260869565216			"{""2.0"": 0.043478260869565216}"
ok	chr19:4333973|4338944	STAP2	chr19	4333973	4338944	chr19:4300000-4350000	23	1.9130434782608696	0.043478260869565216	0.06579516949597689	0.7654978135179871	"{""1.0"": 0.0, ""2.0"": 0.047619047619047616}"
ok	chr19:16552806|16555397	ENSG00000141979;SLC35E1	chr19	16552806	16555397	chr19:16550000-16600000	23	2.0	0.13043478260869565			"{""2.0"": 0.13043478260869565}"
ok	chr19:17319546|17320494	DDA1	chr19	17319546	17320494	chr19:17300000-17350000	23	2.0	0.043478260869565216			"{""2.0"": 0.043478260869565216}"
ok	chr19:18992607|18992940	SUGP2	chr19	18992607	18992940	chr19:18950000-19000000	23	1.9565217391304348	0.043478260869565216	0.045454545454545456	0.8368364960931192	"{""1.0"": 0.0, ""2.0"": 0.045454545454545456}"
ok	chr19:19024619|19031082	SUGP2	chr19	19024619	19031082	chr19:19000000-19050000	23	1.9565217391304348	0.043478260869565216	0.045454545454545456	0.8368364960931192	"{""1.0"": 0.0, ""2.0"": 0.045454545454545456}"
ok	chr19:34396301|34396657	ENSG00000266953;GPI	chr19	34396301	34396657	chr19:34350000-34400000	23	1.0869565217391304	0.043478260869565216	-0.24960095744714747	0.250727654581376	"{""0.0"": 0.1111111111111111, ""1.0"": 0.0, ""2.0"": 0.0}"
ok	chr19:38326593|38327399	KCNK6	chr19	38326593	38327399	chr19:38300000-38350000	23	1.9130434782608696	0.13043478260869565	0.06579516949597687	0.7654978135179871	"{""1.0"": 0.0, ""2.0"": 0.14285714285714285}"
ok	chr19:38724045|38725828	ACTN4	chr19	38724045	38725828	chr19:38700000-38750000	23	1.9130434782608696	0.13043478260869565	0.06579516949597687	0.7654978135179871	"{""1.0"": 0.0, ""2.0"": 0.14285714285714285}"
ok	chr19:38725724|38725903	ACTN4	chr19	38725724	38725903	chr19:38700000-38750000	23	1.9130434782608696	0.043478260869565216	0.06579516949597689	0.7654978135179871	"{""1.0"": 0.0, ""2.0"": 0.047619047619047616}"
ok	chr19:39422115|39422288	PLEKHG2	chr19	39422115	39422288	chr19:39400000-39450000	23	1.9130434782608696	0.043478260869565216	0.06579516949597689	0.7654978135179871	"{""1.0"": 0.0, ""2.0"": 0.047619047619047616}"
ok	chr19:40583398|40583717	SHKBP1	chr19	40583398	40583717	chr19:40550000-40600000	23	1.9130434782608696	0.08695652173913043	0.09523809523809523	0.6655527244594618	"{""1.0"": 0.0, ""2.0"": 0.09523809523809523}"
ok	chr19:45361524|45365158	ERCC2	chr19	45361524	45365158	chr19:45350000-45400000	23	1.8695652173913044	0.08695652173913043	0.08257228238447707	0.7079879068817685	"{""1.0"": 0.0, ""2.0"": 0.1}"
ok	chr14:22767964|22770278	OXA1L	chr14	22767964	22770278	chr14:22750000-22800000	23	1.8695652173913044	0.043478260869565216	0.08257228238447706	0.7079879068817685	"{""1.0"": 0.0, ""2.0"": 0.05}"
ok	chr14:30715924|30722559	SCFD1	chr14	30715924	30722559	chr14:30700000-30750000	23	2.0869565217391304	0.17391304347826086	-0.06579516949597691	0.7654978135179871	"{""2.0"": 0.19047619047619047, ""3.0"": 0.0}"
ok	chr14:49795791|49829426	NEMF	chr14	49795791	49829426	chr14:49800000-49850000	23	2.0434782608695654	0.043478260869565216	-0.04545454545454549	0.8368364960931192	"{""2.0"": 0.045454545454545456, ""3.0"": 0.0}"
ok	chr14:58498783|58540136	HNRNPCP1;KIAA0586	chr14	58498783	58540136	chr14:58500000-58550000	23	1.9565217391304348	0.043478260869565216	0.045454545454545456	0.8368364960931192	"{""1.0"": 0.0, ""2.0"": 0.045454545454545456}"
ok	chr14:100913432|100969545	MEG8;MIR493HG;SNORD113-5;SNORD113-7;SNORD114-2	chr14	100913432	100969545	chr14:100900000-100950000	23	1.9565217391304348	0.043478260869565216	0.045454545454545456	0.8368364960931192	"{""1.0"": 0.0, ""2.0"": 0.045454545454545456}"
ok	chr14:100944809|100966731	MEG8;MIR493HG;SNORD114-2;SNORD114-3;SNORD114-7	chr14	100944809	100966731	chr14:100950000-101000000	23	1.9565217391304348	0.043478260869565216	0.045454545454545456	0.8368364960931192	"{""1.0"": 0.0, ""2.0"": 0.045454545454545456}"
ok	chr14:100950402|100988790	ENSG00000201036;ENSG00000201500;MEG8;MIR493HG;SNORD114-2	chr14	100950402	100988790	chr14:100950000-101000000	23	1.9565217391304348	0.17391304347826086	0.045454545454545456	0.8368364960931192	"{""1.0"": 0.0, ""2.0"": 0.18181818181818182}"
ok	chr14:103520469|103522319	CKB	chr14	103520469	103522319	chr14:103500000-103550000	23	1.9130434782608696	0.08695652173913043	0.06579516949597691	0.7654978135179871	"{""1.0"": 0.0, ""2.0"": 0.09523809523809523}"
ok	chr15:39592600|39593122	FSIP1	chr15	39592600	39593122	chr15:39550000-39600000	23	2.0	0.043478260869565216			"{""2.0"": 0.043478260869565216}"
ok	chr15:39939505|39955768	EIF2AK4	chr15	39939505	39955768	chr15:39900000-39950000	23	2.0	0.21739130434782608			"{""2.0"": 0.21739130434782608}"
ok	chr15:43772603|43773184	PDIA3	chr15	43772603	43773184	chr15:43750000-43800000	23	2.0	0.043478260869565216			"{""2.0"": 0.043478260869565216}"
ok	chr15:62007308|62044255	VPS13C	chr15	62007308	62044255	chr15:62000000-62050000	23	2.0	0.17391304347826086			"{""2.0"": 0.17391304347826086}"
ok	chr15:63529014|63563008	USP3	chr15	63529014	63563008	chr15:63500000-63550000	23	2.0	0.043478260869565216			"{""2.0"": 0.043478260869565216}"
ok	chr15:77284958|77388802	PEAK1	chr15	77284958	77388802	chr15:77300000-77350000	23	2.0	0.08695652173913043			"{""2.0"": 0.08695652173913043}"
ok	chr15:83191217|83192308	HDGFL3	chr15	83191217	83192308	chr15:83150000-83200000	23	2.0	0.043478260869565216			"{""2.0"": 0.043478260869565216}"
ok	chr15:99130324|99133340	SYNM	chr15	99130324	99133340	chr15:99100000-99150000	23	1.9565217391304348	0.17391304347826086	0.045454545454545456	0.8368364960931192	"{""1.0"": 0.0, ""2.0"": 0.18181818181818182}"
ok	chr15:101701086|101705747	TARS3	chr15	101701086	101705747	chr15:101700000-101750000	23	2.0	0.043478260869565216			"{""2.0"": 0.043478260869565216}"
ok	chr16:2175210|2176595	TRAF7	chr16	2175210	2176595	chr16:2150000-2200000	23	1.8695652173913044	0.043478260869565216	0.08257228238447706	0.7079879068817685	"{""1.0"": 0.0, ""2.0"": 0.05}"
ok	chr16:2448855|2449915	CCNF	chr16	2448855	2449915	chr16:2400000-2450000	23	1.8695652173913044	0.13043478260869565	0.08257228238447706	0.7079879068817685	"{""1.0"": 0.0, ""2.0"": 0.15}"
ok	chr16:21612645|21625115	METTL9	chr16	21612645	21625115	chr16:21600000-21650000	23	2.0	0.043478260869565216			"{""2.0"": 0.043478260869565216}"
ok	chr16:30354184|30354707	CD2BP2	chr16	30354184	30354707	chr16:30350000-30400000	23	2.0	0.08695652173913043			"{""2.0"": 0.08695652173913043}"
ok	chr16:67610824|67616878	CTCF	chr16	67610824	67616878	chr16:67600000-67650000	23	2.0	0.08695652173913043			"{""2.0"": 0.08695652173913043}"
ok	chr16:67878166|67878839	EDC4	chr16	67878166	67878839	chr16:67850000-67900000	23	2.0	0.08695652173913043			"{""2.0"": 0.08695652173913043}"
ok	chr16:67957742|67961706	SLC12A4	chr16	67957742	67961706	chr16:67950000-68000000	23	2.0	0.043478260869565216			"{""2.0"": 0.043478260869565216}"
ok	chr16:71658233|71664099	PHLPP2	chr16	71658233	71664099	chr16:71650000-71700000	23	2.0	0.043478260869565216			"{""2.0"": 0.043478260869565216}"
ok	chr16:80684538|80685129	CDYL2	chr16	80684538	80685129	chr16:80650000-80700000	23	2.0	0.043478260869565216			"{""2.0"": 0.043478260869565216}"
ok	chr16:83961038|83965274	OSGIN1	chr16	83961038	83965274	chr16:83950000-84000000	23	2.0	0.043478260869565216			"{""2.0"": 0.043478260869565216}"
ok	chr16:84700008|84744866	USP10	chr16	84700008	84744866	chr16:84700000-84750000	23	1.9565217391304348	0.043478260869565216	0.045454545454545456	0.8368364960931192	"{""1.0"": 0.0, ""2.0"": 0.045454545454545456}"
ok	chr17:1467480|1469614	MYO1C	chr17	1467480	1469614	chr17:1450000-1500000	23	0.9130434782608695	0.21739130434782608	0.03683547343418787	0.867479167044514	"{""0.0"": 0.0, ""1.0"": 0.29411764705882354, ""2.0"": 0.0}"
ok	chr17:28766586|28790443	FAM222B	chr17	28766586	28790443	chr17:28750000-28800000	23	2.0	0.08695652173913043			"{""2.0"": 0.08695652173913043}"
ok	chr17:39657775|39658443	STARD3	chr17	39657775	39658443	chr17:39650000-39700000	23	2.0	0.08695652173913043	0.0	1.0	"{""1.0"": 0.0, ""2.0"": 0.09523809523809523, ""3.0"": 0.0}"
ok	chr17:40456853|40457182	IGFBP4	chr17	40456853	40457182	chr17:40450000-40500000	23	2.0	0.043478260869565216	0.0	1.0	"{""1.0"": 0.0, ""2.0"": 0.047619047619047616, ""3.0"": 0.0}"
ok	chr17:42422681|42422998	CAVIN1	chr17	42422681	42422998	chr17:42400000-42450000	23	1.9565217391304348	0.043478260869565216	-1.0	0.0	"{""1.0"": 1.0, ""2.0"": 0.0}"
ok	chr17:49703216|49704127	SLC35B1	chr17	49703216	49704127	chr17:49700000-49750000	23	2.0	0.043478260869565216			"{""2.0"": 0.043478260869565216}"
ok	chr17:50658078|50658373	ABCC3	chr17	50658078	50658373	chr17:50650000-50700000	23	2.0	0.043478260869565216			"{""2.0"": 0.043478260869565216}"
ok	chr17:61919400|62011233	ENSG00000279133;INTS2;MED13;RN7SL800P	chr17	61919400	62011233	chr17:61950000-62000000	23	2.0	0.043478260869565216			"{""2.0"": 0.043478260869565216}"
ok	chr17:62033787|62035608	MED13	chr17	62033787	62035608	chr17:62000000-62050000	23	2.0	0.13043478260869565			"{""2.0"": 0.13043478260869565}"
ok	chr17:64193559|64214242	TEX2	chr17	64193559	64214242	chr17:64200000-64250000	23	1.9130434782608696	0.08695652173913043	-0.6908492797077578	0.0002626421229404894	"{""1.0"": 1.0, ""2.0"": 0.0}"
ok	chr17:64562771|64571956	SMURF2	chr17	64562771	64571956	chr17:64550000-64600000	23	1.9565217391304348	0.043478260869565216	-1.0	0.0	"{""1.0"": 1.0, ""2.0"": 0.0}"
ok	chr17:75839839|75841001	UNC13D	chr17	75839839	75841001	chr17:75800000-75850000	23	2.0	0.13043478260869565			"{""2.0"": 0.13043478260869565}"
ok	chr17:81053668|81116312	BAIAP2	chr17	81053668	81116312	chr17:81050000-81100000	23	2.0	0.043478260869565216			"{""2.0"": 0.043478260869565216}"
ok	chr9:16435555|16437524	BNC2	chr9	16435555	16437524	chr9:16400000-16450000	23	2.0	0.13043478260869565			"{""2.0"": 0.13043478260869565}"
ok	chr7:92213195|92226682	ENSG00000285953;ENSG00000289027;KRIT1	chr7	92213195	92226682	chr7:92200000-92250000	23	2.0	0.043478260869565216			"{""2.0"": 0.043478260869565216}"
ok	chr7:94418499|94420286	COL1A2	chr7	94418499	94420286	chr7:94400000-94450000	23	2.0	0.043478260869565216			"{""2.0"": 0.043478260869565216}"
ok	chr7:98933241|98948685	TRRAP	chr7	98933241	98948685	chr7:98900000-98950000	23	1.9565217391304348	0.13043478260869565	0.045454545454545456	0.8368364960931192	"{""1.0"": 0.0, ""2.0"": 0.13636363636363635}"
ok	chr7:100035570|100035755	ZKSCAN1	chr7	100035570	100035755	chr7:100000000-100050000	23	1.9565217391304348	0.043478260869565216	0.045454545454545456	0.8368364960931192	"{""1.0"": 0.0, ""2.0"": 0.045454545454545456}"
ok	chr7:131470842|131478677	MKLN1	chr7	131470842	131478677	chr7:131450000-131500000	23	2.0	0.17391304347826086			"{""2.0"": 0.17391304347826086}"
ok	chrX:101021101|101023616	TRMT2B	chrX	101021101	101023616	chrX:101000000-101050000	23	2.0	0.043478260869565216			"{""2.0"": 0.043478260869565216}"
ok	chrX:154010540|154010844	IRAK1	chrX	154010540	154010844	chrX:154000000-154050000	23	1.9130434782608696	0.17391304347826086	0.06579516949597693	0.7654978135179871	"{""1.0"": 0.0, ""2.0"": 0.19047619047619047}"
ok	chr8:27658918|27659079	SCARA3	chr8	27658918	27659079	chr8:27650000-27700000	23	2.0	0.043478260869565216			"{""2.0"": 0.043478260869565216}"
ok	chr8:52668021|52686967	RB1CC1	chr8	52668021	52686967	chr8:52650000-52700000	23	2.0	0.2608695652173913			"{""2.0"": 0.2608695652173913}"
ok	chr8:93786223|93822563	TMEM67	chr8	93786223	93822563	chr8:93800000-93850000	23	2.0	0.043478260869565216			"{""2.0"": 0.043478260869565216}"
ok	chr5:65992710|66014725	ERBIN	chr5	65992710	66014725	chr5:66000000-66050000	23	2.0	0.08695652173913043			"{""2.0"": 0.08695652173913043}"
ok	chr5:72197626|72198086	MAP1B	chr5	72197626	72198086	chr5:72150000-72200000	23	2.0	0.043478260869565216			"{""2.0"": 0.043478260869565216}"
ok	chr5:154819550|154819905	FAXDC2	chr5	154819550	154819905	chr5:154800000-154850000	23	2.0	0.043478260869565216			"{""2.0"": 0.043478260869565216}"
ok	chr5:176154751|176159196	CEP192P1;ENSG00000248596;ENSG00000287579;ENSG00000290935	chr5	176154751	176159196	chr5:176150000-176200000	23	2.0	0.043478260869565216			"{""2.0"": 0.043478260869565216}"
ok	chr6:13637808|13644729	RANBP9	chr6	13637808	13644729	chr6:13600000-13650000	23	2.0	0.08695652173913043			"{""2.0"": 0.08695652173913043}"
ok	chr6:83346211|83407901	ME1	chr6	83346211	83407901	chr6:83350000-83400000	23	2.0	0.043478260869565216			"{""2.0"": 0.043478260869565216}"
ok	chr6:127280231|127287007	RNF146	chr6	127280231	127287007	chr6:127250000-127300000	23	2.0	0.043478260869565216			"{""2.0"": 0.043478260869565216}"
ok	chr10:5720544|5727123	TASOR2	chr10	5720544	5727123	chr10:5700000-5750000	23	2.0	0.08695652173913043			"{""2.0"": 0.08695652173913043}"
ok	chr10:18666575|18668677	ARL5B	chr10	18666575	18668677	chr10:18650000-18700000	23	2.0434782608695654	0.043478260869565216	-0.045454545454545484	0.8368364960931192	"{""2.0"": 0.045454545454545456, ""3.0"": 0.0}"
ok	chr10:35516523|35553185	CCNY	chr10	35516523	35553185	chr10:35500000-35550000	23	1.9565217391304348	0.043478260869565216	0.04545454545454545	0.8368364960931192	"{""1.0"": 0.0, ""2.0"": 0.045454545454545456}"
ok	chr10:75192666|75192830		chr10	75192666	75192830	chr10:75150000-75200000	23	2.0	0.13043478260869565	0.0	1.0	"{""1.0"": 0.0, ""2.0"": 0.14285714285714285, ""3.0"": 0.0}"
ok	chr10:79201584|79216274	ZMIZ1	chr10	79201584	79216274	chr10:79200000-79250000	23	1.826086956521739	0.21739130434782608	0.0978231976089037	0.6570073287387147	"{""1.0"": 0.0, ""2.0"": 0.2631578947368421}"
ok	chr10:102479492|102480152	ACTR1A	chr10	102479492	102480152	chr10:102450000-102500000	23	1.9565217391304348	0.08695652173913043	0.045454545454545456	0.8368364960931192	"{""1.0"": 0.0, ""2.0"": 0.09090909090909091}"
ok	chr10:103288754|103289077	INA	chr10	103288754	103289077	chr10:103250000-103300000	23	1.9565217391304348	0.043478260869565216	0.045454545454545456	0.8368364960931192	"{""1.0"": 0.0, ""2.0"": 0.045454545454545456}"
ok	chr3:30693363|30693505	TGFBR2	chr3	30693363	30693505	chr3:30650000-30700000	23	1.9130434782608696	0.08695652173913043	0.06579516949597693	0.7654978135179871	"{""1.0"": 0.0, ""2.0"": 0.09523809523809523}"
ok	chr3:49972059|49999513	RBM6	chr3	49972059	49999513	chr3:49950000-50000000	23	1.826086956521739	0.043478260869565216	0.0978231976089037	0.6570073287387147	"{""1.0"": 0.0, ""2.0"": 0.05263157894736842}"
ok	chr3:98797500|98881647	DCBLD2;RNU6-26P	chr3	98797500	98881647	chr3:98800000-98850000	23	2.0	0.17391304347826086			"{""2.0"": 0.17391304347826086}"
ok	chr3:128070622|128070795	SEC61A1	chr3	128070622	128070795	chr3:128050000-128100000	23	1.9130434782608696	0.043478260869565216	0.036835473434187874	0.867479167044514	"{""1.0"": 0.0, ""2.0"": 0.058823529411764705, ""3.0"": 0.0}"
ok	chr3:128795360|128807671	RAB7A	chr3	128795360	128807671	chr3:128800000-128850000	23	1.9130434782608696	0.21739130434782608	0.05218820016240554	0.8130532215065239	"{""1.0"": 0.0, ""2.0"": 0.29411764705882354, ""3.0"": 0.0}"
ok	chr3:136377660|136423044	STAG1	chr3	136377660	136423044	chr3:136400000-136450000	23	1.9130434782608696	0.08695652173913043	0.036835473434187874	0.867479167044514	"{""1.0"": 0.0, ""2.0"": 0.11764705882352941, ""3.0"": 0.0}"
ok	chr3:170136419|170178938	PHC3	chr3	170136419	170178938	chr3:170150000-170200000	23	1.9130434782608696	0.08695652173913043	0.036835473434187874	0.867479167044514	"{""1.0"": 0.0, ""2.0"": 0.11764705882352941, ""3.0"": 0.0}"
ok	chr11:16046514|16055901	SOX6	chr11	16046514	16055901	chr11:16050000-16100000	23	2.260869565217391	0.043478260869565216	-0.045454545454545456	0.8368364960931192	"{""2.0"": 0.045454545454545456, ""8.0"": 0.0}"
ok	chr11:47483453|47484523	CELF1	chr11	47483453	47484523	chr11:47450000-47500000	23	2.0	0.043478260869565216			"{""2.0"": 0.043478260869565216}"
ok	chr11:68070189|68081457	CHKA	chr11	68070189	68081457	chr11:68050000-68100000	23	1.9565217391304348	0.043478260869565216	0.04545454545454545	0.8368364960931192	"{""1.0"": 0.0, ""2.0"": 0.045454545454545456}"
ok	chr11:69004555|69004900	ENSG00000261276	chr11	69004555	69004900	chr11:69000000-69050000	23	1.8695652173913044	0.043478260869565216	0.08257228238447706	0.7079879068817685	"{""1.0"": 0.0, ""2.0"": 0.05}"
ok	chr11:75566420|75566901	SERPINH1	chr11	75566420	75566901	chr11:75550000-75600000	23	2.0	0.043478260869565216			"{""2.0"": 0.043478260869565216}"
ok	chr11:120406118|120409450	ARHGEF12	chr11	120406118	120409450	chr11:120400000-120450000	23	2.0	0.13043478260869565			"{""2.0"": 0.13043478260869565}"
ok	chr11:121036505|121060085	TBCEL;TBCEL-TECTA	chr11	121036505	121060085	chr11:121000000-121050000	23	2.0	0.17391304347826086			"{""2.0"": 0.17391304347826086}"
ok	chr11:123594082|123594838	GRAMD1B	chr11	123594082	123594838	chr11:123550000-123600000	23	2.0	0.13043478260869565			"{""2.0"": 0.13043478260869565}"
ok	chr4:16888674|16898429	LDB2	chr4	16888674	16898429	chr4:16850000-16900000	23	2.0	0.13043478260869565			"{""2.0"": 0.13043478260869565}"
ok	chr4:53425872|53428183	ENSG00000282278;FIP1L1	chr4	53425872	53428183	chr4:53400000-53450000	23	2.0	0.17391304347826086			"{""2.0"": 0.17391304347826086}"
ok	chr4:82878730|82881940	SEC31A	chr4	82878730	82881940	chr4:82850000-82900000	23	1.9565217391304348	0.043478260869565216	0.045454545454545456	0.8368364960931192	"{""1.0"": 0.0, ""2.0"": 0.045454545454545456}"
ok	chr4:102533845|102537956	NFKB1	chr4	102533845	102537956	chr4:102500000-102550000	23	2.0	0.043478260869565216			"{""2.0"": 0.043478260869565216}"
ok	chr4:139889357|139890967	MAML3	chr4	139889357	139890967	chr4:139850000-139900000	23	2.0	0.043478260869565216			"{""2.0"": 0.043478260869565216}"
ok	chr4:186611533|186613342	FAT1	chr4	186611533	186613342	chr4:186600000-186650000	23	2.0	0.043478260869565216			"{""2.0"": 0.043478260869565216}"
ok	chr1:1637081|1704146	CDK11A;CDK11B;ENSG00000268575;SLC35E2B	chr1	1637081	1704146	chr1:1650000-1700000	23	2.0434782608695654	0.08695652173913043	-0.025854384499750964	0.9067825996615458	"{""1.0"": 0.0, ""2.0"": 0.1, ""3.0"": 0.0}"
ok	chr1:6526696|6533441	NOL9	chr1	6526696	6533441	chr1:6500000-6550000	23	2.0	0.17391304347826086			"{""2.0"": 0.17391304347826086}"
ok	chr1:20980334|21050994	EIF4G3;MIR1256;RPS15AP6	chr1	20980334	21050994	chr1:21000000-21050000	23	2.0	0.043478260869565216			"{""2.0"": 0.043478260869565216}"
ok	chr1:21680808|21721764	USP48	chr1	21680808	21721764	chr1:21700000-21750000	23	2.0	0.043478260869565216			"{""2.0"": 0.043478260869565216}"
ok	chr1:23980191|23980331	SRSF10	chr1	23980191	23980331	chr1:23950000-24000000	23	2.0	0.043478260869565216			"{""2.0"": 0.043478260869565216}"
ok	chr1:85582761|85583188	CCN1	chr1	85582761	85583188	chr1:85550000-85600000	23	1.9565217391304348	0.08695652173913043	0.045454545454545456	0.8368364960931192	"{""1.0"": 0.0, ""2.0"": 0.09090909090909091}"
ok	chr1:108154983|108185954	SLC25A24	chr1	108154983	108185954	chr1:108150000-108200000	23	2.0869565217391304	0.08695652173913043	-0.06579516949597693	0.7654978135179871	"{""2.0"": 0.09523809523809523, ""3.0"": 0.0}"
ok	chr1:151236558|151236763	PIP5K1A	chr1	151236558	151236763	chr1:151200000-151250000	23	2.0	0.043478260869565216			"{""2.0"": 0.043478260869565216}"
ok	chr1:198277961|198297240	NEK7	chr1	198277961	198297240	chr1:198250000-198300000	23	2.0	0.08695652173913043			"{""2.0"": 0.08695652173913043}"
ok	chr1:207815929|207817414	MIR29B2CHG	chr1	207815929	207817414	chr1:207800000-207850000	23	2.0	0.043478260869565216			"{""2.0"": 0.043478260869565216}"
ok	chr1:230920510|230961303	TTC13	chr1	230920510	230961303	chr1:230900000-230950000	23	2.0	0.043478260869565216			"{""2.0"": 0.043478260869565216}"
ok	chr1:240257945|240392562	FMN2;Y_RNA	chr1	240257945	240392562	chr1:240300000-240350000	23	2.0	0.43478260869565216			"{""2.0"": 0.43478260869565216}"
ok	chr12:10713211|10719143	YBX3	chr12	10713211	10719143	chr12:10700000-10750000	23	1.9565217391304348	0.043478260869565216	0.04545454545454545	0.8368364960931192	"{""1.0"": 0.0, ""2.0"": 0.045454545454545456}"
ok	chr12:64409962|64435674	XPOT	chr12	64409962	64435674	chr12:64400000-64450000	23	2.0	0.043478260869565216			"{""2.0"": 0.043478260869565216}"
ok	chr12:72568568|72575542	TRHDE	chr12	72568568	72575542	chr12:72550000-72600000	23	2.0	0.043478260869565216			"{""2.0"": 0.043478260869565216}"
ok	chr12:108652272|108662158	CORO1C	chr12	108652272	108662158	chr12:108650000-108700000	23	2.0	0.21739130434782608			"{""2.0"": 0.21739130434782608}"
ok	chr12:110721105|110731901	PPP1CC	chr12	110721105	110731901	chr12:110700000-110750000	23	2.0	0.043478260869565216			"{""2.0"": 0.043478260869565216}"
ok	chr12:124372022|124372610	NCOR2	chr12	124372022	124372610	chr12:124350000-124400000	23	1.8695652173913044	0.043478260869565216	0.08257228238447707	0.7079879068817685	"{""1.0"": 0.0, ""2.0"": 0.05}"
ok	chr2:1691928|1693134	PXDN	chr2	1691928	1693134	chr2:1650000-1700000	23	2.0	0.17391304347826086			"{""2.0"": 0.17391304347826086}"
ok	chr2:36499219|36522313	CRIM1	chr2	36499219	36522313	chr2:36500000-36550000	23	2.0	0.043478260869565216			"{""2.0"": 0.043478260869565216}"
ok	chr2:37646713|37671630	ENSG00000290100	chr2	37646713	37671630	chr2:37650000-37700000	23	2.0	0.043478260869565216			"{""2.0"": 0.043478260869565216}"
ok	chr2:72559453|72575668	EXOC6B	chr2	72559453	72575668	chr2:72550000-72600000	23	2.0	0.043478260869565216			"{""2.0"": 0.043478260869565216}"
ok	chr2:133781837|133782042		chr2	133781837	133782042	chr2:133750000-133800000	23	2.0434782608695654	0.08695652173913043	-0.045454545454545484	0.8368364960931192	"{""2.0"": 0.09090909090909091, ""3.0"": 0.0}"
ok	chr2:135090998|135093693	RAB3GAP1	chr2	135090998	135093693	chr2:135050000-135100000	23	2.0434782608695654	0.13043478260869565	-0.045454545454545484	0.8368364960931192	"{""2.0"": 0.13636363636363635, ""3.0"": 0.0}"
ok	chr2:232811244|232812491	GIGYF2	chr2	232811244	232812491	chr2:232800000-232850000	23	2.0434782608695654	0.08695652173913043	-0.045454545454545484	0.8368364960931192	"{""2.0"": 0.09090909090909091, ""3.0"": 0.0}"
ok	chr13:52397232|52398194	THSD1	chr13	52397232	52398194	chr13:52350000-52400000	23	1.9565217391304348	0.043478260869565216	0.045454545454545456	0.8368364960931192	"{""1.0"": 0.0, ""2.0"": 0.045454545454545456}"
ok	chr13:60439688|60535233	TDRD3	chr13	60439688	60535233	chr13:60450000-60500000	23	1.9565217391304348	0.043478260869565216	-1.0	0.0	"{""1.0"": 1.0, ""2.0"": 0.0}"
ok	chr20:59865388|59895597	SYCP2	chr20	59865388	59895597	chr20:59850000-59900000	23	2.0	0.08695652173913043			"{""2.0"": 0.08695652173913043}"
ok	chr20:63202135|63202412	YTHDF1	chr20	63202135	63202412	chr20:63200000-63250000	23	1.7826086956521738	0.08695652173913043	-0.4045199174779454	0.0555467119367926	"{""1.0"": 0.4, ""2.0"": 0.0}"
ok	chr18:9168204|9221999	ANKRD12;ENSG00000265257	chr18	9168204	9221999	chr18:9150000-9200000	23	2.0	0.043478260869565216			"{""2.0"": 0.043478260869565216}"
ok	chr18:23188838|23214054	CABLES1	chr18	23188838	23214054	chr18:23200000-23250000	23	2.0	0.08695652173913043			"{""2.0"": 0.08695652173913043}"
ok	chr18:51046920|51076776	ENSG00000267699;SMAD4	chr18	51046920	51076776	chr18:51050000-51100000	23	1.9565217391304348	0.043478260869565216	0.045454545454545456	0.8368364960931192	"{""1.0"": 0.0, ""2.0"": 0.045454545454545456}"
ok	chr19:325635|336173	MIER2	chr19	325635	336173	chr19:300000-350000	23	1.9130434782608696	0.043478260869565216	-0.6908492797077577	0.00026264212294049106	"{""1.0"": 0.5, ""2.0"": 0.0}"
ok	chr19:5650978|5657347	SAFB	chr19	5650978	5657347	chr19:5650000-5700000	23	1.9565217391304348	0.17391304347826086	0.045454545454545456	0.8368364960931192	"{""1.0"": 0.0, ""2.0"": 0.18181818181818182}"
ok	chr19:18573293|18573748	UBA52	chr19	18573293	18573748	chr19:18550000-18600000	23	2.0	0.043478260869565216			"{""2.0"": 0.043478260869565216}"
ok	chr19:23134080|23140428	ZNF730	chr19	23134080	23140428	chr19:23100000-23150000	23	2.0	0.13043478260869565			"{""2.0"": 0.13043478260869565}"
ok	chr19:32617589|32625966	ANKRD27	chr19	32617589	32625966	chr19:32600000-32650000	23	1.9565217391304348	0.043478260869565216	0.045454545454545456	0.8368364960931192	"{""1.0"": 0.0, ""2.0"": 0.045454545454545456}"
ok	chr19:49844316|49844892	PTOV1-AS1	chr19	49844316	49844892	chr19:49800000-49850000	23	1.8695652173913044	0.043478260869565216	-0.5504818825631804	0.006492056112619959	"{""1.0"": 0.3333333333333333, ""2.0"": 0.0}"
ok	chr15:49027365|49037769	SECISBP2L	chr15	49027365	49037769	chr15:49000000-49050000	23	2.0	0.08695652173913043			"{""2.0"": 0.08695652173913043}"
ok	chr15:64393946|64409828	TRIP4	chr15	64393946	64409828	chr15:64400000-64450000	23	2.0	0.043478260869565216			"{""2.0"": 0.043478260869565216}"
ok	chr15:92996957|92998621	CHD2	chr15	92996957	92998621	chr15:92950000-93000000	23	1.9565217391304348	0.043478260869565216	0.045454545454545456	0.8368364960931192	"{""1.0"": 0.0, ""2.0"": 0.045454545454545456}"
ok	chr16:910931|954666	LMF1	chr16	910931	954666	chr16:900000-950000	23	1.8695652173913044	0.08695652173913043	0.08257228238447706	0.7079879068817685	"{""1.0"": 0.0, ""2.0"": 0.1}"
ok	chr16:954357|954666	LMF1	chr16	954357	954666	chr16:950000-1000000	23	1.8695652173913044	0.17391304347826086	0.08257228238447706	0.7079879068817685	"{""1.0"": 0.0, ""2.0"": 0.2}"
ok	chr17:17070880|17078076	MPRIP	chr17	17070880	17078076	chr17:17050000-17100000	23	1.9130434782608696	0.13043478260869565	0.06579516949597691	0.7654978135179871	"{""1.0"": 0.0, ""2.0"": 0.14285714285714285}"
ok	chr17:19920036|19963022	AKAP10;ENSG00000266126	chr17	19920036	19963022	chr17:19900000-19950000	23	2.0	0.08695652173913043			"{""2.0"": 0.08695652173913043}"
ok	chr17:50080262|50089533	ITGA3	chr17	50080262	50089533	chr17:50050000-50100000	23	2.0	0.08695652173913043			"{""2.0"": 0.08695652173913043}"
ok	chr9:2690227|2691038		chr9	2690227	2691038	chr9:2650000-2700000	23	2.0	0.043478260869565216			"{""2.0"": 0.043478260869565216}"
ok	chr9:33953285|33963791	UBAP2	chr9	33953285	33963791	chr9:33950000-34000000	23	1.9565217391304348	0.043478260869565216	0.04545454545454545	0.8368364960931192	"{""1.0"": 0.0, ""2.0"": 0.045454545454545456}"
ok	chr9:35689704|35689884	TPM2	chr9	35689704	35689884	chr9:35650000-35700000	23	2.0	0.043478260869565216			"{""2.0"": 0.043478260869565216}"
ok	chr9:79652593|79654075	TLE4	chr9	79652593	79654075	chr9:79650000-79700000	23	2.0	0.08695652173913043			"{""2.0"": 0.08695652173913043}"
ok	chr9:109106508|109108570	TMEM245	chr9	109106508	109108570	chr9:109100000-109150000	23	2.0	0.043478260869565216			"{""2.0"": 0.043478260869565216}"
ok	chr7:5528546|5528705	ACTB	chr7	5528546	5528705	chr7:5500000-5550000	23	1.9130434782608696	0.043478260869565216	0.06579516949597693	0.7654978135179871	"{""1.0"": 0.0, ""2.0"": 0.047619047619047616}"
ok	chr7:12224226|12229819	TMEM106B	chr7	12224226	12229819	chr7:12200000-12250000	23	2.0	0.13043478260869565			"{""2.0"": 0.13043478260869565}"
ok	chr7:13931502|13935896	ETV1	chr7	13931502	13935896	chr7:13900000-13950000	23	2.0	0.043478260869565216			"{""2.0"": 0.043478260869565216}"
ok	chr7:47413293|47413829	TNS3	chr7	47413293	47413829	chr7:47400000-47450000	23	2.0	0.043478260869565216			"{""2.0"": 0.043478260869565216}"
ok	chr7:100103409|100103692	AP4M1	chr7	100103409	100103692	chr7:100100000-100150000	23	1.9565217391304348	0.043478260869565216	0.04545454545454545	0.8368364960931192	"{""1.0"": 0.0, ""2.0"": 0.045454545454545456}"
ok	chr7:129203384|129206587	SMO	chr7	129203384	129206587	chr7:129200000-129250000	23	2.0	0.043478260869565216			"{""2.0"": 0.043478260869565216}"
ok	chr8:37765526|37766355	PLPBP	chr8	37765526	37766355	chr8:37750000-37800000	23	2.0	0.043478260869565216			"{""2.0"": 0.043478260869565216}"
ok	chr8:58807735|58815601	RNU4-50P;TOX	chr8	58807735	58815601	chr8:58800000-58850000	23	2.0	0.043478260869565216			"{""2.0"": 0.043478260869565216}"
ok	chrX:48922509|48925903	OTUD5	chrX	48922509	48925903	chrX:48900000-48950000	23	1.9565217391304348	0.08695652173913043	0.04545454545454545	0.8368364960931192	"{""1.0"": 0.0, ""2.0"": 0.09090909090909091}"
ok	chrX:63665886|63724711	ARHGEF9;ARHGEF9-IT1	chrX	63665886	63724711	chrX:63650000-63700000	23	2.0	0.08695652173913043			"{""2.0"": 0.08695652173913043}"
ok	chrX:63665886|63697304	ARHGEF9;ARHGEF9-IT1	chrX	63665886	63697304	chrX:63650000-63700000	23	2.0	0.043478260869565216			"{""2.0"": 0.043478260869565216}"
ok	chrX:155415575|155419562		chrX	155415575	155419562	chrX:155400000-155450000	23	2.0	0.043478260869565216			"{""2.0"": 0.043478260869565216}"
ok	chr5:147405610|147413622	DPYSL3	chr5	147405610	147413622	chr5:147400000-147450000	23	2.0	0.043478260869565216			"{""2.0"": 0.043478260869565216}"
ok	chr5:150374954|150379408	TCOF1	chr5	150374954	150379408	chr5:150350000-150400000	23	2.0	0.17391304347826086			"{""2.0"": 0.17391304347826086}"
ok	chr6:90206569|90271941	BACH2	chr6	90206569	90271941	chr6:90200000-90250000	23	2.0	0.17391304347826086			"{""2.0"": 0.17391304347826086}"
ok	chr6:107503657|107506427	SOBP	chr6	107503657	107506427	chr6:107500000-107550000	23	2.0	0.043478260869565216			"{""2.0"": 0.043478260869565216}"
ok	chr6:133980082|133987168	ENSG00000288529;TBPL1	chr6	133980082	133987168	chr6:133950000-134000000	23	2.0	0.08695652173913043			"{""2.0"": 0.08695652173913043}"
ok	chr6:136669283|136698682	MAP3K5	chr6	136669283	136698682	chr6:136650000-136700000	23	2.0	0.043478260869565216			"{""2.0"": 0.043478260869565216}"
ok	chr3:27397684|27404963	SLC4A7	chr3	27397684	27404963	chr3:27400000-27450000	23	1.8695652173913044	0.08695652173913043	0.08257228238447709	0.7079879068817685	"{""1.0"": 0.0, ""2.0"": 0.1}"
ok	chr3:61989625|62003497	PTPRG	chr3	61989625	62003497	chr3:61950000-62000000	23	1.9130434782608696	0.08695652173913043	0.06579516949597693	0.7654978135179871	"{""1.0"": 0.0, ""2.0"": 0.09523809523809523}"
ok	chr3:94035331|94043240	ARL13B	chr3	94035331	94043240	chr3:94000000-94050000	23	2.0	0.08695652173913043			"{""2.0"": 0.08695652173913043}"
ok	chr3:123933673|123949132	CCDC14	chr3	123933673	123949132	chr3:123900000-123950000	23	1.9565217391304348	0.043478260869565216	0.019968076595771805	0.9279440947274481	"{""1.0"": 0.0, ""2.0"": 0.05555555555555555, ""3.0"": 0.0}"
ok	chr3:136464881|136477412	STAG1	chr3	136464881	136477412	chr3:136450000-136500000	23	1.9130434782608696	0.08695652173913043	0.036835473434187874	0.867479167044514	"{""1.0"": 0.0, ""2.0"": 0.11764705882352941, ""3.0"": 0.0}"
ok	chr3:150682218|150686354	ERICH6	chr3	150682218	150686354	chr3:150650000-150700000	23	2.0	0.08695652173913043	0.0	1.0	"{""1.0"": 0.0, ""2.0"": 0.11764705882352941, ""3.0"": 0.0}"
ok	chr3:172378270|172378436	FNDC3B	chr3	172378270	172378436	chr3:172350000-172400000	23	1.9565217391304348	0.30434782608695654	0.019968076595771805	0.9279440947274481	"{""1.0"": 0.0, ""2.0"": 0.3888888888888889, ""3.0"": 0.0}"
ok	chr3:179764002|179765848	ENSG00000288698;USP13	chr3	179764002	179765848	chr3:179750000-179800000	23	1.9130434782608696	0.043478260869565216	0.04545454545454546	0.8368364960931192	"{""1.0"": 0.0, ""2.0"": 0.05263157894736842, ""3.0"": 0.0}"
ok	chr3:194604287|194623695	TMEM44	chr3	194604287	194623695	chr3:194600000-194650000	23	2.0	0.08695652173913043	0.0	1.0	"{""1.0"": 0.0, ""2.0"": 0.11764705882352941, ""3.0"": 0.0}"
ok	chr10:31461037|31502509	ZEB1	chr10	31461037	31502509	chr10:31450000-31500000	23	2.0	0.043478260869565216			"{""2.0"": 0.043478260869565216}"
ok	chr10:31843461|31861658	ARHGAP12	chr10	31843461	31861658	chr10:31850000-31900000	23	2.0	0.043478260869565216			"{""2.0"": 0.043478260869565216}"
ok	chr10:127018710|127061776	DOCK1	chr10	127018710	127061776	chr10:127000000-127050000	23	1.9565217391304348	0.043478260869565216	0.04545454545454545	0.8368364960931192	"{""1.0"": 0.0, ""2.0"": 0.045454545454545456}"
ok	chr11:17131916|17145942	ENSG00000240808;PIK3C2A	chr11	17131916	17145942	chr11:17100000-17150000	23	2.260869565217391	0.08695652173913043	-0.04545454545454544	0.8368364960931192	"{""2.0"": 0.09090909090909091, ""8.0"": 0.0}"
ok	chr11:68567014|68576043	PPP6R3	chr11	68567014	68576043	chr11:68550000-68600000	23	1.9130434782608696	0.08695652173913043	0.06579516949597691	0.7654978135179871	"{""1.0"": 0.0, ""2.0"": 0.09523809523809523}"
ok	chr11:70354301|70356254	PPFIA1	chr11	70354301	70356254	chr11:70350000-70400000	23	1.826086956521739	0.043478260869565216	0.09782319760890372	0.6570073287387147	"{""1.0"": 0.0, ""2.0"": 0.05263157894736842}"
ok	chr11:117204315|117204750	TAGLN	chr11	117204315	117204750	chr11:117200000-117250000	23	1.826086956521739	0.08695652173913043	0.0978231976089037	0.6570073287387147	"{""1.0"": 0.0, ""2.0"": 0.10526315789473684}"
ok	chr11:121045674|121060085	TBCEL;TBCEL-TECTA	chr11	121045674	121060085	chr11:121050000-121100000	23	2.0	0.08695652173913043			"{""2.0"": 0.08695652173913043}"
ok	chr11:128758106|128768272	FLI1	chr11	128758106	128768272	chr11:128750000-128800000	23	2.0	0.043478260869565216			"{""2.0"": 0.043478260869565216}"
ok	chr4:3086939|3199939	HTT	chr4	3086939	3199939	chr4:3100000-3150000	23	1.9565217391304348	0.13043478260869565	0.04545454545454545	0.8368364960931192	"{""1.0"": 0.0, ""2.0"": 0.13636363636363635}"
ok	chr4:106193609|106233064	TBCK	chr4	106193609	106233064	chr4:106200000-106250000	23	2.0	0.17391304347826086			"{""2.0"": 0.17391304347826086}"
ok	chr22:45541312|45543515	FBLN1	chr22	45541312	45543515	chr22:45500000-45550000	23	2.0	0.08695652173913043			"{""2.0"": 0.08695652173913043}"
ok	chr12:78119237|78122428	NAV3	chr12	78119237	78122428	chr12:78100000-78150000	23	2.0	0.043478260869565216			"{""2.0"": 0.043478260869565216}"
ok	chr12:111418119|111418877	SH2B3	chr12	111418119	111418877	chr12:111400000-111450000	23	2.0	0.08695652173913043			"{""2.0"": 0.08695652173913043}"
ok	chr1:1495485|1529331	ATAD3A;ATAD3B;ENSG00000284740;ENSG00000290916	chr1	1495485	1529331	chr1:1500000-1550000	23	2.0434782608695654	0.043478260869565216	-0.025854384499750964	0.9067825996615458	"{""1.0"": 0.0, ""2.0"": 0.05, ""3.0"": 0.0}"
ok	chr1:2403275|2403690	RER1	chr1	2403275	2403690	chr1:2400000-2450000	23	2.0434782608695654	0.13043478260869565	-0.025854384499750964	0.9067825996615458	"{""1.0"": 0.0, ""2.0"": 0.15, ""3.0"": 0.0}"
ok	chr1:8541214|8614686	RERE	chr1	8541214	8614686	chr1:8550000-8600000	23	2.0	0.08695652173913043			"{""2.0"": 0.08695652173913043}"
ok	chr1:39360793|39361677	MACF1	chr1	39360793	39361677	chr1:39350000-39400000	23	2.0	0.08695652173913043			"{""2.0"": 0.08695652173913043}"
ok	chr1:70221615|70228555	SRSF11	chr1	70221615	70228555	chr1:70200000-70250000	23	2.0	0.08695652173913043			"{""2.0"": 0.08695652173913043}"
ok	chr1:77717867|77725762	USP33	chr1	77717867	77725762	chr1:77700000-77750000	23	2.0	0.13043478260869565	0.0	1.0	"{""1.0"": 0.0, ""2.0"": 0.14285714285714285, ""3.0"": 0.0}"
ok	chr1:77949155|77967101	FUBP1	chr1	77949155	77967101	chr1:77950000-78000000	23	2.0	0.08695652173913043	0.0	1.0	"{""1.0"": 0.0, ""2.0"": 0.09523809523809523, ""3.0"": 0.0}"
ok	chr1:154588551|154597267	ADAR	chr1	154588551	154597267	chr1:154550000-154600000	23	1.9565217391304348	0.043478260869565216	0.04545454545454545	0.8368364960931192	"{""1.0"": 0.0, ""2.0"": 0.045454545454545456}"
ok	chr1:203707009|203708104	ATP2B4	chr1	203707009	203708104	chr1:203700000-203750000	23	1.9565217391304348	0.08695652173913043	0.04545454545454545	0.8368364960931192	"{""1.0"": 0.0, ""2.0"": 0.09090909090909091}"
ok	chr1:203733344|203739806	ATP2B4	chr1	203733344	203739806	chr1:203700000-203750000	23	1.9565217391304348	0.043478260869565216	0.04545454545454545	0.8368364960931192	"{""1.0"": 0.0, ""2.0"": 0.045454545454545456}"
ok	chr13:23353785|23371165	SACS	chr13	23353785	23371165	chr13:23350000-23400000	23	2.0	0.043478260869565216			"{""2.0"": 0.043478260869565216}"
ok	chr13:24222819|24224582	ENSG00000273167;SPATA13	chr13	24222819	24224582	chr13:24200000-24250000	23	2.0	0.17391304347826086			"{""2.0"": 0.17391304347826086}"
ok	chr13:26400453|26401624	CDK8	chr13	26400453	26401624	chr13:26400000-26450000	23	2.0	0.043478260869565216			"{""2.0"": 0.043478260869565216}"
ok	chr13:28174272|28177935	PAN3	chr13	28174272	28177935	chr13:28150000-28200000	23	2.0	0.08695652173913043			"{""2.0"": 0.08695652173913043}"
ok	chr13:60439688|60467379	TDRD3	chr13	60439688	60467379	chr13:60450000-60500000	23	1.9565217391304348	0.043478260869565216	0.04545454545454545	0.8368364960931192	"{""1.0"": 0.0, ""2.0"": 0.045454545454545456}"
ok	chr13:110622216|110625278	NAXD	chr13	110622216	110625278	chr13:110600000-110650000	23	2.0	0.043478260869565216			"{""2.0"": 0.043478260869565216}"
ok	chr2:32114638|32116212	SPAST	chr2	32114638	32116212	chr2:32100000-32150000	23	2.0	0.043478260869565216			"{""2.0"": 0.043478260869565216}"
ok	chr2:69505569|69507578	AAK1	chr2	69505569	69507578	chr2:69500000-69550000	23	2.0	0.043478260869565216			"{""2.0"": 0.043478260869565216}"
ok	chr2:87478122|87480423	CYTOR;NCAL1	chr2	87478122	87480423	chr2:87450000-87500000	23	0.0	0.043478260869565216			"{""0.0"": 0.043478260869565216}"
ok	chr2:188998683|188999895	COL3A1	chr2	188998683	188999895	chr2:188950000-189000000	23	2.0434782608695654	0.08695652173913043	-0.04545454545454549	0.8368364960931192	"{""2.0"": 0.09090909090909091, ""3.0"": 0.0}"
ok	chr2:206279540|206281909	ZDBF2	chr2	206279540	206281909	chr2:206250000-206300000	23	2.0434782608695654	0.17391304347826086	-0.04545454545454549	0.8368364960931192	"{""2.0"": 0.18181818181818182, ""3.0"": 0.0}"
ok	chr2:219568317|219568479	OBSL1	chr2	219568317	219568479	chr2:219550000-219600000	23	1.9565217391304348	0.13043478260869565	0.04545454545454545	0.8368364960931192	"{""1.0"": 0.0, ""2.0"": 0.13636363636363635}"
ok	chr20:3270427|3287790	DNAAF9	chr20	3270427	3287790	chr20:3250000-3300000	23	2.0	0.08695652173913043			"{""2.0"": 0.08695652173913043}"
ok	chr18:74390043|74390255	FAUP1	chr18	74390043	74390255	chr18:74350000-74400000	23	2.0	0.043478260869565216			"{""2.0"": 0.043478260869565216}"
ok	chr19:13814515|13814865	ZSWIM4	chr19	13814515	13814865	chr19:13800000-13850000	23	2.0	0.043478260869565216			"{""2.0"": 0.043478260869565216}"
ok	chr19:18589229|18589494	CRLF1	chr19	18589229	18589494	chr19:18550000-18600000	23	2.0	0.043478260869565216			"{""2.0"": 0.043478260869565216}"
ok	chr19:41253602|41257927	AXL	chr19	41253602	41257927	chr19:41250000-41300000	23	1.9130434782608696	0.08695652173913043	0.06579516949597689	0.7654978135179871	"{""1.0"": 0.0, ""2.0"": 0.09523809523809523}"
ok	chr19:41341883|41342247	TGFB1	chr19	41341883	41342247	chr19:41300000-41350000	23	1.9130434782608696	0.21739130434782608	0.08065565308263788	0.7144868879668032	"{""1.0"": 0.0, ""2.0"": 0.23809523809523808}"
ok	chr19:49707518|49708839	CPT1C	chr19	49707518	49708839	chr19:49700000-49750000	23	1.8695652173913044	0.08695652173913043	0.08257228238447709	0.7079879068817685	"{""1.0"": 0.0, ""2.0"": 0.1}"
ok	chr19:50506242|50506523	JOSD2	chr19	50506242	50506523	chr19:50500000-50550000	23	1.8695652173913044	0.043478260869565216	0.08257228238447709	0.7079879068817685	"{""1.0"": 0.0, ""2.0"": 0.05}"
ok	chr19:58550147|58550500	MIR6807;TRIM28	chr19	58550147	58550500	chr19:58550000-58600000	23	1.7826086956521738	0.043478260869565216	0.11236664374387373	0.6097285202754734	"{""1.0"": 0.0, ""2.0"": 0.05555555555555555}"
ok	chr14:24190380|24190617	ENSG00000254692;ENSG00000259522;TM9SF1	chr14	24190380	24190617	chr14:24150000-24200000	23	2.0	0.043478260869565216			"{""2.0"": 0.043478260869565216}"
ok	chr14:52029576|52067901	NID2	chr14	52029576	52067901	chr14:52000000-52050000	23	2.0	0.043478260869565216			"{""2.0"": 0.043478260869565216}"
ok	chr14:72993143|72993357	ZFYVE1	chr14	72993143	72993357	chr14:72950000-73000000	23	1.9565217391304348	0.17391304347826086	0.04545454545454545	0.8368364960931192	"{""1.0"": 0.0, ""2.0"": 0.18181818181818182}"
ok	chr14:75046376|75049718	MLH3	chr14	75046376	75049718	chr14:75000000-75050000	23	1.8695652173913044	0.08695652173913043	0.08257228238447709	0.7079879068817685	"{""1.0"": 0.0, ""2.0"": 0.1}"
ok	chr14:76166663|76180849	GPATCH2L	chr14	76166663	76180849	chr14:76150000-76200000	23	1.9565217391304348	0.043478260869565216	0.04545454545454545	0.8368364960931192	"{""1.0"": 0.0, ""2.0"": 0.045454545454545456}"
ok	chr15:49235851|49292537	GALK2	chr15	49235851	49292537	chr15:49250000-49300000	23	2.0	0.13043478260869565			"{""2.0"": 0.13043478260869565}"
ok	chr15:65729072|65738875	DENND4A	chr15	65729072	65738875	chr15:65700000-65750000	23	2.0	0.08695652173913043			"{""2.0"": 0.08695652173913043}"
ok	chr15:69452842|69455239	RPLP1	chr15	69452842	69455239	chr15:69450000-69500000	23	2.0	0.043478260869565216			"{""2.0"": 0.043478260869565216}"
ok	chr15:77467095|77471814	HMG20A	chr15	77467095	77471814	chr15:77450000-77500000	23	2.0	0.043478260869565216			"{""2.0"": 0.043478260869565216}"
ok	chr16:11120615|11126146	CLEC16A	chr16	11120615	11126146	chr16:11100000-11150000	23	1.9565217391304348	0.043478260869565216	0.04545454545454545	0.8368364960931192	"{""1.0"": 0.0, ""2.0"": 0.045454545454545456}"
ok	chr16:83906987|83912367	ENSG00000288849;MLYCD	chr16	83906987	83912367	chr16:83900000-83950000	23	2.0	0.08695652173913043			"{""2.0"": 0.08695652173913043}"
ok	chr17:517940|518459	VPS53	chr17	517940	518459	chr17:500000-550000	23	1.173913043478261	0.043478260869565216	-0.07720914364821828	0.7262215833931178	"{""0.0"": 0.0, ""1.0"": 0.058823529411764705, ""2.0"": 0.0}"
ok	chr9:36288207|36294559	CLTA	chr9	36288207	36294559	chr9:36250000-36300000	23	2.0	0.043478260869565216			"{""2.0"": 0.043478260869565216}"
ok	chr9:77381976|77407607	VPS13A	chr9	77381976	77407607	chr9:77350000-77400000	23	2.0	0.043478260869565216			"{""2.0"": 0.043478260869565216}"
ok	chr9:83665030|83677961	UBQLN1	chr9	83665030	83677961	chr9:83650000-83700000	23	2.0	0.043478260869565216			"{""2.0"": 0.043478260869565216}"
ok	chr9:116347026|116377647	PAPPA	chr9	116347026	116377647	chr9:116350000-116400000	23	2.0	0.08695652173913043			"{""2.0"": 0.08695652173913043}"
ok	chr7:2229984|2230727	ENSG00000286192;MAD1L1	chr7	2229984	2230727	chr7:2200000-2250000	23	1.826086956521739	0.043478260869565216	0.0978231976089037	0.6570073287387147	"{""1.0"": 0.0, ""2.0"": 0.05263157894736842}"
ok	chr7:105126993|105142170	SRPK2	chr7	105126993	105142170	chr7:105100000-105150000	23	2.0	0.043478260869565216			"{""2.0"": 0.043478260869565216}"
ok	chr7:129205203|129206587	SMO	chr7	129205203	129206587	chr7:129200000-129250000	23	2.0	0.043478260869565216			"{""2.0"": 0.043478260869565216}"
ok	chr7:139768240|139768779	HIPK2	chr7	139768240	139768779	chr7:139750000-139800000	23	2.0	0.043478260869565216			"{""2.0"": 0.043478260869565216}"
ok	chr8:10301534|10319989	MSRA	chr8	10301534	10319989	chr8:10300000-10350000	23	2.0	0.043478260869565216			"{""2.0"": 0.043478260869565216}"
ok	chr8:42906173|43018494	ENSG00000254673;HOOK3	chr8	42906173	43018494	chr8:42950000-43000000	23	2.0	0.08695652173913043			"{""2.0"": 0.08695652173913043}"
ok	chr8:144789876|144791872	RPL8	chr8	144789876	144791872	chr8:144750000-144800000	23	1.9130434782608696	0.043478260869565216	0.06579516949597693	0.7654978135179871	"{""1.0"": 0.0, ""2.0"": 0.047619047619047616}"
ok	chr5:14290716|14381252	TRIO	chr5	14290716	14381252	chr5:14300000-14350000	23	2.0	0.043478260869565216			"{""2.0"": 0.043478260869565216}"
ok	chr5:61472681|61494410	ZSWIM6	chr5	61472681	61494410	chr5:61450000-61500000	23	2.0	0.043478260869565216			"{""2.0"": 0.043478260869565216}"
ok	chr5:73832338|73840760	ARHGEF28	chr5	73832338	73840760	chr5:73800000-73850000	23	2.0	0.043478260869565216			"{""2.0"": 0.043478260869565216}"
ok	chr5:80449591|80474830	ZFYVE16	chr5	80449591	80474830	chr5:80450000-80500000	23	2.0	0.13043478260869565			"{""2.0"": 0.13043478260869565}"
ok	chr5:81070492|81113920	RASGRF2	chr5	81070492	81113920	chr5:81050000-81100000	23	2.0	0.08695652173913043			"{""2.0"": 0.08695652173913043}"
ok	chr5:151786572|151800869	G3BP1	chr5	151786572	151800869	chr5:151750000-151800000	23	2.0	0.043478260869565216			"{""2.0"": 0.043478260869565216}"
ok	chr5:172055588|172057473	STK10	chr5	172055588	172057473	chr5:172050000-172100000	23	2.0	0.043478260869565216			"{""2.0"": 0.043478260869565216}"
ok	chr6:57182032|57183911	BAG2	chr6	57182032	57183911	chr6:57150000-57200000	23	2.0	0.043478260869565216			"{""2.0"": 0.043478260869565216}"
ok	chr6:89751431|89762530	MDN1	chr6	89751431	89762530	chr6:89750000-89800000	23	2.0	0.043478260869565216			"{""2.0"": 0.043478260869565216}"
ok	chr6:144781922|144803147	UTRN	chr6	144781922	144803147	chr6:144750000-144800000	23	2.0	0.043478260869565216			"{""2.0"": 0.043478260869565216}"
ok	chr6:158580940|158585425	TMEM181	chr6	158580940	158585425	chr6:158550000-158600000	23	2.0	0.043478260869565216			"{""2.0"": 0.043478260869565216}"
ok	chr10:67966683|68044563	HERC4;POU5F1P5;RN7SL220P	chr10	67966683	68044563	chr10:68000000-68050000	23	1.9565217391304348	0.043478260869565216	0.04545454545454544	0.8368364960931192	"{""1.0"": 0.0, ""2.0"": 0.045454545454545456}"
ok	chr10:79383915|79384162	ZCCHC24	chr10	79383915	79384162	chr10:79350000-79400000	23	1.8695652173913044	0.043478260869565216	0.08257228238447706	0.7079879068817685	"{""1.0"": 0.0, ""2.0"": 0.05}"
ok	chr10:124408542|124412200	OAT	chr10	124408542	124412200	chr10:124400000-124450000	23	1.9565217391304348	0.043478260869565216	0.04545454545454544	0.8368364960931192	"{""1.0"": 0.0, ""2.0"": 0.045454545454545456}"
ok	chr10:126970702|127127764	DOCK1	chr10	126970702	127127764	chr10:127000000-127050000	23	1.9565217391304348	0.043478260869565216	0.04545454545454544	0.8368364960931192	"{""1.0"": 0.0, ""2.0"": 0.045454545454545456}"
ok	chr11:44933435|44933782	TP53I11	chr11	44933435	44933782	chr11:44900000-44950000	23	2.260869565217391	0.043478260869565216	-0.04545454545454544	0.8368364960931192	"{""2.0"": 0.045454545454545456, ""8.0"": 0.0}"
ok	chr11:46076754|46084302	PHF21A	chr11	46076754	46084302	chr11:46050000-46100000	23	2.260869565217391	0.08695652173913043	-0.04545454545454544	0.8368364960931192	"{""2.0"": 0.09090909090909091, ""8.0"": 0.0}"
ok	chr11:69652178|69652593	CCND1	chr11	69652178	69652593	chr11:69650000-69700000	23	1.8695652173913044	0.043478260869565216	0.08257228238447706	0.7079879068817685	"{""1.0"": 0.0, ""2.0"": 0.05}"
ok	chr11:78119182|78121174	ALG8	chr11	78119182	78121174	chr11:78100000-78150000	23	2.0	0.043478260869565216			"{""2.0"": 0.043478260869565216}"
ok	chr11:86823034|86823593	PRSS23	chr11	86823034	86823593	chr11:86800000-86850000	23	2.0	0.043478260869565216			"{""2.0"": 0.043478260869565216}"
ok	chr22:37678535|37679683	LGALS1	chr22	37678535	37679683	chr22:37650000-37700000	23	1.9565217391304348	0.043478260869565216	0.045454545454545456	0.8368364960931192	"{""1.0"": 0.0, ""2.0"": 0.045454545454545456}"
ok	chr22:50275764|50276646	PLXNB2	chr22	50275764	50276646	chr22:50250000-50300000	23	1.9565217391304348	0.043478260869565216	0.045454545454545456	0.8368364960931192	"{""1.0"": 0.0, ""2.0"": 0.045454545454545456}"
ok	chr4:148046892|148047051	ARHGAP10	chr4	148046892	148047051	chr4:148000000-148050000	23	1.9565217391304348	0.043478260869565216	0.04545454545454544	0.8368364960931192	"{""1.0"": 0.0, ""2.0"": 0.045454545454545456}"
ok	chr1:20757166|20773610	HP1BP3	chr1	20757166	20773610	chr1:20750000-20800000	23	2.0	0.043478260869565216			"{""2.0"": 0.043478260869565216}"
ok	chr1:68145987|68150278	GNG12-AS1	chr1	68145987	68150278	chr1:68100000-68150000	23	2.0	0.043478260869565216			"{""2.0"": 0.043478260869565216}"
ok	chr1:85581376|85582044	CCN1	chr1	85581376	85582044	chr1:85550000-85600000	23	1.9565217391304348	0.043478260869565216	0.04545454545454544	0.8368364960931192	"{""1.0"": 0.0, ""2.0"": 0.045454545454545456}"
ok	chr1:173802963|173803505	CENPL	chr1	173802963	173803505	chr1:173800000-173850000	23	2.0	0.043478260869565216			"{""2.0"": 0.043478260869565216}"
ok	chr1:221742681|221742818		chr1	221742681	221742818	chr1:221700000-221750000	23	2.0	0.043478260869565216			"{""2.0"": 0.043478260869565216}"
ok	chr1:226885538|226889049	ENSG00000288674;PSEN2	chr1	226885538	226889049	chr1:226850000-226900000	23	1.9130434782608696	0.043478260869565216	0.06579516949597694	0.7654978135179871	"{""1.0"": 0.0, ""2.0"": 0.047619047619047616}"
ok	chr12:24213343|24368639	SOX5	chr12	24213343	24368639	chr12:24250000-24300000	23	2.0	0.043478260869565216			"{""2.0"": 0.043478260869565216}"
ok	chr12:31402498|31424687	DENND5B	chr12	31402498	31424687	chr12:31400000-31450000	23	1.9565217391304348	0.043478260869565216	0.04545454545454544	0.8368364960931192	"{""1.0"": 0.0, ""2.0"": 0.045454545454545456}"
ok	chr2:32595034|32611582	BIRC6	chr2	32595034	32611582	chr2:32600000-32650000	23	2.0	0.043478260869565216			"{""2.0"": 0.043478260869565216}"
ok	chr2:33300527|33301620	LTBP1	chr2	33300527	33301620	chr2:33300000-33350000	23	2.0	0.043478260869565216			"{""2.0"": 0.043478260869565216}"
ok	chr2:36396614|36442735	CRIM1	chr2	36396614	36442735	chr2:36400000-36450000	23	1.9565217391304348	0.08695652173913043	0.04545454545454544	0.8368364960931192	"{""1.0"": 0.0, ""2.0"": 0.09090909090909091}"
ok	chr2:54629634|54629934	SPTBN1	chr2	54629634	54629934	chr2:54600000-54650000	23	1.9565217391304348	0.043478260869565216	0.045454545454545456	0.8368364960931192	"{""1.0"": 0.0, ""2.0"": 0.045454545454545456}"
ok	chr2:85368686|85371562	ELMOD3	chr2	85368686	85371562	chr2:85350000-85400000	23	1.9565217391304348	0.043478260869565216	0.04545454545454544	0.8368364960931192	"{""1.0"": 0.0, ""2.0"": 0.045454545454545456}"
ok	chr2:190976910|190979794	STAT1	chr2	190976910	190979794	chr2:190950000-191000000	23	2.0434782608695654	0.043478260869565216	-0.045454545454545484	0.8368364960931192	"{""2.0"": 0.045454545454545456, ""3.0"": 0.0}"
ok	chr2:237351130|237357391	COL6A3	chr2	237351130	237357391	chr2:237350000-237400000	23	2.0869565217391304	0.08695652173913043	-0.03683547343418786	0.867479167044514	"{""1.0"": 0.0, ""2.0"": 0.1, ""3.0"": 0.0, ""4.0"": 0.0}"
ok	chr13:20051433|20067390	ZMYM2	chr13	20051433	20067390	chr13:20050000-20100000	23	2.0	0.043478260869565216			"{""2.0"": 0.043478260869565216}"
ok	chr13:28174272|28220378	EEF1A1P3;PAN3	chr13	28174272	28220378	chr13:28150000-28200000	23	2.0	0.08695652173913043			"{""2.0"": 0.08695652173913043}"
ok	chr20:47262288|47283648	ZMYND8	chr20	47262288	47283648	chr20:47250000-47300000	23	2.0	0.043478260869565216			"{""2.0"": 0.043478260869565216}"
ok	chr20:49023051|49032166	ARFGEF2	chr20	49023051	49032166	chr20:49000000-49050000	23	2.0	0.13043478260869565			"{""2.0"": 0.13043478260869565}"
ok	chr18:49331864|49379758	DYM	chr18	49331864	49379758	chr18:49350000-49400000	23	1.9565217391304348	0.043478260869565216	0.04545454545454544	0.8368364960931192	"{""1.0"": 0.0, ""2.0"": 0.045454545454545456}"
ok	chr18:57685072|57695532	ATP8B1	chr18	57685072	57695532	chr18:57650000-57700000	23	2.0	0.043478260869565216			"{""2.0"": 0.043478260869565216}"
ok	chr18:57731627|57731829	ATP8B1	chr18	57731627	57731829	chr18:57700000-57750000	23	2.0	0.043478260869565216			"{""2.0"": 0.043478260869565216}"
ok	chr18:73408615|73411345		chr18	73408615	73411345	chr18:73400000-73450000	23	2.0	0.043478260869565216			"{""2.0"": 0.043478260869565216}"
ok	chr19:15427282|15428160	WIZ	chr19	15427282	15428160	chr19:15400000-15450000	23	2.0	0.043478260869565216			"{""2.0"": 0.043478260869565216}"
ok	chr19:39470119|39471482	SUPT5H	chr19	39470119	39471482	chr19:39450000-39500000	23	1.9130434782608696	0.043478260869565216	0.06579516949597689	0.7654978135179871	"{""1.0"": 0.0, ""2.0"": 0.047619047619047616}"
ok	chr19:44865358|44872128	NECTIN2	chr19	44865358	44872128	chr19:44850000-44900000	23	1.8695652173913044	0.043478260869565216	0.08257228238447709	0.7079879068817685	"{""1.0"": 0.0, ""2.0"": 0.05}"
ok	chr19:58001289|58002819	ZNF606	chr19	58001289	58002819	chr19:58000000-58050000	23	1.9130434782608696	0.043478260869565216	0.06579516949597694	0.7654978135179871	"{""1.0"": 0.0, ""2.0"": 0.047619047619047616}"
ok	chr14:22906195|22909595	RBM23	chr14	22906195	22909595	chr14:22900000-22950000	23	1.826086956521739	0.043478260869565216	0.09782319760890373	0.6570073287387147	"{""1.0"": 0.0, ""2.0"": 0.05263157894736842}"
ok	chr14:30902536|30911162	STRN3	chr14	30902536	30911162	chr14:30900000-30950000	23	2.0869565217391304	0.043478260869565216	-0.06579516949597694	0.7654978135179871	"{""2.0"": 0.047619047619047616, ""3.0"": 0.0}"
ok	chr14:49669524|49674427	POLE2	chr14	49669524	49674427	chr14:49650000-49700000	23	2.0434782608695654	0.043478260869565216	-0.045454545454545484	0.8368364960931192	"{""2.0"": 0.045454545454545456, ""3.0"": 0.0}"
ok	chr14:51243856|51247220	SNORA70;TMX1	chr14	51243856	51247220	chr14:51200000-51250000	23	2.0	0.043478260869565216			"{""2.0"": 0.043478260869565216}"
ok	chr14:61046067|61052985	SLC38A6	chr14	61046067	61052985	chr14:61000000-61050000	23	1.9565217391304348	0.043478260869565216	0.04545454545454544	0.8368364960931192	"{""1.0"": 0.0, ""2.0"": 0.045454545454545456}"
ok	chr14:103451918|103457212	MARK3	chr14	103451918	103457212	chr14:103450000-103500000	23	1.9130434782608696	0.043478260869565216	0.06579516949597694	0.7654978135179871	"{""1.0"": 0.0, ""2.0"": 0.047619047619047616}"
ok	chr14:104722141|104722331	INF2	chr14	104722141	104722331	chr14:104700000-104750000	23	1.4782608695652173	0.043478260869565216	0.170940864689457	0.43547786297684526	"{""0.0"": 0.0, ""1.0"": 0.0, ""2.0"": 0.07692307692307693}"
ok	chr15:65178934|65180204	CLPX	chr15	65178934	65180204	chr15:65150000-65200000	23	2.0	0.043478260869565216			"{""2.0"": 0.043478260869565216}"
ok	chr17:800544|800765	NXN	chr17	800544	800765	chr17:800000-850000	23	1.173913043478261	0.043478260869565216	0.3667434323290369	0.08519252210603015	"{""0.0"": 0.0, ""1.0"": 0.0, ""2.0"": 0.2}"
ok	chr17:1897179|1897443	RPA1	chr17	1897179	1897443	chr17:1850000-1900000	23	2.0	0.043478260869565216			"{""2.0"": 0.043478260869565216}"
ok	chr17:2292552|2300664	SMG6	chr17	2292552	2300664	chr17:2250000-2300000	23	2.0	0.043478260869565216			"{""2.0"": 0.043478260869565216}"
ok	chr17:2394043|2395454	MNT	chr17	2394043	2395454	chr17:2350000-2400000	23	2.0	0.043478260869565216			"{""2.0"": 0.043478260869565216}"
ok	chr17:29547767|29547968	TAOK1	chr17	29547767	29547968	chr17:29500000-29550000	23	2.0	0.043478260869565216			"{""2.0"": 0.043478260869565216}"
ok	chr17:50189219|50190092	COL1A1	chr17	50189219	50190092	chr17:50150000-50200000	23	2.0	0.043478260869565216			"{""2.0"": 0.043478260869565216}"
ok	chr17:61776401|61780401	BRIP1	chr17	61776401	61780401	chr17:61750000-61800000	23	2.0	0.043478260869565216			"{""2.0"": 0.043478260869565216}"
