host_gene	n_circRNAs	cnv_metric	high_group_cutoff	low_group_cutoff	n_high_cells	n_low_cells	high_mean_support	low_mean_support	difference	log2_fc_pseudocount1	high_detected_cells	low_detected_cells
Y_RNA	9	frac_non_diploid	0.12734502615209464	0.09448578547032521	6	6	30.166666666666668	4.666666666666667	25.5	2.4594316186372973	4	4
TUBA1A	1	frac_non_diploid	0.12734502615209464	0.09448578547032521	6	6	28.166666666666668	3.5	24.666666666666668	2.6963236096688603	2	1
TUBA1B	1	frac_non_diploid	0.12734502615209464	0.09448578547032521	6	6	28.166666666666668	3.5	24.666666666666668	2.6963236096688603	2	1
LDHA	2	frac_non_diploid	0.12734502615209464	0.09448578547032521	6	6	12.0	0.0	12.0	3.700439718141092	4	0
LDHC	1	frac_non_diploid	0.12734502615209464	0.09448578547032521	6	6	11.833333333333334	0.0	11.833333333333334	3.6818240399737454	3	0
COL1A1	18	frac_non_diploid	0.12734502615209464	0.09448578547032521	6	6	12.0	1.8333333333333333	10.166666666666666	2.197939377611909	5	4
CDK11B	3	frac_non_diploid	0.12734502615209464	0.09448578547032521	6	6	4.0	0.16666666666666666	3.8333333333333335	2.0995356735509145	4	1
CDK11A	4	frac_non_diploid	0.12734502615209464	0.09448578547032521	6	6	4.166666666666667	1.0	3.166666666666667	1.369233809665719	5	4
ENSG00000268575	4	frac_non_diploid	0.12734502615209464	0.09448578547032521	6	6	4.166666666666667	1.0	3.166666666666667	1.369233809665719	5	4
SLC35E2B	4	frac_non_diploid	0.12734502615209464	0.09448578547032521	6	6	4.166666666666667	1.0	3.166666666666667	1.369233809665719	5	4
RN7SKP80	1	frac_non_diploid	0.12734502615209464	0.09448578547032521	6	6	2.3333333333333335	0.3333333333333333	2.0	1.3219280948873626	2	1
RNU6-513P	1	frac_non_diploid	0.12734502615209464	0.09448578547032521	6	6	2.3333333333333335	0.3333333333333333	2.0	1.3219280948873626	2	1
RRP7A	1	frac_non_diploid	0.12734502615209464	0.09448578547032521	6	6	2.3333333333333335	0.3333333333333333	2.0	1.3219280948873626	2	1
RRP7BP	1	frac_non_diploid	0.12734502615209464	0.09448578547032521	6	6	2.3333333333333335	0.3333333333333333	2.0	1.3219280948873626	2	1
FN1	35	frac_non_diploid	0.12734502615209464	0.09448578547032521	6	6	3.3333333333333335	1.5	1.8333333333333335	0.7935491225325738	6	3
DAP3	4	frac_non_diploid	0.12734502615209464	0.09448578547032521	6	6	1.8333333333333333	0.0	1.8333333333333333	1.502500340529183	3	0
FMN2	3	frac_non_diploid	0.12734502615209464	0.09448578547032521	6	6	1.8333333333333333	0.0	1.8333333333333333	1.502500340529183	2	0
CORO1C	4	frac_non_diploid	0.12734502615209464	0.09448578547032521	6	6	2.5	0.8333333333333334	1.6666666666666665	0.9328858041414629	4	2
ERBIN	6	frac_non_diploid	0.12734502615209464	0.09448578547032521	6	6	1.8333333333333333	0.3333333333333333	1.5	1.0874628412503393	2	1
GSTM2	2	frac_non_diploid	0.12734502615209464	0.09448578547032521	6	6	1.5	0.0	1.5	1.3219280948873624	3	0
GSTM4	2	frac_non_diploid	0.12734502615209464	0.09448578547032521	6	6	1.5	0.0	1.5	1.3219280948873624	3	0
IFITM2	2	frac_non_diploid	0.12734502615209464	0.09448578547032521	6	6	3.6666666666666665	2.1666666666666665	1.5	0.5594274086140185	1	1
FCHO2	4	frac_non_diploid	0.12734502615209464	0.09448578547032521	6	6	1.5	0.16666666666666666	1.3333333333333333	1.0995356735509143	3	1
PXDN	4	frac_non_diploid	0.12734502615209464	0.09448578547032521	6	6	1.3333333333333333	0.0	1.3333333333333333	1.2223924213364477	2	0
UBE2G1	1	frac_non_diploid	0.12734502615209464	0.09448578547032521	6	6	1.3333333333333333	0.0	1.3333333333333333	1.2223924213364477	2	0
VIM	10	frac_non_diploid	0.12734502615209464	0.09448578547032521	6	6	2.5	1.1666666666666667	1.3333333333333333	0.691877704637668	5	5
GSTM1	1	frac_non_diploid	0.12734502615209464	0.09448578547032521	6	6	1.1666666666666667	0.0	1.1666666666666667	1.115477217419936	2	0
IPO7	2	frac_non_diploid	0.12734502615209464	0.09448578547032521	6	6	1.1666666666666667	0.0	1.1666666666666667	1.115477217419936	1	0
P4HB	1	frac_non_diploid	0.12734502615209464	0.09448578547032521	6	6	1.1666666666666667	0.0	1.1666666666666667	1.115477217419936	1	0
WDR7	1	frac_non_diploid	0.12734502615209464	0.09448578547032521	6	6	1.1666666666666667	0.0	1.1666666666666667	1.115477217419936	1	0
AFAP1	1	frac_non_diploid	0.12734502615209464	0.09448578547032521	6	6	1.3333333333333333	0.3333333333333333	1.0	0.807354922057604	2	1
ANKRD17	4	frac_non_diploid	0.12734502615209464	0.09448578547032521	6	6	1.3333333333333333	0.3333333333333333	1.0	0.807354922057604	3	1
ARHGAP5	2	frac_non_diploid	0.12734502615209464	0.09448578547032521	6	6	1.0	0.0	1.0	1.0	1	0
BNC2	2	frac_non_diploid	0.12734502615209464	0.09448578547032521	6	6	1.0	0.0	1.0	1.0	2	0
CLDN11	1	frac_non_diploid	0.12734502615209464	0.09448578547032521	6	6	1.0	0.0	1.0	1.0	1	0
DCBLD2	3	frac_non_diploid	0.12734502615209464	0.09448578547032521	6	6	1.0	0.0	1.0	1.0	2	0
ENSG00000282278	3	frac_non_diploid	0.12734502615209464	0.09448578547032521	6	6	1.0	0.0	1.0	1.0	2	0
ENSG00000285053	1	frac_non_diploid	0.12734502615209464	0.09448578547032521	6	6	1.0	0.0	1.0	1.0	1	0
ENSG00000285218	1	frac_non_diploid	0.12734502615209464	0.09448578547032521	6	6	1.0	0.0	1.0	1.0	1	0
ENSG00000288681	3	frac_non_diploid	0.12734502615209464	0.09448578547032521	6	6	3.6666666666666665	2.6666666666666665	1.0	0.3479233034203068	1	2
FIP1L1	3	frac_non_diploid	0.12734502615209464	0.09448578547032521	6	6	1.0	0.0	1.0	1.0	2	0
IFITM1	3	frac_non_diploid	0.12734502615209464	0.09448578547032521	6	6	3.6666666666666665	2.6666666666666665	1.0	0.3479233034203068	1	2
LMF1	2	frac_non_diploid	0.12734502615209464	0.09448578547032521	6	6	1.0	0.0	1.0	1.0	1	0
MIR6828	1	frac_non_diploid	0.12734502615209464	0.09448578547032521	6	6	1.0	0.0	1.0	1.0	1	0
MSTO1	1	frac_non_diploid	0.12734502615209464	0.09448578547032521	6	6	1.0	0.0	1.0	1.0	2	0
MSTO2P	1	frac_non_diploid	0.12734502615209464	0.09448578547032521	6	6	1.0	0.0	1.0	1.0	2	0
NAB1	1	frac_non_diploid	0.12734502615209464	0.09448578547032521	6	6	1.0	0.0	1.0	1.0	2	0
NEAT1	4	frac_non_diploid	0.12734502615209464	0.09448578547032521	6	6	1.0	0.0	1.0	1.0	2	0
PDE1C	2	frac_non_diploid	0.12734502615209464	0.09448578547032521	6	6	1.0	0.0	1.0	1.0	2	0
RB1CC1	1	frac_non_diploid	0.12734502615209464	0.09448578547032521	6	6	1.0	0.0	1.0	1.0	1	0
TBCE	1	frac_non_diploid	0.12734502615209464	0.09448578547032521	6	6	1.0	0.0	1.0	1.0	1	0
ZNF207	2	frac_non_diploid	0.12734502615209464	0.09448578547032521	6	6	1.0	0.0	1.0	1.0	2	0
ADAM17	1	frac_non_diploid	0.12734502615209464	0.09448578547032521	6	6	0.8333333333333334	0.0	0.8333333333333334	0.8744691179161412	1	0
BPTF	1	frac_non_diploid	0.12734502615209464	0.09448578547032521	6	6	0.8333333333333334	0.0	0.8333333333333334	0.8744691179161412	2	0
CDK17	1	frac_non_diploid	0.12734502615209464	0.09448578547032521	6	6	0.8333333333333334	0.0	0.8333333333333334	0.8744691179161412	1	0
DPP4	1	frac_non_diploid	0.12734502615209464	0.09448578547032521	6	6	0.8333333333333334	0.0	0.8333333333333334	0.8744691179161412	1	0
EML5	3	frac_non_diploid	0.12734502615209464	0.09448578547032521	6	6	0.8333333333333334	0.0	0.8333333333333334	0.8744691179161412	1	0
ENSG00000279573	1	frac_non_diploid	0.12734502615209464	0.09448578547032521	6	6	0.8333333333333334	0.0	0.8333333333333334	0.8744691179161412	2	0
ENSG00000279880	1	frac_non_diploid	0.12734502615209464	0.09448578547032521	6	6	0.8333333333333334	0.0	0.8333333333333334	0.8744691179161412	2	0
ENSG00000289720	2	frac_non_diploid	0.12734502615209464	0.09448578547032521	6	6	0.8333333333333334	0.0	0.8333333333333334	0.8744691179161412	2	0
EPHB2	1	frac_non_diploid	0.12734502615209464	0.09448578547032521	6	6	0.8333333333333334	0.0	0.8333333333333334	0.8744691179161412	1	0
FAP	1	frac_non_diploid	0.12734502615209464	0.09448578547032521	6	6	0.8333333333333334	0.0	0.8333333333333334	0.8744691179161412	1	0
GCG	1	frac_non_diploid	0.12734502615209464	0.09448578547032521	6	6	0.8333333333333334	0.0	0.8333333333333334	0.8744691179161412	1	0
ITCH	2	frac_non_diploid	0.12734502615209464	0.09448578547032521	6	6	0.8333333333333334	0.0	0.8333333333333334	0.8744691179161412	2	0
MAML2	1	frac_non_diploid	0.12734502615209464	0.09448578547032521	6	6	0.8333333333333334	0.0	0.8333333333333334	0.8744691179161412	1	0
MAN1A2	3	frac_non_diploid	0.12734502615209464	0.09448578547032521	6	6	1.0	0.16666666666666666	0.8333333333333334	0.777607578663552	3	1
MRPL18	2	frac_non_diploid	0.12734502615209464	0.09448578547032521	6	6	0.8333333333333334	0.0	0.8333333333333334	0.8744691179161412	2	0
RNU4-24P	1	frac_non_diploid	0.12734502615209464	0.09448578547032521	6	6	0.8333333333333334	0.0	0.8333333333333334	0.8744691179161412	1	0
RPN2	1	frac_non_diploid	0.12734502615209464	0.09448578547032521	6	6	0.8333333333333334	0.0	0.8333333333333334	0.8744691179161412	1	0
TIMM8AP1	1	frac_non_diploid	0.12734502615209464	0.09448578547032521	6	6	0.8333333333333334	0.0	0.8333333333333334	0.8744691179161412	1	0
COL6A3	8	frac_non_diploid	0.12734502615209464	0.09448578547032521	6	6	1.3333333333333333	0.5	0.8333333333333333	0.6374299206152916	2	2
SATB2	2	frac_non_diploid	0.12734502615209464	0.09448578547032521	6	6	1.3333333333333333	0.5	0.8333333333333333	0.6374299206152916	2	1
ATP5MGP7	1	frac_non_diploid	0.12734502615209464	0.09448578547032521	6	6	0.8333333333333334	0.16666666666666666	0.6666666666666667	0.6520766965796931	1	1
G3BP1	3	frac_non_diploid	0.12734502615209464	0.09448578547032521	6	6	0.8333333333333334	0.16666666666666666	0.6666666666666667	0.6520766965796931	1	1
HMGB3P27	1	frac_non_diploid	0.12734502615209464	0.09448578547032521	6	6	0.8333333333333334	0.16666666666666666	0.6666666666666667	0.6520766965796931	1	1
KIF14	3	frac_non_diploid	0.12734502615209464	0.09448578547032521	6	6	0.8333333333333334	0.16666666666666666	0.6666666666666667	0.6520766965796931	1	1
MYO9B	1	frac_non_diploid	0.12734502615209464	0.09448578547032521	6	6	0.8333333333333334	0.16666666666666666	0.6666666666666667	0.6520766965796931	1	1
TUBG1	1	frac_non_diploid	0.12734502615209464	0.09448578547032521	6	6	0.8333333333333334	0.16666666666666666	0.6666666666666667	0.6520766965796931	1	1
TUBG2	1	frac_non_diploid	0.12734502615209464	0.09448578547032521	6	6	0.8333333333333334	0.16666666666666666	0.6666666666666667	0.6520766965796931	1	1
APBB2	2	frac_non_diploid	0.12734502615209464	0.09448578547032521	6	6	0.6666666666666666	0.0	0.6666666666666666	0.736965594166206	1	0
ARHGEF12	3	frac_non_diploid	0.12734502615209464	0.09448578547032521	6	6	0.6666666666666666	0.0	0.6666666666666666	0.736965594166206	2	0
CAMSAP1	3	frac_non_diploid	0.12734502615209464	0.09448578547032521	6	6	0.6666666666666666	0.0	0.6666666666666666	0.736965594166206	2	0
COPB1	2	frac_non_diploid	0.12734502615209464	0.09448578547032521	6	6	0.6666666666666666	0.0	0.6666666666666666	0.736965594166206	2	0
COX15	1	frac_non_diploid	0.12734502615209464	0.09448578547032521	6	6	0.6666666666666666	0.0	0.6666666666666666	0.736965594166206	1	0
CRISPLD2	2	frac_non_diploid	0.12734502615209464	0.09448578547032521	6	6	0.6666666666666666	0.0	0.6666666666666666	0.736965594166206	1	0
ENO1	2	frac_non_diploid	0.12734502615209464	0.09448578547032521	6	6	0.6666666666666666	0.0	0.6666666666666666	0.736965594166206	2	0
ENSG00000256206	2	frac_non_diploid	0.12734502615209464	0.09448578547032521	6	6	0.6666666666666666	0.0	0.6666666666666666	0.736965594166206	2	0
ENSG00000285932	1	frac_non_diploid	0.12734502615209464	0.09448578547032521	6	6	0.6666666666666666	0.0	0.6666666666666666	0.736965594166206	1	0
IRAK1	1	frac_non_diploid	0.12734502615209464	0.09448578547032521	6	6	0.6666666666666666	0.0	0.6666666666666666	0.736965594166206	1	0
KDM1B	2	frac_non_diploid	0.12734502615209464	0.09448578547032521	6	6	0.6666666666666666	0.0	0.6666666666666666	0.736965594166206	2	0
MAPKAP1	1	frac_non_diploid	0.12734502615209464	0.09448578547032521	6	6	0.6666666666666666	0.0	0.6666666666666666	0.736965594166206	1	0
MIR1256	2	frac_non_diploid	0.12734502615209464	0.09448578547032521	6	6	0.6666666666666666	0.0	0.6666666666666666	0.736965594166206	2	0
MKLN1	1	frac_non_diploid	0.12734502615209464	0.09448578547032521	6	6	0.6666666666666666	0.0	0.6666666666666666	0.736965594166206	1	0
MYO6	2	frac_non_diploid	0.12734502615209464	0.09448578547032521	6	6	0.6666666666666666	0.0	0.6666666666666666	0.736965594166206	2	0
NOL9	1	frac_non_diploid	0.12734502615209464	0.09448578547032521	6	6	0.6666666666666666	0.0	0.6666666666666666	0.736965594166206	1	0
PAK2	1	frac_non_diploid	0.12734502615209464	0.09448578547032521	6	6	0.6666666666666666	0.0	0.6666666666666666	0.736965594166206	1	0
PIKFYVE	1	frac_non_diploid	0.12734502615209464	0.09448578547032521	6	6	0.6666666666666666	0.0	0.6666666666666666	0.736965594166206	2	0
PKNOX1	1	frac_non_diploid	0.12734502615209464	0.09448578547032521	6	6	0.6666666666666666	0.0	0.6666666666666666	0.736965594166206	1	0
RBX1	1	frac_non_diploid	0.12734502615209464	0.09448578547032521	6	6	0.6666666666666666	0.0	0.6666666666666666	0.736965594166206	1	0
RNF10	1	frac_non_diploid	0.12734502615209464	0.09448578547032521	6	6	0.6666666666666666	0.0	0.6666666666666666	0.736965594166206	1	0
RNU6-26P	1	frac_non_diploid	0.12734502615209464	0.09448578547032521	6	6	0.6666666666666666	0.0	0.6666666666666666	0.736965594166206	1	0
SAFB	1	frac_non_diploid	0.12734502615209464	0.09448578547032521	6	6	0.6666666666666666	0.0	0.6666666666666666	0.736965594166206	1	0
SGK1	1	frac_non_diploid	0.12734502615209464	0.09448578547032521	6	6	0.6666666666666666	0.0	0.6666666666666666	0.736965594166206	1	0
TPST1	1	frac_non_diploid	0.12734502615209464	0.09448578547032521	6	6	0.6666666666666666	0.0	0.6666666666666666	0.736965594166206	1	0
VAMP3	1	frac_non_diploid	0.12734502615209464	0.09448578547032521	6	6	0.6666666666666666	0.0	0.6666666666666666	0.736965594166206	1	0
UBAP2	5	frac_non_diploid	0.12734502615209464	0.09448578547032521	6	6	1.1666666666666667	0.6666666666666666	0.5000000000000001	0.3785116232537301	2	2
AGL	1	frac_non_diploid	0.12734502615209464	0.09448578547032521	6	6	0.5	0.0	0.5	0.5849625007211562	1	0
AKAP10	2	frac_non_diploid	0.12734502615209464	0.09448578547032521	6	6	0.5	0.0	0.5	0.5849625007211562	2	0
ALDH1L2	1	frac_non_diploid	0.12734502615209464	0.09448578547032521	6	6	0.5	0.0	0.5	0.5849625007211562	1	0
ASAP1	4	frac_non_diploid	0.12734502615209464	0.09448578547032521	6	6	1.0	0.5	0.5	0.41503749927884376	3	2
ATAD3A	2	frac_non_diploid	0.12734502615209464	0.09448578547032521	6	6	0.8333333333333334	0.3333333333333333	0.5	0.4594316186372975	1	2
ATAD3B	2	frac_non_diploid	0.12734502615209464	0.09448578547032521	6	6	0.8333333333333334	0.3333333333333333	0.5	0.4594316186372975	1	2
BRIX1	1	frac_non_diploid	0.12734502615209464	0.09448578547032521	6	6	0.5	0.0	0.5	0.5849625007211562	1	0
CAVIN1	3	frac_non_diploid	0.12734502615209464	0.09448578547032521	6	6	0.5	0.0	0.5	0.5849625007211562	2	0
CDC42BPA	1	frac_non_diploid	0.12734502615209464	0.09448578547032521	6	6	0.5	0.0	0.5	0.5849625007211562	1	0
CDYL	1	frac_non_diploid	0.12734502615209464	0.09448578547032521	6	6	1.0	0.5	0.5	0.41503749927884376	4	2
CNTROB	1	frac_non_diploid	0.12734502615209464	0.09448578547032521	6	6	0.5	0.0	0.5	0.5849625007211562	1	0
CTNNB1	2	frac_non_diploid	0.12734502615209464	0.09448578547032521	6	6	0.5	0.0	0.5	0.5849625007211562	1	0
CUL3	1	frac_non_diploid	0.12734502615209464	0.09448578547032521	6	6	0.5	0.0	0.5	0.5849625007211562	1	0
DCAF8	1	frac_non_diploid	0.12734502615209464	0.09448578547032521	6	6	0.5	0.0	0.5	0.5849625007211562	1	0
DDI2	1	frac_non_diploid	0.12734502615209464	0.09448578547032521	6	6	0.5	0.0	0.5	0.5849625007211562	1	0
DMXL2	1	frac_non_diploid	0.12734502615209464	0.09448578547032521	6	6	0.5	0.0	0.5	0.5849625007211562	1	0
DNAH14	1	frac_non_diploid	0.12734502615209464	0.09448578547032521	6	6	0.5	0.0	0.5	0.5849625007211562	1	0
EIF3I	1	frac_non_diploid	0.12734502615209464	0.09448578547032521	6	6	0.5	0.0	0.5	0.5849625007211562	1	0
ENSG00000218730	1	frac_non_diploid	0.12734502615209464	0.09448578547032521	6	6	0.5	0.0	0.5	0.5849625007211562	1	0
ENSG00000266126	2	frac_non_diploid	0.12734502615209464	0.09448578547032521	6	6	0.5	0.0	0.5	0.5849625007211562	2	0
ENSG00000270956	1	frac_non_diploid	0.12734502615209464	0.09448578547032521	6	6	0.5	0.0	0.5	0.5849625007211562	2	0
ENSG00000281039	3	frac_non_diploid	0.12734502615209464	0.09448578547032521	6	6	0.5	0.0	0.5	0.5849625007211562	1	0
ENSG00000284740	2	frac_non_diploid	0.12734502615209464	0.09448578547032521	6	6	0.8333333333333334	0.3333333333333333	0.5	0.4594316186372975	1	2
ENSG00000285708	3	frac_non_diploid	0.12734502615209464	0.09448578547032521	6	6	0.8333333333333334	0.3333333333333333	0.5	0.4594316186372975	2	2
ENSG00000290916	2	frac_non_diploid	0.12734502615209464	0.09448578547032521	6	6	0.8333333333333334	0.3333333333333333	0.5	0.4594316186372975	1	2
FOCAD	2	frac_non_diploid	0.12734502615209464	0.09448578547032521	6	6	0.5	0.0	0.5	0.5849625007211562	2	0
FOXP1	3	frac_non_diploid	0.12734502615209464	0.09448578547032521	6	6	0.8333333333333334	0.3333333333333333	0.5	0.4594316186372975	2	2
GARS1-DT	3	frac_non_diploid	0.12734502615209464	0.09448578547032521	6	6	0.5	0.0	0.5	0.5849625007211562	1	0
GRAMD1B	1	frac_non_diploid	0.12734502615209464	0.09448578547032521	6	6	0.5	0.0	0.5	0.5849625007211562	1	0
HERPUD2	1	frac_non_diploid	0.12734502615209464	0.09448578547032521	6	6	0.5	0.0	0.5	0.5849625007211562	1	0
IFFO1	1	frac_non_diploid	0.12734502615209464	0.09448578547032521	6	6	0.5	0.0	0.5	0.5849625007211562	1	0
ITGA3	2	frac_non_diploid	0.12734502615209464	0.09448578547032521	6	6	0.5	0.0	0.5	0.5849625007211562	2	0
KCMF1	1	frac_non_diploid	0.12734502615209464	0.09448578547032521	6	6	0.5	0.0	0.5	0.5849625007211562	1	0
KIRREL3	1	frac_non_diploid	0.12734502615209464	0.09448578547032521	6	6	0.5	0.0	0.5	0.5849625007211562	1	0
LBR	1	frac_non_diploid	0.12734502615209464	0.09448578547032521	6	6	0.5	0.0	0.5	0.5849625007211562	1	0
LDB2	1	frac_non_diploid	0.12734502615209464	0.09448578547032521	6	6	0.5	0.0	0.5	0.5849625007211562	1	0
LMTK2	1	frac_non_diploid	0.12734502615209464	0.09448578547032521	6	6	0.5	0.0	0.5	0.5849625007211562	1	0
LRBA	2	frac_non_diploid	0.12734502615209464	0.09448578547032521	6	6	0.5	0.0	0.5	0.5849625007211562	1	0
LTBP2	2	frac_non_diploid	0.12734502615209464	0.09448578547032521	6	6	0.5	0.0	0.5	0.5849625007211562	1	0
MAGED1	1	frac_non_diploid	0.12734502615209464	0.09448578547032521	6	6	0.5	0.0	0.5	0.5849625007211562	1	0
MPRIP	1	frac_non_diploid	0.12734502615209464	0.09448578547032521	6	6	0.5	0.0	0.5	0.5849625007211562	1	0
MRC2	1	frac_non_diploid	0.12734502615209464	0.09448578547032521	6	6	0.5	0.0	0.5	0.5849625007211562	1	0
MRPL11	1	frac_non_diploid	0.12734502615209464	0.09448578547032521	6	6	0.5	0.0	0.5	0.5849625007211562	1	0
MRPL28	1	frac_non_diploid	0.12734502615209464	0.09448578547032521	6	6	0.5	0.0	0.5	0.5849625007211562	1	0
NDUFB9	1	frac_non_diploid	0.12734502615209464	0.09448578547032521	6	6	0.5	0.0	0.5	0.5849625007211562	1	0
PARP4	1	frac_non_diploid	0.12734502615209464	0.09448578547032521	6	6	0.5	0.0	0.5	0.5849625007211562	1	0
PITRM1	1	frac_non_diploid	0.12734502615209464	0.09448578547032521	6	6	0.5	0.0	0.5	0.5849625007211562	1	0
PSME4	1	frac_non_diploid	0.12734502615209464	0.09448578547032521	6	6	0.5	0.0	0.5	0.5849625007211562	1	0
PUM2	1	frac_non_diploid	0.12734502615209464	0.09448578547032521	6	6	0.5	0.0	0.5	0.5849625007211562	1	0
RAB3GAP1	1	frac_non_diploid	0.12734502615209464	0.09448578547032521	6	6	0.5	0.0	0.5	0.5849625007211562	1	0
SCMH1	2	frac_non_diploid	0.12734502615209464	0.09448578547032521	6	6	0.5	0.0	0.5	0.5849625007211562	2	0
SDF4	3	frac_non_diploid	0.12734502615209464	0.09448578547032521	6	6	0.5	0.0	0.5	0.5849625007211562	2	0
SEC24A	3	frac_non_diploid	0.12734502615209464	0.09448578547032521	6	6	0.6666666666666666	0.16666666666666666	0.5	0.514573172829758	1	1
SIPA1L1	2	frac_non_diploid	0.12734502615209464	0.09448578547032521	6	6	0.5	0.0	0.5	0.5849625007211562	1	0
SSH1	1	frac_non_diploid	0.12734502615209464	0.09448578547032521	6	6	0.5	0.0	0.5	0.5849625007211562	1	0
STIL	2	frac_non_diploid	0.12734502615209464	0.09448578547032521	6	6	0.5	0.0	0.5	0.5849625007211562	1	0
STK24	1	frac_non_diploid	0.12734502615209464	0.09448578547032521	6	6	0.5	0.0	0.5	0.5849625007211562	1	0
THOC2	1	frac_non_diploid	0.12734502615209464	0.09448578547032521	6	6	0.5	0.0	0.5	0.5849625007211562	1	0
TPM4	1	frac_non_diploid	0.12734502615209464	0.09448578547032521	6	6	0.5	0.0	0.5	0.5849625007211562	1	0
TRRAP	1	frac_non_diploid	0.12734502615209464	0.09448578547032521	6	6	0.5	0.0	0.5	0.5849625007211562	1	0
TSPAN14	1	frac_non_diploid	0.12734502615209464	0.09448578547032521	6	6	0.5	0.0	0.5	0.5849625007211562	1	0
TTN-AS1	1	frac_non_diploid	0.12734502615209464	0.09448578547032521	6	6	0.5	0.0	0.5	0.5849625007211562	2	0
YLPM1	2	frac_non_diploid	0.12734502615209464	0.09448578547032521	6	6	0.5	0.0	0.5	0.5849625007211562	1	0
ZCCHC2	1	frac_non_diploid	0.12734502615209464	0.09448578547032521	6	6	0.5	0.0	0.5	0.5849625007211562	1	0
ZDHHC3	1	frac_non_diploid	0.12734502615209464	0.09448578547032521	6	6	0.5	0.0	0.5	0.5849625007211562	1	0
ZKSCAN1	3	frac_non_diploid	0.12734502615209464	0.09448578547032521	6	6	0.5	0.0	0.5	0.5849625007211562	1	0
ZMIZ1	3	frac_non_diploid	0.12734502615209464	0.09448578547032521	6	6	0.8333333333333334	0.3333333333333333	0.5	0.4594316186372975	1	1
ZNF28	1	frac_non_diploid	0.12734502615209464	0.09448578547032521	6	6	0.5	0.0	0.5	0.5849625007211562	1	0
ZNF730	1	frac_non_diploid	0.12734502615209464	0.09448578547032521	6	6	0.5	0.0	0.5	0.5849625007211562	1	0
CCND1	4	frac_non_diploid	0.12734502615209464	0.09448578547032521	6	6	0.5	0.16666666666666666	0.33333333333333337	0.3625700793847081	2	1
DYNC1H1	2	frac_non_diploid	0.12734502615209464	0.09448578547032521	6	6	0.5	0.16666666666666666	0.33333333333333337	0.3625700793847081	1	1
EVC2	1	frac_non_diploid	0.12734502615209464	0.09448578547032521	6	6	0.5	0.16666666666666666	0.33333333333333337	0.3625700793847081	1	1
PLCB4	3	frac_non_diploid	0.12734502615209464	0.09448578547032521	6	6	0.5	0.16666666666666666	0.33333333333333337	0.3625700793847081	1	1
PPP6R2	2	frac_non_diploid	0.12734502615209464	0.09448578547032521	6	6	0.5	0.16666666666666666	0.33333333333333337	0.3625700793847081	3	1
SLC39A10	3	frac_non_diploid	0.12734502615209464	0.09448578547032521	6	6	0.5	0.16666666666666666	0.33333333333333337	0.3625700793847081	1	1
SPATS2	3	frac_non_diploid	0.12734502615209464	0.09448578547032521	6	6	0.5	0.16666666666666666	0.33333333333333337	0.3625700793847081	1	1
TTC3	2	frac_non_diploid	0.12734502615209464	0.09448578547032521	6	6	0.5	0.16666666666666666	0.33333333333333337	0.3625700793847081	1	1
TUBGCP3	1	frac_non_diploid	0.12734502615209464	0.09448578547032521	6	6	0.5	0.16666666666666666	0.33333333333333337	0.3625700793847081	1	1
ACSL3	1	frac_non_diploid	0.12734502615209464	0.09448578547032521	6	6	0.3333333333333333	0.0	0.3333333333333333	0.41503749927884376	1	0
ACTR1A	1	frac_non_diploid	0.12734502615209464	0.09448578547032521	6	6	0.3333333333333333	0.0	0.3333333333333333	0.41503749927884376	1	0
ADARB1	2	frac_non_diploid	0.12734502615209464	0.09448578547032521	6	6	0.3333333333333333	0.0	0.3333333333333333	0.41503749927884376	1	0
ADGRA3	1	frac_non_diploid	0.12734502615209464	0.09448578547032521	6	6	0.3333333333333333	0.0	0.3333333333333333	0.41503749927884376	1	0
AMBRA1	2	frac_non_diploid	0.12734502615209464	0.09448578547032521	6	6	0.3333333333333333	0.0	0.3333333333333333	0.41503749927884376	1	0
AMFR	1	frac_non_diploid	0.12734502615209464	0.09448578547032521	6	6	0.3333333333333333	0.0	0.3333333333333333	0.41503749927884376	1	0
ANKRD12	2	frac_non_diploid	0.12734502615209464	0.09448578547032521	6	6	0.6666666666666666	0.3333333333333333	0.3333333333333333	0.32192809488736235	2	2
ANKRD13A	1	frac_non_diploid	0.12734502615209464	0.09448578547032521	6	6	0.3333333333333333	0.0	0.3333333333333333	0.41503749927884376	1	0
ANXA2	1	frac_non_diploid	0.12734502615209464	0.09448578547032521	6	6	0.3333333333333333	0.0	0.3333333333333333	0.41503749927884376	1	0
APLF	2	frac_non_diploid	0.12734502615209464	0.09448578547032521	6	6	0.3333333333333333	0.0	0.3333333333333333	0.41503749927884376	1	0
ATAD2B	1	frac_non_diploid	0.12734502615209464	0.09448578547032521	6	6	0.3333333333333333	0.0	0.3333333333333333	0.41503749927884376	1	0
ATP6V1E1	1	frac_non_diploid	0.12734502615209464	0.09448578547032521	6	6	0.3333333333333333	0.0	0.3333333333333333	0.41503749927884376	1	0
CABLES1	1	frac_non_diploid	0.12734502615209464	0.09448578547032521	6	6	0.3333333333333333	0.0	0.3333333333333333	0.41503749927884376	1	0
CALR3	1	frac_non_diploid	0.12734502615209464	0.09448578547032521	6	6	0.3333333333333333	0.0	0.3333333333333333	0.41503749927884376	1	0
CBFA2T2	1	frac_non_diploid	0.12734502615209464	0.09448578547032521	6	6	0.3333333333333333	0.0	0.3333333333333333	0.41503749927884376	1	0
CCAR1	1	frac_non_diploid	0.12734502615209464	0.09448578547032521	6	6	0.3333333333333333	0.0	0.3333333333333333	0.41503749927884376	1	0
CCDC91	1	frac_non_diploid	0.12734502615209464	0.09448578547032521	6	6	0.3333333333333333	0.0	0.3333333333333333	0.41503749927884376	1	0
CD151	1	frac_non_diploid	0.12734502615209464	0.09448578547032521	6	6	0.3333333333333333	0.0	0.3333333333333333	0.41503749927884376	1	0
CDC14B	1	frac_non_diploid	0.12734502615209464	0.09448578547032521	6	6	0.3333333333333333	0.0	0.3333333333333333	0.41503749927884376	1	0
CELF1	2	frac_non_diploid	0.12734502615209464	0.09448578547032521	6	6	0.3333333333333333	0.0	0.3333333333333333	0.41503749927884376	2	0
CENPU	1	frac_non_diploid	0.12734502615209464	0.09448578547032521	6	6	0.3333333333333333	0.0	0.3333333333333333	0.41503749927884376	1	0
CLDN12	1	frac_non_diploid	0.12734502615209464	0.09448578547032521	6	6	0.3333333333333333	0.0	0.3333333333333333	0.41503749927884376	1	0
CNN2	1	frac_non_diploid	0.12734502615209464	0.09448578547032521	6	6	0.3333333333333333	0.0	0.3333333333333333	0.41503749927884376	1	0
CNOT1	3	frac_non_diploid	0.12734502615209464	0.09448578547032521	6	6	0.3333333333333333	0.0	0.3333333333333333	0.41503749927884376	1	0
CNTLN	1	frac_non_diploid	0.12734502615209464	0.09448578547032521	6	6	0.3333333333333333	0.0	0.3333333333333333	0.41503749927884376	1	0
CPT1A	1	frac_non_diploid	0.12734502615209464	0.09448578547032521	6	6	0.3333333333333333	0.0	0.3333333333333333	0.41503749927884376	1	0
DIP2B	1	frac_non_diploid	0.12734502615209464	0.09448578547032521	6	6	0.3333333333333333	0.0	0.3333333333333333	0.41503749927884376	1	0
DKK3	1	frac_non_diploid	0.12734502615209464	0.09448578547032521	6	6	0.3333333333333333	0.0	0.3333333333333333	0.41503749927884376	1	0
DLEU2	1	frac_non_diploid	0.12734502615209464	0.09448578547032521	6	6	0.3333333333333333	0.0	0.3333333333333333	0.41503749927884376	1	0
DMAP1	1	frac_non_diploid	0.12734502615209464	0.09448578547032521	6	6	0.3333333333333333	0.0	0.3333333333333333	0.41503749927884376	1	0
EEF1G	1	frac_non_diploid	0.12734502615209464	0.09448578547032521	6	6	0.3333333333333333	0.0	0.3333333333333333	0.41503749927884376	1	0
ENSG00000141979	2	frac_non_diploid	0.12734502615209464	0.09448578547032521	6	6	0.3333333333333333	0.0	0.3333333333333333	0.41503749927884376	1	0
ENSG00000201036	5	frac_non_diploid	0.12734502615209464	0.09448578547032521	6	6	0.3333333333333333	0.0	0.3333333333333333	0.41503749927884376	2	0
ENSG00000235007	1	frac_non_diploid	0.12734502615209464	0.09448578547032521	6	6	0.3333333333333333	0.0	0.3333333333333333	0.41503749927884376	1	0
ENSG00000238221	1	frac_non_diploid	0.12734502615209464	0.09448578547032521	6	6	0.3333333333333333	0.0	0.3333333333333333	0.41503749927884376	1	0
ENSG00000241962	1	frac_non_diploid	0.12734502615209464	0.09448578547032521	6	6	0.3333333333333333	0.0	0.3333333333333333	0.41503749927884376	1	0
ENSG00000255508	1	frac_non_diploid	0.12734502615209464	0.09448578547032521	6	6	0.3333333333333333	0.0	0.3333333333333333	0.41503749927884376	1	0
ENSG00000260971	1	frac_non_diploid	0.12734502615209464	0.09448578547032521	6	6	0.3333333333333333	0.0	0.3333333333333333	0.41503749927884376	1	0
ENSG00000261471	1	frac_non_diploid	0.12734502615209464	0.09448578547032521	6	6	0.3333333333333333	0.0	0.3333333333333333	0.41503749927884376	1	0
ENSG00000265257	2	frac_non_diploid	0.12734502615209464	0.09448578547032521	6	6	0.6666666666666666	0.3333333333333333	0.3333333333333333	0.32192809488736235	2	2
ENSG00000273155	1	frac_non_diploid	0.12734502615209464	0.09448578547032521	6	6	0.3333333333333333	0.0	0.3333333333333333	0.41503749927884376	1	0
ENSG00000278324	1	frac_non_diploid	0.12734502615209464	0.09448578547032521	6	6	0.3333333333333333	0.0	0.3333333333333333	0.41503749927884376	1	0
ENSG00000279232	1	frac_non_diploid	0.12734502615209464	0.09448578547032521	6	6	0.3333333333333333	0.0	0.3333333333333333	0.41503749927884376	1	0
ENSG00000284686	1	frac_non_diploid	0.12734502615209464	0.09448578547032521	6	6	0.3333333333333333	0.0	0.3333333333333333	0.41503749927884376	1	0
ENSG00000289579	1	frac_non_diploid	0.12734502615209464	0.09448578547032521	6	6	0.3333333333333333	0.0	0.3333333333333333	0.41503749927884376	1	0
ENSG00000293472	1	frac_non_diploid	0.12734502615209464	0.09448578547032521	6	6	0.3333333333333333	0.0	0.3333333333333333	0.41503749927884376	1	0
FAM210A	1	frac_non_diploid	0.12734502615209464	0.09448578547032521	6	6	0.3333333333333333	0.0	0.3333333333333333	0.41503749927884376	1	0
FBLN5	1	frac_non_diploid	0.12734502615209464	0.09448578547032521	6	6	0.3333333333333333	0.0	0.3333333333333333	0.41503749927884376	1	0
FBXL5	2	frac_non_diploid	0.12734502615209464	0.09448578547032521	6	6	0.3333333333333333	0.0	0.3333333333333333	0.41503749927884376	1	0
GIGYF2	1	frac_non_diploid	0.12734502615209464	0.09448578547032521	6	6	0.3333333333333333	0.0	0.3333333333333333	0.41503749927884376	1	0
GTPBP10	1	frac_non_diploid	0.12734502615209464	0.09448578547032521	6	6	0.3333333333333333	0.0	0.3333333333333333	0.41503749927884376	1	0
HNRNPF	1	frac_non_diploid	0.12734502615209464	0.09448578547032521	6	6	0.3333333333333333	0.0	0.3333333333333333	0.41503749927884376	1	0
IFNAR2	1	frac_non_diploid	0.12734502615209464	0.09448578547032521	6	6	0.3333333333333333	0.0	0.3333333333333333	0.41503749927884376	1	0
IFNAR2-IL10RB	1	frac_non_diploid	0.12734502615209464	0.09448578547032521	6	6	0.3333333333333333	0.0	0.3333333333333333	0.41503749927884376	1	0
ITPKC	1	frac_non_diploid	0.12734502615209464	0.09448578547032521	6	6	0.3333333333333333	0.0	0.3333333333333333	0.41503749927884376	1	0
JARID2	2	frac_non_diploid	0.12734502615209464	0.09448578547032521	6	6	0.3333333333333333	0.0	0.3333333333333333	0.41503749927884376	2	0
KCTD10	2	frac_non_diploid	0.12734502615209464	0.09448578547032521	6	6	0.3333333333333333	0.0	0.3333333333333333	0.41503749927884376	1	0
KDELR1	1	frac_non_diploid	0.12734502615209464	0.09448578547032521	6	6	0.3333333333333333	0.0	0.3333333333333333	0.41503749927884376	1	0
KDM5B	2	frac_non_diploid	0.12734502615209464	0.09448578547032521	6	6	0.3333333333333333	0.0	0.3333333333333333	0.41503749927884376	1	0
KPNA1	1	frac_non_diploid	0.12734502615209464	0.09448578547032521	6	6	0.3333333333333333	0.0	0.3333333333333333	0.41503749927884376	1	0
LIFR	1	frac_non_diploid	0.12734502615209464	0.09448578547032521	6	6	0.3333333333333333	0.0	0.3333333333333333	0.41503749927884376	1	0
LIN54	1	frac_non_diploid	0.12734502615209464	0.09448578547032521	6	6	0.3333333333333333	0.0	0.3333333333333333	0.41503749927884376	1	0
LRCH3	3	frac_non_diploid	0.12734502615209464	0.09448578547032521	6	6	0.3333333333333333	0.0	0.3333333333333333	0.41503749927884376	2	0
MAGED2	2	frac_non_diploid	0.12734502615209464	0.09448578547032521	6	6	0.3333333333333333	0.0	0.3333333333333333	0.41503749927884376	1	0
MAGI2	1	frac_non_diploid	0.12734502615209464	0.09448578547032521	6	6	0.3333333333333333	0.0	0.3333333333333333	0.41503749927884376	1	0
MAMLD1	1	frac_non_diploid	0.12734502615209464	0.09448578547032521	6	6	0.3333333333333333	0.0	0.3333333333333333	0.41503749927884376	1	0
MAP3K4	1	frac_non_diploid	0.12734502615209464	0.09448578547032521	6	6	0.3333333333333333	0.0	0.3333333333333333	0.41503749927884376	1	0
MAPK1	3	frac_non_diploid	0.12734502615209464	0.09448578547032521	6	6	0.3333333333333333	0.0	0.3333333333333333	0.41503749927884376	1	0
MBNL1	2	frac_non_diploid	0.12734502615209464	0.09448578547032521	6	6	0.6666666666666666	0.3333333333333333	0.3333333333333333	0.32192809488736235	1	1
MGST1	1	frac_non_diploid	0.12734502615209464	0.09448578547032521	6	6	0.3333333333333333	0.0	0.3333333333333333	0.41503749927884376	1	0
MIR3613	1	frac_non_diploid	0.12734502615209464	0.09448578547032521	6	6	0.3333333333333333	0.0	0.3333333333333333	0.41503749927884376	1	0
MIR6728	1	frac_non_diploid	0.12734502615209464	0.09448578547032521	6	6	0.3333333333333333	0.0	0.3333333333333333	0.41503749927884376	1	0
MMP2	2	frac_non_diploid	0.12734502615209464	0.09448578547032521	6	6	0.3333333333333333	0.0	0.3333333333333333	0.41503749927884376	1	0
MRPL30	1	frac_non_diploid	0.12734502615209464	0.09448578547032521	6	6	0.3333333333333333	0.0	0.3333333333333333	0.41503749927884376	1	0
MTHFD2L	1	frac_non_diploid	0.12734502615209464	0.09448578547032521	6	6	0.3333333333333333	0.0	0.3333333333333333	0.41503749927884376	1	0
MTMR2	1	frac_non_diploid	0.12734502615209464	0.09448578547032521	6	6	0.3333333333333333	0.0	0.3333333333333333	0.41503749927884376	1	0
NEK7	1	frac_non_diploid	0.12734502615209464	0.09448578547032521	6	6	0.3333333333333333	0.0	0.3333333333333333	0.41503749927884376	1	0
NRDC	2	frac_non_diploid	0.12734502615209464	0.09448578547032521	6	6	0.3333333333333333	0.0	0.3333333333333333	0.41503749927884376	2	0
NSD1	2	frac_non_diploid	0.12734502615209464	0.09448578547032521	6	6	0.3333333333333333	0.0	0.3333333333333333	0.41503749927884376	2	0
NSD2	2	frac_non_diploid	0.12734502615209464	0.09448578547032521	6	6	0.3333333333333333	0.0	0.3333333333333333	0.41503749927884376	1	0
PALS2	2	frac_non_diploid	0.12734502615209464	0.09448578547032521	6	6	0.3333333333333333	0.0	0.3333333333333333	0.41503749927884376	1	0
PGAM1P6	1	frac_non_diploid	0.12734502615209464	0.09448578547032521	6	6	0.3333333333333333	0.0	0.3333333333333333	0.41503749927884376	1	0
PHACTR4	1	frac_non_diploid	0.12734502615209464	0.09448578547032521	6	6	0.3333333333333333	0.0	0.3333333333333333	0.41503749927884376	1	0
PPIL4	1	frac_non_diploid	0.12734502615209464	0.09448578547032521	6	6	0.3333333333333333	0.0	0.3333333333333333	0.41503749927884376	1	0
PRKCI	1	frac_non_diploid	0.12734502615209464	0.09448578547032521	6	6	0.3333333333333333	0.0	0.3333333333333333	0.41503749927884376	1	0
PRKRIP1	1	frac_non_diploid	0.12734502615209464	0.09448578547032521	6	6	0.3333333333333333	0.0	0.3333333333333333	0.41503749927884376	1	0
PSD3	3	frac_non_diploid	0.12734502615209464	0.09448578547032521	6	6	0.3333333333333333	0.0	0.3333333333333333	0.41503749927884376	2	0
PTPA	1	frac_non_diploid	0.12734502615209464	0.09448578547032521	6	6	0.3333333333333333	0.0	0.3333333333333333	0.41503749927884376	1	0
PVT1	1	frac_non_diploid	0.12734502615209464	0.09448578547032521	6	6	0.3333333333333333	0.0	0.3333333333333333	0.41503749927884376	1	0
QSOX2	1	frac_non_diploid	0.12734502615209464	0.09448578547032521	6	6	0.3333333333333333	0.0	0.3333333333333333	0.41503749927884376	1	0
RASA3	2	frac_non_diploid	0.12734502615209464	0.09448578547032521	6	6	0.3333333333333333	0.0	0.3333333333333333	0.41503749927884376	1	0
RBM26	3	frac_non_diploid	0.12734502615209464	0.09448578547032521	6	6	0.3333333333333333	0.0	0.3333333333333333	0.41503749927884376	1	0
RFNG	1	frac_non_diploid	0.12734502615209464	0.09448578547032521	6	6	0.3333333333333333	0.0	0.3333333333333333	0.41503749927884376	1	0
RGS12	1	frac_non_diploid	0.12734502615209464	0.09448578547032521	6	6	0.3333333333333333	0.0	0.3333333333333333	0.41503749927884376	1	0
RN7SL233P	1	frac_non_diploid	0.12734502615209464	0.09448578547032521	6	6	0.3333333333333333	0.0	0.3333333333333333	0.41503749927884376	1	0
RNF13	1	frac_non_diploid	0.12734502615209464	0.09448578547032521	6	6	0.3333333333333333	0.0	0.3333333333333333	0.41503749927884376	1	0
RNF145	1	frac_non_diploid	0.12734502615209464	0.09448578547032521	6	6	0.3333333333333333	0.0	0.3333333333333333	0.41503749927884376	1	0
RNF216	1	frac_non_diploid	0.12734502615209464	0.09448578547032521	6	6	0.3333333333333333	0.0	0.3333333333333333	0.41503749927884376	2	0
RPS6KA3	1	frac_non_diploid	0.12734502615209464	0.09448578547032521	6	6	0.3333333333333333	0.0	0.3333333333333333	0.41503749927884376	1	0
SCN9A	1	frac_non_diploid	0.12734502615209464	0.09448578547032521	6	6	0.3333333333333333	0.0	0.3333333333333333	0.41503749927884376	1	0
SCRN1	2	frac_non_diploid	0.12734502615209464	0.09448578547032521	6	6	0.3333333333333333	0.0	0.3333333333333333	0.41503749927884376	1	0
SEC24D	1	frac_non_diploid	0.12734502615209464	0.09448578547032521	6	6	0.3333333333333333	0.0	0.3333333333333333	0.41503749927884376	1	0
SEC31A	5	frac_non_diploid	0.12734502615209464	0.09448578547032521	6	6	0.3333333333333333	0.0	0.3333333333333333	0.41503749927884376	2	0
SECISBP2L	1	frac_non_diploid	0.12734502615209464	0.09448578547032521	6	6	0.3333333333333333	0.0	0.3333333333333333	0.41503749927884376	1	0
SLC25A24	2	frac_non_diploid	0.12734502615209464	0.09448578547032521	6	6	0.3333333333333333	0.0	0.3333333333333333	0.41503749927884376	1	0
SLC25A26	1	frac_non_diploid	0.12734502615209464	0.09448578547032521	6	6	0.3333333333333333	0.0	0.3333333333333333	0.41503749927884376	1	0
SLC30A7	1	frac_non_diploid	0.12734502615209464	0.09448578547032521	6	6	0.3333333333333333	0.0	0.3333333333333333	0.41503749927884376	1	0
SMYD3	2	frac_non_diploid	0.12734502615209464	0.09448578547032521	6	6	0.3333333333333333	0.0	0.3333333333333333	0.41503749927884376	1	0
SND1	2	frac_non_diploid	0.12734502615209464	0.09448578547032521	6	6	0.3333333333333333	0.0	0.3333333333333333	0.41503749927884376	2	0
SNORA73	1	frac_non_diploid	0.12734502615209464	0.09448578547032521	6	6	0.3333333333333333	0.0	0.3333333333333333	0.41503749927884376	1	0
SNX12	1	frac_non_diploid	0.12734502615209464	0.09448578547032521	6	6	0.3333333333333333	0.0	0.3333333333333333	0.41503749927884376	1	0
SNX22	1	frac_non_diploid	0.12734502615209464	0.09448578547032521	6	6	0.3333333333333333	0.0	0.3333333333333333	0.41503749927884376	1	0
SRF	1	frac_non_diploid	0.12734502615209464	0.09448578547032521	6	6	0.3333333333333333	0.0	0.3333333333333333	0.41503749927884376	1	0
SRFBP1	1	frac_non_diploid	0.12734502615209464	0.09448578547032521	6	6	0.3333333333333333	0.0	0.3333333333333333	0.41503749927884376	1	0
STC2	1	frac_non_diploid	0.12734502615209464	0.09448578547032521	6	6	0.3333333333333333	0.0	0.3333333333333333	0.41503749927884376	1	0
SYCP2	1	frac_non_diploid	0.12734502615209464	0.09448578547032521	6	6	0.3333333333333333	0.0	0.3333333333333333	0.41503749927884376	1	0
TADA1	1	frac_non_diploid	0.12734502615209464	0.09448578547032521	6	6	0.3333333333333333	0.0	0.3333333333333333	0.41503749927884376	1	0
TALAM1	1	frac_non_diploid	0.12734502615209464	0.09448578547032521	6	6	0.3333333333333333	0.0	0.3333333333333333	0.41503749927884376	1	0
TASOR2	1	frac_non_diploid	0.12734502615209464	0.09448578547032521	6	6	0.3333333333333333	0.0	0.3333333333333333	0.41503749927884376	1	0
TBCEL	2	frac_non_diploid	0.12734502615209464	0.09448578547032521	6	6	0.6666666666666666	0.3333333333333333	0.3333333333333333	0.32192809488736235	1	1
TBCEL-TECTA	2	frac_non_diploid	0.12734502615209464	0.09448578547032521	6	6	0.6666666666666666	0.3333333333333333	0.3333333333333333	0.32192809488736235	1	1
TGFBR2	1	frac_non_diploid	0.12734502615209464	0.09448578547032521	6	6	0.3333333333333333	0.0	0.3333333333333333	0.41503749927884376	1	0
THAP4	2	frac_non_diploid	0.12734502615209464	0.09448578547032521	6	6	0.3333333333333333	0.0	0.3333333333333333	0.41503749927884376	1	0
THBS2	1	frac_non_diploid	0.12734502615209464	0.09448578547032521	6	6	0.3333333333333333	0.0	0.3333333333333333	0.41503749927884376	1	0
TMX3	1	frac_non_diploid	0.12734502615209464	0.09448578547032521	6	6	0.3333333333333333	0.0	0.3333333333333333	0.41503749927884376	1	0
TNFRSF10B	1	frac_non_diploid	0.12734502615209464	0.09448578547032521	6	6	0.3333333333333333	0.0	0.3333333333333333	0.41503749927884376	1	0
TRAFD1	1	frac_non_diploid	0.12734502615209464	0.09448578547032521	6	6	0.3333333333333333	0.0	0.3333333333333333	0.41503749927884376	1	0
TTYH3	1	frac_non_diploid	0.12734502615209464	0.09448578547032521	6	6	0.3333333333333333	0.0	0.3333333333333333	0.41503749927884376	1	0
UBC	1	frac_non_diploid	0.12734502615209464	0.09448578547032521	6	6	0.3333333333333333	0.0	0.3333333333333333	0.41503749927884376	1	0
UBE2N	1	frac_non_diploid	0.12734502615209464	0.09448578547032521	6	6	0.3333333333333333	0.0	0.3333333333333333	0.41503749927884376	1	0
USP42	1	frac_non_diploid	0.12734502615209464	0.09448578547032521	6	6	0.3333333333333333	0.0	0.3333333333333333	0.41503749927884376	1	0
VEPH1	1	frac_non_diploid	0.12734502615209464	0.09448578547032521	6	6	0.3333333333333333	0.0	0.3333333333333333	0.41503749927884376	1	0
VPS26C	1	frac_non_diploid	0.12734502615209464	0.09448578547032521	6	6	0.3333333333333333	0.0	0.3333333333333333	0.41503749927884376	1	0
YIPF4	1	frac_non_diploid	0.12734502615209464	0.09448578547032521	6	6	0.3333333333333333	0.0	0.3333333333333333	0.41503749927884376	1	0
YTHDF1	1	frac_non_diploid	0.12734502615209464	0.09448578547032521	6	6	0.3333333333333333	0.0	0.3333333333333333	0.41503749927884376	1	0
ZFC3H1	2	frac_non_diploid	0.12734502615209464	0.09448578547032521	6	6	0.3333333333333333	0.0	0.3333333333333333	0.41503749927884376	1	0
ZNF608	2	frac_non_diploid	0.12734502615209464	0.09448578547032521	6	6	0.3333333333333333	0.0	0.3333333333333333	0.41503749927884376	1	0
ZNF629	1	frac_non_diploid	0.12734502615209464	0.09448578547032521	6	6	0.3333333333333333	0.0	0.3333333333333333	0.41503749927884376	1	0
TET2	1	frac_non_diploid	0.12734502615209464	0.09448578547032521	6	6	1.1666666666666667	1.0	0.16666666666666674	0.11547721741993618	2	2
ADSL	2	frac_non_diploid	0.12734502615209464	0.09448578547032521	6	6	0.5	0.3333333333333333	0.16666666666666669	0.16992500144231237	1	1
AXL	2	frac_non_diploid	0.12734502615209464	0.09448578547032521	6	6	0.5	0.3333333333333333	0.16666666666666669	0.16992500144231237	1	1
COL3A1	2	frac_non_diploid	0.12734502615209464	0.09448578547032521	6	6	0.5	0.3333333333333333	0.16666666666666669	0.16992500144231237	1	1
ENSG00000284431	3	frac_non_diploid	0.12734502615209464	0.09448578547032521	6	6	0.5	0.3333333333333333	0.16666666666666669	0.16992500144231237	1	1
FAM13B	2	frac_non_diploid	0.12734502615209464	0.09448578547032521	6	6	0.5	0.3333333333333333	0.16666666666666669	0.16992500144231237	1	1
FLNC	6	frac_non_diploid	0.12734502615209464	0.09448578547032521	6	6	0.5	0.3333333333333333	0.16666666666666669	0.16992500144231237	2	1
HSPE1P28	3	frac_non_diploid	0.12734502615209464	0.09448578547032521	6	6	0.5	0.3333333333333333	0.16666666666666669	0.16992500144231237	1	1
PSEN1	2	frac_non_diploid	0.12734502615209464	0.09448578547032521	6	6	0.5	0.3333333333333333	0.16666666666666669	0.16992500144231237	1	1
RN7SL430P	3	frac_non_diploid	0.12734502615209464	0.09448578547032521	6	6	0.5	0.3333333333333333	0.16666666666666669	0.16992500144231237	1	1
STAG1	3	frac_non_diploid	0.12734502615209464	0.09448578547032521	6	6	0.5	0.3333333333333333	0.16666666666666669	0.16992500144231237	2	1
TLE4	2	frac_non_diploid	0.12734502615209464	0.09448578547032521	6	6	0.5	0.3333333333333333	0.16666666666666669	0.16992500144231237	1	1
AAMDC	1	frac_non_diploid	0.12734502615209464	0.09448578547032521	6	6	0.16666666666666666	0.0	0.16666666666666666	0.22239242133644802	1	0
ACVR1	1	frac_non_diploid	0.12734502615209464	0.09448578547032521	6	6	0.16666666666666666	0.0	0.16666666666666666	0.22239242133644802	1	0
AMOTL1	1	frac_non_diploid	0.12734502615209464	0.09448578547032521	6	6	0.16666666666666666	0.0	0.16666666666666666	0.22239242133644802	1	0
ANKAR	1	frac_non_diploid	0.12734502615209464	0.09448578547032521	6	6	0.16666666666666666	0.0	0.16666666666666666	0.22239242133644802	1	0
ANKRD27	2	frac_non_diploid	0.12734502615209464	0.09448578547032521	6	6	0.16666666666666666	0.0	0.16666666666666666	0.22239242133644802	1	0
ANKRD36	1	frac_non_diploid	0.12734502615209464	0.09448578547032521	6	6	0.16666666666666666	0.0	0.16666666666666666	0.22239242133644802	1	0
ANXA6	1	frac_non_diploid	0.12734502615209464	0.09448578547032521	6	6	0.16666666666666666	0.0	0.16666666666666666	0.22239242133644802	1	0
APOBEC3B	1	frac_non_diploid	0.12734502615209464	0.09448578547032521	6	6	0.16666666666666666	0.0	0.16666666666666666	0.22239242133644802	1	0
APPBP2	1	frac_non_diploid	0.12734502615209464	0.09448578547032521	6	6	0.16666666666666666	0.0	0.16666666666666666	0.22239242133644802	1	0
ARF1	1	frac_non_diploid	0.12734502615209464	0.09448578547032521	6	6	0.16666666666666666	0.0	0.16666666666666666	0.22239242133644802	1	0
ARFGAP3	1	frac_non_diploid	0.12734502615209464	0.09448578547032521	6	6	0.16666666666666666	0.0	0.16666666666666666	0.22239242133644802	1	0
ARFGEF1	1	frac_non_diploid	0.12734502615209464	0.09448578547032521	6	6	0.16666666666666666	0.0	0.16666666666666666	0.22239242133644802	1	0
ARHGAP12	2	frac_non_diploid	0.12734502615209464	0.09448578547032521	6	6	0.3333333333333333	0.16666666666666666	0.16666666666666666	0.19264507794239583	1	1
ARHGEF28	2	frac_non_diploid	0.12734502615209464	0.09448578547032521	6	6	0.3333333333333333	0.16666666666666666	0.16666666666666666	0.19264507794239583	1	1
ARID4B	1	frac_non_diploid	0.12734502615209464	0.09448578547032521	6	6	0.16666666666666666	0.0	0.16666666666666666	0.22239242133644802	1	0
ARL5B	2	frac_non_diploid	0.12734502615209464	0.09448578547032521	6	6	0.16666666666666666	0.0	0.16666666666666666	0.22239242133644802	1	0
ARRB1	1	frac_non_diploid	0.12734502615209464	0.09448578547032521	6	6	0.16666666666666666	0.0	0.16666666666666666	0.22239242133644802	1	0
AS3MT	1	frac_non_diploid	0.12734502615209464	0.09448578547032521	6	6	0.16666666666666666	0.0	0.16666666666666666	0.22239242133644802	1	0
ASAP2	1	frac_non_diploid	0.12734502615209464	0.09448578547032521	6	6	0.16666666666666666	0.0	0.16666666666666666	0.22239242133644802	1	0
ASB3	2	frac_non_diploid	0.12734502615209464	0.09448578547032521	6	6	0.16666666666666666	0.0	0.16666666666666666	0.22239242133644802	1	0
ASB6	1	frac_non_diploid	0.12734502615209464	0.09448578547032521	6	6	0.16666666666666666	0.0	0.16666666666666666	0.22239242133644802	1	0
ASB8	1	frac_non_diploid	0.12734502615209464	0.09448578547032521	6	6	0.16666666666666666	0.0	0.16666666666666666	0.22239242133644802	1	0
ATXN1	1	frac_non_diploid	0.12734502615209464	0.09448578547032521	6	6	0.16666666666666666	0.0	0.16666666666666666	0.22239242133644802	1	0
BICD1	1	frac_non_diploid	0.12734502615209464	0.09448578547032521	6	6	0.16666666666666666	0.0	0.16666666666666666	0.22239242133644802	1	0
BORCS7-ASMT	1	frac_non_diploid	0.12734502615209464	0.09448578547032521	6	6	0.16666666666666666	0.0	0.16666666666666666	0.22239242133644802	1	0
BUD23	2	frac_non_diploid	0.12734502615209464	0.09448578547032521	6	6	0.16666666666666666	0.0	0.16666666666666666	0.22239242133644802	1	0
C5orf15	1	frac_non_diploid	0.12734502615209464	0.09448578547032521	6	6	0.16666666666666666	0.0	0.16666666666666666	0.22239242133644802	1	0
CACYBP	1	frac_non_diploid	0.12734502615209464	0.09448578547032521	6	6	0.16666666666666666	0.0	0.16666666666666666	0.22239242133644802	1	0
CAP2	1	frac_non_diploid	0.12734502615209464	0.09448578547032521	6	6	0.16666666666666666	0.0	0.16666666666666666	0.22239242133644802	1	0
CAPRIN2	1	frac_non_diploid	0.12734502615209464	0.09448578547032521	6	6	0.16666666666666666	0.0	0.16666666666666666	0.22239242133644802	1	0
CARNMT1	1	frac_non_diploid	0.12734502615209464	0.09448578547032521	6	6	0.16666666666666666	0.0	0.16666666666666666	0.22239242133644802	1	0
CCDC66	1	frac_non_diploid	0.12734502615209464	0.09448578547032521	6	6	0.16666666666666666	0.0	0.16666666666666666	0.22239242133644802	1	0
CCN1	2	frac_non_diploid	0.12734502615209464	0.09448578547032521	6	6	0.3333333333333333	0.16666666666666666	0.16666666666666666	0.19264507794239583	1	1
CCSER2	1	frac_non_diploid	0.12734502615209464	0.09448578547032521	6	6	0.16666666666666666	0.0	0.16666666666666666	0.22239242133644802	1	0
CCT4	2	frac_non_diploid	0.12734502615209464	0.09448578547032521	6	6	0.16666666666666666	0.0	0.16666666666666666	0.22239242133644802	1	0
CDC42	1	frac_non_diploid	0.12734502615209464	0.09448578547032521	6	6	0.16666666666666666	0.0	0.16666666666666666	0.22239242133644802	1	0
CDK13	1	frac_non_diploid	0.12734502615209464	0.09448578547032521	6	6	0.16666666666666666	0.0	0.16666666666666666	0.22239242133644802	1	0
CDK6	1	frac_non_diploid	0.12734502615209464	0.09448578547032521	6	6	0.16666666666666666	0.0	0.16666666666666666	0.22239242133644802	1	0
CDV3	1	frac_non_diploid	0.12734502615209464	0.09448578547032521	6	6	0.16666666666666666	0.0	0.16666666666666666	0.22239242133644802	1	0
CENPK	1	frac_non_diploid	0.12734502615209464	0.09448578547032521	6	6	0.16666666666666666	0.0	0.16666666666666666	0.22239242133644802	1	0
CEP192P1	1	frac_non_diploid	0.12734502615209464	0.09448578547032521	6	6	0.16666666666666666	0.0	0.16666666666666666	0.22239242133644802	1	0
CERS2	2	frac_non_diploid	0.12734502615209464	0.09448578547032521	6	6	0.16666666666666666	0.0	0.16666666666666666	0.22239242133644802	1	0
CHFR	1	frac_non_diploid	0.12734502615209464	0.09448578547032521	6	6	0.16666666666666666	0.0	0.16666666666666666	0.22239242133644802	1	0
CHKA	1	frac_non_diploid	0.12734502615209464	0.09448578547032521	6	6	0.16666666666666666	0.0	0.16666666666666666	0.22239242133644802	1	0
CIAPIN1	1	frac_non_diploid	0.12734502615209464	0.09448578547032521	6	6	0.16666666666666666	0.0	0.16666666666666666	0.22239242133644802	1	0
CLIP1	2	frac_non_diploid	0.12734502615209464	0.09448578547032521	6	6	0.16666666666666666	0.0	0.16666666666666666	0.22239242133644802	1	0
CNIH3	1	frac_non_diploid	0.12734502615209464	0.09448578547032521	6	6	0.16666666666666666	0.0	0.16666666666666666	0.22239242133644802	1	0
COL1A2	10	frac_non_diploid	0.12734502615209464	0.09448578547032521	6	6	0.3333333333333333	0.16666666666666666	0.16666666666666666	0.19264507794239583	2	1
COLGALT1	1	frac_non_diploid	0.12734502615209464	0.09448578547032521	6	6	0.16666666666666666	0.0	0.16666666666666666	0.22239242133644802	1	0
CREB3L2	2	frac_non_diploid	0.12734502615209464	0.09448578547032521	6	6	0.16666666666666666	0.0	0.16666666666666666	0.22239242133644802	1	0
CREBBP	1	frac_non_diploid	0.12734502615209464	0.09448578547032521	6	6	0.16666666666666666	0.0	0.16666666666666666	0.22239242133644802	1	0
CSPP1	5	frac_non_diploid	0.12734502615209464	0.09448578547032521	6	6	0.16666666666666666	0.0	0.16666666666666666	0.22239242133644802	1	0
CTTN	1	frac_non_diploid	0.12734502615209464	0.09448578547032521	6	6	0.16666666666666666	0.0	0.16666666666666666	0.22239242133644802	1	0
DAGLB	2	frac_non_diploid	0.12734502615209464	0.09448578547032521	6	6	0.16666666666666666	0.0	0.16666666666666666	0.22239242133644802	1	0
DCLK2	1	frac_non_diploid	0.12734502615209464	0.09448578547032521	6	6	0.16666666666666666	0.0	0.16666666666666666	0.22239242133644802	1	0
DCLRE1C	1	frac_non_diploid	0.12734502615209464	0.09448578547032521	6	6	0.16666666666666666	0.0	0.16666666666666666	0.22239242133644802	1	0
DCP1A	1	frac_non_diploid	0.12734502615209464	0.09448578547032521	6	6	0.16666666666666666	0.0	0.16666666666666666	0.22239242133644802	1	0
DDX10	1	frac_non_diploid	0.12734502615209464	0.09448578547032521	6	6	0.16666666666666666	0.0	0.16666666666666666	0.22239242133644802	1	0
DLL4	1	frac_non_diploid	0.12734502615209464	0.09448578547032521	6	6	0.16666666666666666	0.0	0.16666666666666666	0.22239242133644802	1	0
DNAJB2	1	frac_non_diploid	0.12734502615209464	0.09448578547032521	6	6	0.16666666666666666	0.0	0.16666666666666666	0.22239242133644802	1	0
DNM1L	1	frac_non_diploid	0.12734502615209464	0.09448578547032521	6	6	0.16666666666666666	0.0	0.16666666666666666	0.22239242133644802	1	0
DOCK7	3	frac_non_diploid	0.12734502615209464	0.09448578547032521	6	6	0.16666666666666666	0.0	0.16666666666666666	0.22239242133644802	1	0
DOCK9	1	frac_non_diploid	0.12734502615209464	0.09448578547032521	6	6	0.16666666666666666	0.0	0.16666666666666666	0.22239242133644802	1	0
DUSP16	1	frac_non_diploid	0.12734502615209464	0.09448578547032521	6	6	0.16666666666666666	0.0	0.16666666666666666	0.22239242133644802	1	0
DUSP3	1	frac_non_diploid	0.12734502615209464	0.09448578547032521	6	6	0.16666666666666666	0.0	0.16666666666666666	0.22239242133644802	1	0
EDIL3	2	frac_non_diploid	0.12734502615209464	0.09448578547032521	6	6	0.3333333333333333	0.16666666666666666	0.16666666666666666	0.19264507794239583	2	1
EEF2K	1	frac_non_diploid	0.12734502615209464	0.09448578547032521	6	6	0.16666666666666666	0.0	0.16666666666666666	0.22239242133644802	1	0
ELF2	2	frac_non_diploid	0.12734502615209464	0.09448578547032521	6	6	0.16666666666666666	0.0	0.16666666666666666	0.22239242133644802	1	0
EML4	1	frac_non_diploid	0.12734502615209464	0.09448578547032521	6	6	0.16666666666666666	0.0	0.16666666666666666	0.22239242133644802	1	0
ENSG00000229587	1	frac_non_diploid	0.12734502615209464	0.09448578547032521	6	6	0.16666666666666666	0.0	0.16666666666666666	0.22239242133644802	1	0
ENSG00000236194	1	frac_non_diploid	0.12734502615209464	0.09448578547032521	6	6	0.16666666666666666	0.0	0.16666666666666666	0.22239242133644802	1	0
ENSG00000248596	1	frac_non_diploid	0.12734502615209464	0.09448578547032521	6	6	0.16666666666666666	0.0	0.16666666666666666	0.22239242133644802	1	0
ENSG00000253532	2	frac_non_diploid	0.12734502615209464	0.09448578547032521	6	6	0.16666666666666666	0.0	0.16666666666666666	0.22239242133644802	1	0
ENSG00000255054	1	frac_non_diploid	0.12734502615209464	0.09448578547032521	6	6	0.16666666666666666	0.0	0.16666666666666666	0.22239242133644802	1	0
ENSG00000255439	1	frac_non_diploid	0.12734502615209464	0.09448578547032521	6	6	0.16666666666666666	0.0	0.16666666666666666	0.22239242133644802	1	0
ENSG00000258892	1	frac_non_diploid	0.12734502615209464	0.09448578547032521	6	6	0.16666666666666666	0.0	0.16666666666666666	0.22239242133644802	1	0
ENSG00000258964	1	frac_non_diploid	0.12734502615209464	0.09448578547032521	6	6	0.16666666666666666	0.0	0.16666666666666666	0.22239242133644802	1	0
ENSG00000261276	1	frac_non_diploid	0.12734502615209464	0.09448578547032521	6	6	0.16666666666666666	0.0	0.16666666666666666	0.22239242133644802	1	0
ENSG00000263466	1	frac_non_diploid	0.12734502615209464	0.09448578547032521	6	6	0.16666666666666666	0.0	0.16666666666666666	0.22239242133644802	1	0
ENSG00000263494	1	frac_non_diploid	0.12734502615209464	0.09448578547032521	6	6	0.3333333333333333	0.16666666666666666	0.16666666666666666	0.19264507794239583	2	1
ENSG00000267261	1	frac_non_diploid	0.12734502615209464	0.09448578547032521	6	6	0.16666666666666666	0.0	0.16666666666666666	0.22239242133644802	1	0
ENSG00000267699	2	frac_non_diploid	0.12734502615209464	0.09448578547032521	6	6	0.16666666666666666	0.0	0.16666666666666666	0.22239242133644802	1	0
ENSG00000278040	1	frac_non_diploid	0.12734502615209464	0.09448578547032521	6	6	0.16666666666666666	0.0	0.16666666666666666	0.22239242133644802	1	0
ENSG00000278829	1	frac_non_diploid	0.12734502615209464	0.09448578547032521	6	6	0.16666666666666666	0.0	0.16666666666666666	0.22239242133644802	1	0
ENSG00000284895	1	frac_non_diploid	0.12734502615209464	0.09448578547032521	6	6	0.16666666666666666	0.0	0.16666666666666666	0.22239242133644802	1	0
ENSG00000284946	1	frac_non_diploid	0.12734502615209464	0.09448578547032521	6	6	0.16666666666666666	0.0	0.16666666666666666	0.22239242133644802	1	0
ENSG00000285558	1	frac_non_diploid	0.12734502615209464	0.09448578547032521	6	6	0.16666666666666666	0.0	0.16666666666666666	0.22239242133644802	1	0
ENSG00000285953	1	frac_non_diploid	0.12734502615209464	0.09448578547032521	6	6	0.16666666666666666	0.0	0.16666666666666666	0.22239242133644802	1	0
ENSG00000287579	1	frac_non_diploid	0.12734502615209464	0.09448578547032521	6	6	0.16666666666666666	0.0	0.16666666666666666	0.22239242133644802	1	0
ENSG00000289027	1	frac_non_diploid	0.12734502615209464	0.09448578547032521	6	6	0.16666666666666666	0.0	0.16666666666666666	0.22239242133644802	1	0
ENSG00000289694	1	frac_non_diploid	0.12734502615209464	0.09448578547032521	6	6	0.16666666666666666	0.0	0.16666666666666666	0.22239242133644802	1	0
ENSG00000290100	1	frac_non_diploid	0.12734502615209464	0.09448578547032521	6	6	0.16666666666666666	0.0	0.16666666666666666	0.22239242133644802	1	0
ENSG00000290935	1	frac_non_diploid	0.12734502615209464	0.09448578547032521	6	6	0.16666666666666666	0.0	0.16666666666666666	0.22239242133644802	1	0
EPAS1	2	frac_non_diploid	0.12734502615209464	0.09448578547032521	6	6	0.3333333333333333	0.16666666666666666	0.16666666666666666	0.19264507794239583	1	1
ERCC6	1	frac_non_diploid	0.12734502615209464	0.09448578547032521	6	6	0.16666666666666666	0.0	0.16666666666666666	0.22239242133644802	1	0
ERCC8	1	frac_non_diploid	0.12734502615209464	0.09448578547032521	6	6	0.16666666666666666	0.0	0.16666666666666666	0.22239242133644802	1	0
EXOC1	1	frac_non_diploid	0.12734502615209464	0.09448578547032521	6	6	0.16666666666666666	0.0	0.16666666666666666	0.22239242133644802	1	0
EXOC6	1	frac_non_diploid	0.12734502615209464	0.09448578547032521	6	6	0.16666666666666666	0.0	0.16666666666666666	0.22239242133644802	1	0
FARP2	2	frac_non_diploid	0.12734502615209464	0.09448578547032521	6	6	0.16666666666666666	0.0	0.16666666666666666	0.22239242133644802	1	0
FARSA	1	frac_non_diploid	0.12734502615209464	0.09448578547032521	6	6	0.16666666666666666	0.0	0.16666666666666666	0.22239242133644802	1	0
FAXDC2	1	frac_non_diploid	0.12734502615209464	0.09448578547032521	6	6	0.16666666666666666	0.0	0.16666666666666666	0.22239242133644802	1	0
FRMD6	2	frac_non_diploid	0.12734502615209464	0.09448578547032521	6	6	0.3333333333333333	0.16666666666666666	0.16666666666666666	0.19264507794239583	1	1
GADD45B	1	frac_non_diploid	0.12734502615209464	0.09448578547032521	6	6	0.16666666666666666	0.0	0.16666666666666666	0.22239242133644802	1	0
GBF1	1	frac_non_diploid	0.12734502615209464	0.09448578547032521	6	6	0.16666666666666666	0.0	0.16666666666666666	0.22239242133644802	1	0
GDAP2	1	frac_non_diploid	0.12734502615209464	0.09448578547032521	6	6	0.16666666666666666	0.0	0.16666666666666666	0.22239242133644802	1	0
GLIS3	3	frac_non_diploid	0.12734502615209464	0.09448578547032521	6	6	0.16666666666666666	0.0	0.16666666666666666	0.22239242133644802	1	0
GNAS	1	frac_non_diploid	0.12734502615209464	0.09448578547032521	6	6	0.16666666666666666	0.0	0.16666666666666666	0.22239242133644802	1	0
GOLGA2	1	frac_non_diploid	0.12734502615209464	0.09448578547032521	6	6	0.16666666666666666	0.0	0.16666666666666666	0.22239242133644802	1	0
GOLGA3	1	frac_non_diploid	0.12734502615209464	0.09448578547032521	6	6	0.16666666666666666	0.0	0.16666666666666666	0.22239242133644802	1	0
GPALPP1	1	frac_non_diploid	0.12734502615209464	0.09448578547032521	6	6	0.16666666666666666	0.0	0.16666666666666666	0.22239242133644802	1	0
GPX1	1	frac_non_diploid	0.12734502615209464	0.09448578547032521	6	6	0.16666666666666666	0.0	0.16666666666666666	0.22239242133644802	1	0
GTPBP4	1	frac_non_diploid	0.12734502615209464	0.09448578547032521	6	6	0.16666666666666666	0.0	0.16666666666666666	0.22239242133644802	1	0
HEXB	1	frac_non_diploid	0.12734502615209464	0.09448578547032521	6	6	0.16666666666666666	0.0	0.16666666666666666	0.22239242133644802	1	0
HIC1	1	frac_non_diploid	0.12734502615209464	0.09448578547032521	6	6	0.16666666666666666	0.0	0.16666666666666666	0.22239242133644802	1	0
HIVEP3	1	frac_non_diploid	0.12734502615209464	0.09448578547032521	6	6	0.16666666666666666	0.0	0.16666666666666666	0.22239242133644802	1	0
HMBS	1	frac_non_diploid	0.12734502615209464	0.09448578547032521	6	6	0.16666666666666666	0.0	0.16666666666666666	0.22239242133644802	1	0
HNRNPU	1	frac_non_diploid	0.12734502615209464	0.09448578547032521	6	6	0.16666666666666666	0.0	0.16666666666666666	0.22239242133644802	1	0
HSD17B11	1	frac_non_diploid	0.12734502615209464	0.09448578547032521	6	6	0.16666666666666666	0.0	0.16666666666666666	0.22239242133644802	1	0
HSPA5	1	frac_non_diploid	0.12734502615209464	0.09448578547032521	6	6	0.16666666666666666	0.0	0.16666666666666666	0.22239242133644802	1	0
HYCC1	2	frac_non_diploid	0.12734502615209464	0.09448578547032521	6	6	0.16666666666666666	0.0	0.16666666666666666	0.22239242133644802	1	0
INA	1	frac_non_diploid	0.12734502615209464	0.09448578547032521	6	6	0.16666666666666666	0.0	0.16666666666666666	0.22239242133644802	1	0
IRAK2	1	frac_non_diploid	0.12734502615209464	0.09448578547032521	6	6	0.16666666666666666	0.0	0.16666666666666666	0.22239242133644802	1	0
ITGA2	1	frac_non_diploid	0.12734502615209464	0.09448578547032521	6	6	0.16666666666666666	0.0	0.16666666666666666	0.22239242133644802	1	0
KIF18A	1	frac_non_diploid	0.12734502615209464	0.09448578547032521	6	6	0.16666666666666666	0.0	0.16666666666666666	0.22239242133644802	1	0
KIF1B	2	frac_non_diploid	0.12734502615209464	0.09448578547032521	6	6	0.16666666666666666	0.0	0.16666666666666666	0.22239242133644802	1	0
KIZ	2	frac_non_diploid	0.12734502615209464	0.09448578547032521	6	6	0.16666666666666666	0.0	0.16666666666666666	0.22239242133644802	1	0
KMT2C	1	frac_non_diploid	0.12734502615209464	0.09448578547032521	6	6	0.16666666666666666	0.0	0.16666666666666666	0.22239242133644802	1	0
KPNB1	2	frac_non_diploid	0.12734502615209464	0.09448578547032521	6	6	0.16666666666666666	0.0	0.16666666666666666	0.22239242133644802	1	0
KRIT1	1	frac_non_diploid	0.12734502615209464	0.09448578547032521	6	6	0.16666666666666666	0.0	0.16666666666666666	0.22239242133644802	1	0
LAMTOR5P1	1	frac_non_diploid	0.12734502615209464	0.09448578547032521	6	6	0.16666666666666666	0.0	0.16666666666666666	0.22239242133644802	1	0
LARP4	2	frac_non_diploid	0.12734502615209464	0.09448578547032521	6	6	0.16666666666666666	0.0	0.16666666666666666	0.22239242133644802	1	0
LCAT	1	frac_non_diploid	0.12734502615209464	0.09448578547032521	6	6	0.16666666666666666	0.0	0.16666666666666666	0.22239242133644802	1	0
LHFPL2	1	frac_non_diploid	0.12734502615209464	0.09448578547032521	6	6	0.16666666666666666	0.0	0.16666666666666666	0.22239242133644802	1	0
LIMD1-AS1	1	frac_non_diploid	0.12734502615209464	0.09448578547032521	6	6	0.16666666666666666	0.0	0.16666666666666666	0.22239242133644802	1	0
LINC-PINT	1	frac_non_diploid	0.12734502615209464	0.09448578547032521	6	6	0.16666666666666666	0.0	0.16666666666666666	0.22239242133644802	1	0
LRIG1	1	frac_non_diploid	0.12734502615209464	0.09448578547032521	6	6	0.16666666666666666	0.0	0.16666666666666666	0.22239242133644802	1	0
LRP6	1	frac_non_diploid	0.12734502615209464	0.09448578547032521	6	6	0.16666666666666666	0.0	0.16666666666666666	0.22239242133644802	1	0
LRRFIP1	1	frac_non_diploid	0.12734502615209464	0.09448578547032521	6	6	0.16666666666666666	0.0	0.16666666666666666	0.22239242133644802	1	0
LUC7L	1	frac_non_diploid	0.12734502615209464	0.09448578547032521	6	6	0.16666666666666666	0.0	0.16666666666666666	0.22239242133644802	1	0
MAML3	2	frac_non_diploid	0.12734502615209464	0.09448578547032521	6	6	0.16666666666666666	0.0	0.16666666666666666	0.22239242133644802	1	0
MAP1B	1	frac_non_diploid	0.12734502615209464	0.09448578547032521	6	6	0.16666666666666666	0.0	0.16666666666666666	0.22239242133644802	1	0
MAP3K7CL	1	frac_non_diploid	0.12734502615209464	0.09448578547032521	6	6	0.16666666666666666	0.0	0.16666666666666666	0.22239242133644802	1	0
MAPK11	1	frac_non_diploid	0.12734502615209464	0.09448578547032521	6	6	0.16666666666666666	0.0	0.16666666666666666	0.22239242133644802	1	0
ME1	1	frac_non_diploid	0.12734502615209464	0.09448578547032521	6	6	0.16666666666666666	0.0	0.16666666666666666	0.22239242133644802	1	0
MEAK7	1	frac_non_diploid	0.12734502615209464	0.09448578547032521	6	6	0.16666666666666666	0.0	0.16666666666666666	0.22239242133644802	1	0
MFSD1	1	frac_non_diploid	0.12734502615209464	0.09448578547032521	6	6	0.16666666666666666	0.0	0.16666666666666666	0.22239242133644802	1	0
MGLL	1	frac_non_diploid	0.12734502615209464	0.09448578547032521	6	6	0.16666666666666666	0.0	0.16666666666666666	0.22239242133644802	1	0
MICAL1	1	frac_non_diploid	0.12734502615209464	0.09448578547032521	6	6	0.16666666666666666	0.0	0.16666666666666666	0.22239242133644802	1	0
MIER2	1	frac_non_diploid	0.12734502615209464	0.09448578547032521	6	6	0.16666666666666666	0.0	0.16666666666666666	0.22239242133644802	1	0
MIR29B2CHG	1	frac_non_diploid	0.12734502615209464	0.09448578547032521	6	6	0.16666666666666666	0.0	0.16666666666666666	0.22239242133644802	1	0
MIR3620	1	frac_non_diploid	0.12734502615209464	0.09448578547032521	6	6	0.16666666666666666	0.0	0.16666666666666666	0.22239242133644802	1	0
MIR7161	1	frac_non_diploid	0.12734502615209464	0.09448578547032521	6	6	0.16666666666666666	0.0	0.16666666666666666	0.22239242133644802	1	0
MIR761	1	frac_non_diploid	0.12734502615209464	0.09448578547032521	6	6	0.16666666666666666	0.0	0.16666666666666666	0.22239242133644802	1	0
MIRLET7A1HG	1	frac_non_diploid	0.12734502615209464	0.09448578547032521	6	6	0.16666666666666666	0.0	0.16666666666666666	0.22239242133644802	1	0
MNAT1	1	frac_non_diploid	0.12734502615209464	0.09448578547032521	6	6	0.16666666666666666	0.0	0.16666666666666666	0.22239242133644802	1	0
MTDH	1	frac_non_diploid	0.12734502615209464	0.09448578547032521	6	6	0.16666666666666666	0.0	0.16666666666666666	0.22239242133644802	1	0
MTRR	1	frac_non_diploid	0.12734502615209464	0.09448578547032521	6	6	0.16666666666666666	0.0	0.16666666666666666	0.22239242133644802	1	0
MYO10	2	frac_non_diploid	0.12734502615209464	0.09448578547032521	6	6	0.16666666666666666	0.0	0.16666666666666666	0.22239242133644802	1	0
NAA15	2	frac_non_diploid	0.12734502615209464	0.09448578547032521	6	6	0.16666666666666666	0.0	0.16666666666666666	0.22239242133644802	1	0
NAV1	2	frac_non_diploid	0.12734502615209464	0.09448578547032521	6	6	0.16666666666666666	0.0	0.16666666666666666	0.22239242133644802	1	0
NBEAL1	1	frac_non_diploid	0.12734502615209464	0.09448578547032521	6	6	0.16666666666666666	0.0	0.16666666666666666	0.22239242133644802	1	0
NCOR2	4	frac_non_diploid	0.12734502615209464	0.09448578547032521	6	6	0.16666666666666666	0.0	0.16666666666666666	0.22239242133644802	1	0
NCS1	1	frac_non_diploid	0.12734502615209464	0.09448578547032521	6	6	0.16666666666666666	0.0	0.16666666666666666	0.22239242133644802	1	0
NFKB1	1	frac_non_diploid	0.12734502615209464	0.09448578547032521	6	6	0.16666666666666666	0.0	0.16666666666666666	0.22239242133644802	1	0
NOL11	1	frac_non_diploid	0.12734502615209464	0.09448578547032521	6	6	0.16666666666666666	0.0	0.16666666666666666	0.22239242133644802	1	0
NUP133	1	frac_non_diploid	0.12734502615209464	0.09448578547032521	6	6	0.16666666666666666	0.0	0.16666666666666666	0.22239242133644802	1	0
OPHN1	1	frac_non_diploid	0.12734502615209464	0.09448578547032521	6	6	0.16666666666666666	0.0	0.16666666666666666	0.22239242133644802	1	0
ORAI2	1	frac_non_diploid	0.12734502615209464	0.09448578547032521	6	6	0.16666666666666666	0.0	0.16666666666666666	0.22239242133644802	1	0
OSMR	1	frac_non_diploid	0.12734502615209464	0.09448578547032521	6	6	0.16666666666666666	0.0	0.16666666666666666	0.22239242133644802	1	0
PALLD	2	frac_non_diploid	0.12734502615209464	0.09448578547032521	6	6	0.16666666666666666	0.0	0.16666666666666666	0.22239242133644802	1	0
PATJ	1	frac_non_diploid	0.12734502615209464	0.09448578547032521	6	6	0.16666666666666666	0.0	0.16666666666666666	0.22239242133644802	1	0
PEX13	1	frac_non_diploid	0.12734502615209464	0.09448578547032521	6	6	0.16666666666666666	0.0	0.16666666666666666	0.22239242133644802	1	0
PFKL	2	frac_non_diploid	0.12734502615209464	0.09448578547032521	6	6	0.3333333333333333	0.16666666666666666	0.16666666666666666	0.19264507794239583	1	1
PFKP	3	frac_non_diploid	0.12734502615209464	0.09448578547032521	6	6	0.3333333333333333	0.16666666666666666	0.16666666666666666	0.19264507794239583	1	1
PHB1P12	1	frac_non_diploid	0.12734502615209464	0.09448578547032521	6	6	0.16666666666666666	0.0	0.16666666666666666	0.22239242133644802	1	0
PIBF1	1	frac_non_diploid	0.12734502615209464	0.09448578547032521	6	6	0.16666666666666666	0.0	0.16666666666666666	0.22239242133644802	1	0
PICALM	4	frac_non_diploid	0.12734502615209464	0.09448578547032521	6	6	0.16666666666666666	0.0	0.16666666666666666	0.22239242133644802	1	0
PIP5K1A	1	frac_non_diploid	0.12734502615209464	0.09448578547032521	6	6	0.16666666666666666	0.0	0.16666666666666666	0.22239242133644802	1	0
PIP5K1C	1	frac_non_diploid	0.12734502615209464	0.09448578547032521	6	6	0.16666666666666666	0.0	0.16666666666666666	0.22239242133644802	1	0
PLXNB2	2	frac_non_diploid	0.12734502615209464	0.09448578547032521	6	6	0.3333333333333333	0.16666666666666666	0.16666666666666666	0.19264507794239583	1	1
POLR2A	1	frac_non_diploid	0.12734502615209464	0.09448578547032521	6	6	0.16666666666666666	0.0	0.16666666666666666	0.22239242133644802	1	0
PPP1CC	1	frac_non_diploid	0.12734502615209464	0.09448578547032521	6	6	0.16666666666666666	0.0	0.16666666666666666	0.22239242133644802	1	0
PRC1	1	frac_non_diploid	0.12734502615209464	0.09448578547032521	6	6	0.16666666666666666	0.0	0.16666666666666666	0.22239242133644802	1	0
PRDM15	1	frac_non_diploid	0.12734502615209464	0.09448578547032521	6	6	0.16666666666666666	0.0	0.16666666666666666	0.22239242133644802	1	0
PROSER2	1	frac_non_diploid	0.12734502615209464	0.09448578547032521	6	6	0.16666666666666666	0.0	0.16666666666666666	0.22239242133644802	1	0
PRPF39	1	frac_non_diploid	0.12734502615209464	0.09448578547032521	6	6	0.16666666666666666	0.0	0.16666666666666666	0.22239242133644802	1	0
PTDSS1	1	frac_non_diploid	0.12734502615209464	0.09448578547032521	6	6	0.16666666666666666	0.0	0.16666666666666666	0.22239242133644802	1	0
PTOV1-AS1	1	frac_non_diploid	0.12734502615209464	0.09448578547032521	6	6	0.16666666666666666	0.0	0.16666666666666666	0.22239242133644802	1	0
PTPRA	1	frac_non_diploid	0.12734502615209464	0.09448578547032521	6	6	0.3333333333333333	0.16666666666666666	0.16666666666666666	0.19264507794239583	1	1
RAB5C	1	frac_non_diploid	0.12734502615209464	0.09448578547032521	6	6	0.16666666666666666	0.0	0.16666666666666666	0.22239242133644802	1	0
RAF1	2	frac_non_diploid	0.12734502615209464	0.09448578547032521	6	6	0.16666666666666666	0.0	0.16666666666666666	0.22239242133644802	1	0
RALY	1	frac_non_diploid	0.12734502615209464	0.09448578547032521	6	6	0.16666666666666666	0.0	0.16666666666666666	0.22239242133644802	1	0
RANBP9	2	frac_non_diploid	0.12734502615209464	0.09448578547032521	6	6	0.3333333333333333	0.16666666666666666	0.16666666666666666	0.19264507794239583	1	1
RAPGEF1	2	frac_non_diploid	0.12734502615209464	0.09448578547032521	6	6	0.16666666666666666	0.0	0.16666666666666666	0.22239242133644802	1	0
RASAL2	1	frac_non_diploid	0.12734502615209464	0.09448578547032521	6	6	0.16666666666666666	0.0	0.16666666666666666	0.22239242133644802	1	0
RBM34	1	frac_non_diploid	0.12734502615209464	0.09448578547032521	6	6	0.16666666666666666	0.0	0.16666666666666666	0.22239242133644802	1	0
RBM39	4	frac_non_diploid	0.12734502615209464	0.09448578547032521	6	6	0.3333333333333333	0.16666666666666666	0.16666666666666666	0.19264507794239583	2	1
RBM6	2	frac_non_diploid	0.12734502615209464	0.09448578547032521	6	6	0.16666666666666666	0.0	0.16666666666666666	0.22239242133644802	1	0
RHOF	1	frac_non_diploid	0.12734502615209464	0.09448578547032521	6	6	0.16666666666666666	0.0	0.16666666666666666	0.22239242133644802	1	0
RIN2	1	frac_non_diploid	0.12734502615209464	0.09448578547032521	6	6	0.16666666666666666	0.0	0.16666666666666666	0.22239242133644802	1	0
RN7SL44P	1	frac_non_diploid	0.12734502615209464	0.09448578547032521	6	6	0.16666666666666666	0.0	0.16666666666666666	0.22239242133644802	1	0
RNF138	2	frac_non_diploid	0.12734502615209464	0.09448578547032521	6	6	0.3333333333333333	0.16666666666666666	0.16666666666666666	0.19264507794239583	1	1
RNF146	1	frac_non_diploid	0.12734502615209464	0.09448578547032521	6	6	0.16666666666666666	0.0	0.16666666666666666	0.22239242133644802	1	0
RNF32-DT	1	frac_non_diploid	0.12734502615209464	0.09448578547032521	6	6	0.16666666666666666	0.0	0.16666666666666666	0.22239242133644802	1	0
RNF38	2	frac_non_diploid	0.12734502615209464	0.09448578547032521	6	6	0.16666666666666666	0.0	0.16666666666666666	0.22239242133644802	1	0
RNU6-10P	1	frac_non_diploid	0.12734502615209464	0.09448578547032521	6	6	0.16666666666666666	0.0	0.16666666666666666	0.22239242133644802	1	0
RNU6-1225P	1	frac_non_diploid	0.12734502615209464	0.09448578547032521	6	6	0.16666666666666666	0.0	0.16666666666666666	0.22239242133644802	1	0
RNU6-522P	1	frac_non_diploid	0.12734502615209464	0.09448578547032521	6	6	0.16666666666666666	0.0	0.16666666666666666	0.22239242133644802	1	0
RNU6-652P	1	frac_non_diploid	0.12734502615209464	0.09448578547032521	6	6	0.16666666666666666	0.0	0.16666666666666666	0.22239242133644802	1	0
RPL11	1	frac_non_diploid	0.12734502615209464	0.09448578547032521	6	6	0.16666666666666666	0.0	0.16666666666666666	0.22239242133644802	1	0
RPL12P16	1	frac_non_diploid	0.12734502615209464	0.09448578547032521	6	6	0.16666666666666666	0.0	0.16666666666666666	0.22239242133644802	1	0
RPL18AP9	1	frac_non_diploid	0.12734502615209464	0.09448578547032521	6	6	0.16666666666666666	0.0	0.16666666666666666	0.22239242133644802	1	0
RPS15AP6	2	frac_non_diploid	0.12734502615209464	0.09448578547032521	6	6	0.16666666666666666	0.0	0.16666666666666666	0.22239242133644802	1	0
RTN4	1	frac_non_diploid	0.12734502615209464	0.09448578547032521	6	6	0.16666666666666666	0.0	0.16666666666666666	0.22239242133644802	1	0
RYK	1	frac_non_diploid	0.12734502615209464	0.09448578547032521	6	6	0.16666666666666666	0.0	0.16666666666666666	0.22239242133644802	1	0
S100A6	1	frac_non_diploid	0.12734502615209464	0.09448578547032521	6	6	0.16666666666666666	0.0	0.16666666666666666	0.22239242133644802	1	0
SANBR	1	frac_non_diploid	0.12734502615209464	0.09448578547032521	6	6	0.16666666666666666	0.0	0.16666666666666666	0.22239242133644802	1	0
SCARA3	1	frac_non_diploid	0.12734502615209464	0.09448578547032521	6	6	0.16666666666666666	0.0	0.16666666666666666	0.22239242133644802	1	0
SCLT1	1	frac_non_diploid	0.12734502615209464	0.09448578547032521	6	6	0.16666666666666666	0.0	0.16666666666666666	0.22239242133644802	1	0
SEC23B	1	frac_non_diploid	0.12734502615209464	0.09448578547032521	6	6	0.16666666666666666	0.0	0.16666666666666666	0.22239242133644802	1	0
SEC61A1	1	frac_non_diploid	0.12734502615209464	0.09448578547032521	6	6	0.16666666666666666	0.0	0.16666666666666666	0.22239242133644802	1	0
SELENON	1	frac_non_diploid	0.12734502615209464	0.09448578547032521	6	6	0.16666666666666666	0.0	0.16666666666666666	0.22239242133644802	1	0
SFT2D2	1	frac_non_diploid	0.12734502615209464	0.09448578547032521	6	6	0.16666666666666666	0.0	0.16666666666666666	0.22239242133644802	1	0
SH3KBP1	1	frac_non_diploid	0.12734502615209464	0.09448578547032521	6	6	0.16666666666666666	0.0	0.16666666666666666	0.22239242133644802	1	0
SLC12A4	2	frac_non_diploid	0.12734502615209464	0.09448578547032521	6	6	0.16666666666666666	0.0	0.16666666666666666	0.22239242133644802	1	0
SLC35D2	1	frac_non_diploid	0.12734502615209464	0.09448578547032521	6	6	0.16666666666666666	0.0	0.16666666666666666	0.22239242133644802	1	0
SLC37A3	1	frac_non_diploid	0.12734502615209464	0.09448578547032521	6	6	0.16666666666666666	0.0	0.16666666666666666	0.22239242133644802	1	0
SMAD4	2	frac_non_diploid	0.12734502615209464	0.09448578547032521	6	6	0.16666666666666666	0.0	0.16666666666666666	0.22239242133644802	1	0
SMAD5	1	frac_non_diploid	0.12734502615209464	0.09448578547032521	6	6	0.16666666666666666	0.0	0.16666666666666666	0.22239242133644802	1	0
SMCHD1	1	frac_non_diploid	0.12734502615209464	0.09448578547032521	6	6	0.16666666666666666	0.0	0.16666666666666666	0.22239242133644802	1	0
SNAPC1	1	frac_non_diploid	0.12734502615209464	0.09448578547032521	6	6	0.16666666666666666	0.0	0.16666666666666666	0.22239242133644802	1	0
SNAPC4	1	frac_non_diploid	0.12734502615209464	0.09448578547032521	6	6	0.16666666666666666	0.0	0.16666666666666666	0.22239242133644802	1	0
SNORA46	1	frac_non_diploid	0.12734502615209464	0.09448578547032521	6	6	0.16666666666666666	0.0	0.16666666666666666	0.22239242133644802	1	0
SNORD113-5	6	frac_non_diploid	0.12734502615209464	0.09448578547032521	6	6	0.16666666666666666	0.0	0.16666666666666666	0.22239242133644802	1	0
SOX5	2	frac_non_diploid	0.12734502615209464	0.09448578547032521	6	6	0.3333333333333333	0.16666666666666666	0.16666666666666666	0.19264507794239583	1	1
SOX6	1	frac_non_diploid	0.12734502615209464	0.09448578547032521	6	6	0.16666666666666666	0.0	0.16666666666666666	0.22239242133644802	1	0
SP100	1	frac_non_diploid	0.12734502615209464	0.09448578547032521	6	6	0.16666666666666666	0.0	0.16666666666666666	0.22239242133644802	1	0
SPCS3	1	frac_non_diploid	0.12734502615209464	0.09448578547032521	6	6	0.16666666666666666	0.0	0.16666666666666666	0.22239242133644802	1	0
SPECC1	1	frac_non_diploid	0.12734502615209464	0.09448578547032521	6	6	0.3333333333333333	0.16666666666666666	0.16666666666666666	0.19264507794239583	2	1
SPEN	1	frac_non_diploid	0.12734502615209464	0.09448578547032521	6	6	0.16666666666666666	0.0	0.16666666666666666	0.22239242133644802	1	0
SRSF10	1	frac_non_diploid	0.12734502615209464	0.09448578547032521	6	6	0.16666666666666666	0.0	0.16666666666666666	0.22239242133644802	1	0
SS18	1	frac_non_diploid	0.12734502615209464	0.09448578547032521	6	6	0.16666666666666666	0.0	0.16666666666666666	0.22239242133644802	1	0
SSBP3	1	frac_non_diploid	0.12734502615209464	0.09448578547032521	6	6	0.16666666666666666	0.0	0.16666666666666666	0.22239242133644802	1	0
STAT3	1	frac_non_diploid	0.12734502615209464	0.09448578547032521	6	6	0.16666666666666666	0.0	0.16666666666666666	0.22239242133644802	1	0
STAT5B	1	frac_non_diploid	0.12734502615209464	0.09448578547032521	6	6	0.16666666666666666	0.0	0.16666666666666666	0.22239242133644802	1	0
STON1	1	frac_non_diploid	0.12734502615209464	0.09448578547032521	6	6	0.16666666666666666	0.0	0.16666666666666666	0.22239242133644802	1	0
STON1-GTF2A1L	1	frac_non_diploid	0.12734502615209464	0.09448578547032521	6	6	0.16666666666666666	0.0	0.16666666666666666	0.22239242133644802	1	0
STX1A	1	frac_non_diploid	0.12734502615209464	0.09448578547032521	6	6	0.16666666666666666	0.0	0.16666666666666666	0.22239242133644802	1	0
SYNE1	1	frac_non_diploid	0.12734502615209464	0.09448578547032521	6	6	0.16666666666666666	0.0	0.16666666666666666	0.22239242133644802	1	0
SYTL3	1	frac_non_diploid	0.12734502615209464	0.09448578547032521	6	6	0.16666666666666666	0.0	0.16666666666666666	0.22239242133644802	1	0
TAF6L	1	frac_non_diploid	0.12734502615209464	0.09448578547032521	6	6	0.16666666666666666	0.0	0.16666666666666666	0.22239242133644802	1	0
TBC1D12	1	frac_non_diploid	0.12734502615209464	0.09448578547032521	6	6	0.16666666666666666	0.0	0.16666666666666666	0.22239242133644802	1	0
TEAD1	1	frac_non_diploid	0.12734502615209464	0.09448578547032521	6	6	0.16666666666666666	0.0	0.16666666666666666	0.22239242133644802	1	0
TFCP2	1	frac_non_diploid	0.12734502615209464	0.09448578547032521	6	6	0.16666666666666666	0.0	0.16666666666666666	0.22239242133644802	1	0
THBS1	1	frac_non_diploid	0.12734502615209464	0.09448578547032521	6	6	0.16666666666666666	0.0	0.16666666666666666	0.22239242133644802	1	0
THBS1-IT1	1	frac_non_diploid	0.12734502615209464	0.09448578547032521	6	6	0.16666666666666666	0.0	0.16666666666666666	0.22239242133644802	1	0
THSD1	1	frac_non_diploid	0.12734502615209464	0.09448578547032521	6	6	0.16666666666666666	0.0	0.16666666666666666	0.22239242133644802	1	0
TIAM2	1	frac_non_diploid	0.12734502615209464	0.09448578547032521	6	6	0.16666666666666666	0.0	0.16666666666666666	0.22239242133644802	1	0
TMCO1	1	frac_non_diploid	0.12734502615209464	0.09448578547032521	6	6	0.16666666666666666	0.0	0.16666666666666666	0.22239242133644802	1	0
TMEM248	1	frac_non_diploid	0.12734502615209464	0.09448578547032521	6	6	0.16666666666666666	0.0	0.16666666666666666	0.22239242133644802	1	0
TMEM67	1	frac_non_diploid	0.12734502615209464	0.09448578547032521	6	6	0.16666666666666666	0.0	0.16666666666666666	0.22239242133644802	1	0
TOM1L2	1	frac_non_diploid	0.12734502615209464	0.09448578547032521	6	6	0.16666666666666666	0.0	0.16666666666666666	0.22239242133644802	1	0
TOP2A	1	frac_non_diploid	0.12734502615209464	0.09448578547032521	6	6	0.16666666666666666	0.0	0.16666666666666666	0.22239242133644802	1	0
TPX2	1	frac_non_diploid	0.12734502615209464	0.09448578547032521	6	6	0.16666666666666666	0.0	0.16666666666666666	0.22239242133644802	1	0
TRAF7	2	frac_non_diploid	0.12734502615209464	0.09448578547032521	6	6	0.16666666666666666	0.0	0.16666666666666666	0.22239242133644802	1	0
TRIP4	1	frac_non_diploid	0.12734502615209464	0.09448578547032521	6	6	0.16666666666666666	0.0	0.16666666666666666	0.22239242133644802	1	0
TRMT2B	1	frac_non_diploid	0.12734502615209464	0.09448578547032521	6	6	0.16666666666666666	0.0	0.16666666666666666	0.22239242133644802	1	0
TSPAN9	1	frac_non_diploid	0.12734502615209464	0.09448578547032521	6	6	0.16666666666666666	0.0	0.16666666666666666	0.22239242133644802	1	0
TTC13	1	frac_non_diploid	0.12734502615209464	0.09448578547032521	6	6	0.16666666666666666	0.0	0.16666666666666666	0.22239242133644802	1	0
UBA52	1	frac_non_diploid	0.12734502615209464	0.09448578547032521	6	6	0.16666666666666666	0.0	0.16666666666666666	0.22239242133644802	1	0
UBAP2L	1	frac_non_diploid	0.12734502615209464	0.09448578547032521	6	6	0.16666666666666666	0.0	0.16666666666666666	0.22239242133644802	1	0
UBE2M	1	frac_non_diploid	0.12734502615209464	0.09448578547032521	6	6	0.16666666666666666	0.0	0.16666666666666666	0.22239242133644802	1	0
UGGT2	1	frac_non_diploid	0.12734502615209464	0.09448578547032521	6	6	0.16666666666666666	0.0	0.16666666666666666	0.22239242133644802	1	0
USP4	1	frac_non_diploid	0.12734502615209464	0.09448578547032521	6	6	0.16666666666666666	0.0	0.16666666666666666	0.22239242133644802	1	0
VKORC1	1	frac_non_diploid	0.12734502615209464	0.09448578547032521	6	6	0.16666666666666666	0.0	0.16666666666666666	0.22239242133644802	1	0
VPS36	1	frac_non_diploid	0.12734502615209464	0.09448578547032521	6	6	0.16666666666666666	0.0	0.16666666666666666	0.22239242133644802	1	0
WDR1	3	frac_non_diploid	0.12734502615209464	0.09448578547032521	6	6	0.16666666666666666	0.0	0.16666666666666666	0.22239242133644802	1	0
WDR44	1	frac_non_diploid	0.12734502615209464	0.09448578547032521	6	6	0.16666666666666666	0.0	0.16666666666666666	0.22239242133644802	1	0
XPO1	2	frac_non_diploid	0.12734502615209464	0.09448578547032521	6	6	0.16666666666666666	0.0	0.16666666666666666	0.22239242133644802	1	0
XPOT	1	frac_non_diploid	0.12734502615209464	0.09448578547032521	6	6	0.16666666666666666	0.0	0.16666666666666666	0.22239242133644802	1	0
XRCC6P2	1	frac_non_diploid	0.12734502615209464	0.09448578547032521	6	6	0.16666666666666666	0.0	0.16666666666666666	0.22239242133644802	1	0
YBX3	1	frac_non_diploid	0.12734502615209464	0.09448578547032521	6	6	0.16666666666666666	0.0	0.16666666666666666	0.22239242133644802	1	0
ZCCHC7	1	frac_non_diploid	0.12734502615209464	0.09448578547032521	6	6	0.16666666666666666	0.0	0.16666666666666666	0.22239242133644802	1	0
ZNF451	1	frac_non_diploid	0.12734502615209464	0.09448578547032521	6	6	0.16666666666666666	0.0	0.16666666666666666	0.22239242133644802	1	0
ZNF611	1	frac_non_diploid	0.12734502615209464	0.09448578547032521	6	6	0.16666666666666666	0.0	0.16666666666666666	0.22239242133644802	1	0
ZNF677	1	frac_non_diploid	0.12734502615209464	0.09448578547032521	6	6	0.16666666666666666	0.0	0.16666666666666666	0.22239242133644802	1	0
ZNFX1	2	frac_non_diploid	0.12734502615209464	0.09448578547032521	6	6	0.3333333333333333	0.16666666666666666	0.16666666666666666	0.19264507794239583	1	1
NECTIN3	2	frac_non_diploid	0.12734502615209464	0.09448578547032521	6	6	0.6666666666666666	0.5	0.16666666666666663	0.15200309344504975	1	1
TASOR	2	frac_non_diploid	0.12734502615209464	0.09448578547032521	6	6	0.6666666666666666	0.5	0.16666666666666663	0.15200309344504975	1	1
ENSG00000274023	3	frac_non_diploid	0.12734502615209464	0.09448578547032521	6	6	1.3333333333333333	1.1666666666666667	0.16666666666666652	0.10691520391651158	2	3
TULP4	3	frac_non_diploid	0.12734502615209464	0.09448578547032521	6	6	1.3333333333333333	1.1666666666666667	0.16666666666666652	0.10691520391651158	2	3
AARS1	1	frac_non_diploid	0.12734502615209464	0.09448578547032521	6	6	0.0	0.0	0.0	0.0	0	0
ABCC3	2	frac_non_diploid	0.12734502615209464	0.09448578547032521	6	6	0.0	0.0	0.0	0.0	0	0
ABCC4	1	frac_non_diploid	0.12734502615209464	0.09448578547032521	6	6	0.0	0.0	0.0	0.0	0	0
ABHD12	2	frac_non_diploid	0.12734502615209464	0.09448578547032521	6	6	0.0	0.0	0.0	0.0	0	0
ABI2	1	frac_non_diploid	0.12734502615209464	0.09448578547032521	6	6	0.0	0.0	0.0	0.0	0	0
ABL2	1	frac_non_diploid	0.12734502615209464	0.09448578547032521	6	6	0.0	0.0	0.0	0.0	0	0
ABLIM3	1	frac_non_diploid	0.12734502615209464	0.09448578547032521	6	6	0.0	0.0	0.0	0.0	0	0
ACIN1	1	frac_non_diploid	0.12734502615209464	0.09448578547032521	6	6	0.0	0.0	0.0	0.0	0	0
ACOX1	1	frac_non_diploid	0.12734502615209464	0.09448578547032521	6	6	0.0	0.0	0.0	0.0	0	0
ACTA2-AS1	1	frac_non_diploid	0.12734502615209464	0.09448578547032521	6	6	0.0	0.0	0.0	0.0	0	0
ACTG1	3	frac_non_diploid	0.12734502615209464	0.09448578547032521	6	6	0.0	0.0	0.0	0.0	0	0
ACTN4	2	frac_non_diploid	0.12734502615209464	0.09448578547032521	6	6	0.0	0.0	0.0	0.0	0	0
ACTR3B	1	frac_non_diploid	0.12734502615209464	0.09448578547032521	6	6	0.0	0.0	0.0	0.0	0	0
ADAM10	1	frac_non_diploid	0.12734502615209464	0.09448578547032521	6	6	0.0	0.0	0.0	0.0	0	0
ADAM19	1	frac_non_diploid	0.12734502615209464	0.09448578547032521	6	6	0.0	0.0	0.0	0.0	0	0
ADAMTSL1	1	frac_non_diploid	0.12734502615209464	0.09448578547032521	6	6	0.0	0.0	0.0	0.0	0	0
ADCK1	1	frac_non_diploid	0.12734502615209464	0.09448578547032521	6	6	0.0	0.0	0.0	0.0	0	0
AEBP2	1	frac_non_diploid	0.12734502615209464	0.09448578547032521	6	6	0.0	0.0	0.0	0.0	0	0
AFF1	1	frac_non_diploid	0.12734502615209464	0.09448578547032521	6	6	0.0	0.0	0.0	0.0	0	0
AFF3	1	frac_non_diploid	0.12734502615209464	0.09448578547032521	6	6	0.0	0.0	0.0	0.0	0	0
AKAP9	1	frac_non_diploid	0.12734502615209464	0.09448578547032521	6	6	0.0	0.0	0.0	0.0	0	0
AKR1A1	1	frac_non_diploid	0.12734502615209464	0.09448578547032521	6	6	0.0	0.0	0.0	0.0	0	0
AKR7A2	1	frac_non_diploid	0.12734502615209464	0.09448578547032521	6	6	0.0	0.0	0.0	0.0	0	0
AKR7A3	1	frac_non_diploid	0.12734502615209464	0.09448578547032521	6	6	0.0	0.0	0.0	0.0	0	0
AKR7L	2	frac_non_diploid	0.12734502615209464	0.09448578547032521	6	6	0.0	0.0	0.0	0.0	0	0
AKT1	1	frac_non_diploid	0.12734502615209464	0.09448578547032521	6	6	0.0	0.0	0.0	0.0	0	0
ALG9	1	frac_non_diploid	0.12734502615209464	0.09448578547032521	6	6	0.0	0.0	0.0	0.0	0	0
ALG9-IT1	1	frac_non_diploid	0.12734502615209464	0.09448578547032521	6	6	0.0	0.0	0.0	0.0	0	0
AMOTL2	3	frac_non_diploid	0.12734502615209464	0.09448578547032521	6	6	0.0	0.0	0.0	0.0	0	0
ANKHD1	1	frac_non_diploid	0.12734502615209464	0.09448578547032521	6	6	0.0	0.0	0.0	0.0	0	0
ANKHD1-EIF4EBP3	1	frac_non_diploid	0.12734502615209464	0.09448578547032521	6	6	0.0	0.0	0.0	0.0	0	0
ANKRD28	1	frac_non_diploid	0.12734502615209464	0.09448578547032521	6	6	0.0	0.0	0.0	0.0	0	0
ANKUB1	1	frac_non_diploid	0.12734502615209464	0.09448578547032521	6	6	0.0	0.0	0.0	0.0	0	0
AP2M1	2	frac_non_diploid	0.12734502615209464	0.09448578547032521	6	6	0.0	0.0	0.0	0.0	0	0
APP	1	frac_non_diploid	0.12734502615209464	0.09448578547032521	6	6	0.0	0.0	0.0	0.0	0	0
APRT	1	frac_non_diploid	0.12734502615209464	0.09448578547032521	6	6	0.0	0.0	0.0	0.0	0	0
ARHGAP1	1	frac_non_diploid	0.12734502615209464	0.09448578547032521	6	6	0.0	0.0	0.0	0.0	0	0
ARHGAP17	1	frac_non_diploid	0.12734502615209464	0.09448578547032521	6	6	0.0	0.0	0.0	0.0	0	0
ARHGAP4	1	frac_non_diploid	0.12734502615209464	0.09448578547032521	6	6	0.0	0.0	0.0	0.0	0	0
ARHGDIA	1	frac_non_diploid	0.12734502615209464	0.09448578547032521	6	6	0.0	0.0	0.0	0.0	0	0
ARL3	1	frac_non_diploid	0.12734502615209464	0.09448578547032521	6	6	0.0	0.0	0.0	0.0	0	0
ASCC2	1	frac_non_diploid	0.12734502615209464	0.09448578547032521	6	6	0.0	0.0	0.0	0.0	0	0
ASH2L	1	frac_non_diploid	0.12734502615209464	0.09448578547032521	6	6	0.0	0.0	0.0	0.0	0	0
ASXL2	1	frac_non_diploid	0.12734502615209464	0.09448578547032521	6	6	0.0	0.0	0.0	0.0	0	0
ATE1	1	frac_non_diploid	0.12734502615209464	0.09448578547032521	6	6	0.0	0.0	0.0	0.0	0	0
ATG16L2	1	frac_non_diploid	0.12734502615209464	0.09448578547032521	6	6	0.0	0.0	0.0	0.0	0	0
ATM	1	frac_non_diploid	0.12734502615209464	0.09448578547032521	6	6	0.0	0.0	0.0	0.0	0	0
ATN1	1	frac_non_diploid	0.12734502615209464	0.09448578547032521	6	6	0.0	0.0	0.0	0.0	0	0
ATP2A2	1	frac_non_diploid	0.12734502615209464	0.09448578547032521	6	6	0.0	0.0	0.0	0.0	0	0
ATP5F1B	1	frac_non_diploid	0.12734502615209464	0.09448578547032521	6	6	0.0	0.0	0.0	0.0	0	0
ATP5F1C	1	frac_non_diploid	0.12734502615209464	0.09448578547032521	6	6	0.16666666666666666	0.16666666666666666	0.0	0.0	1	1
ATP6V1A	1	frac_non_diploid	0.12734502615209464	0.09448578547032521	6	6	0.0	0.0	0.0	0.0	0	0
ATP8B4	1	frac_non_diploid	0.12734502615209464	0.09448578547032521	6	6	0.0	0.0	0.0	0.0	0	0
ATRNL1	1	frac_non_diploid	0.12734502615209464	0.09448578547032521	6	6	0.0	0.0	0.0	0.0	0	0
ATXN7L1	1	frac_non_diploid	0.12734502615209464	0.09448578547032521	6	6	0.0	0.0	0.0	0.0	0	0
BACE2	1	frac_non_diploid	0.12734502615209464	0.09448578547032521	6	6	0.0	0.0	0.0	0.0	0	0
BAIAP2	1	frac_non_diploid	0.12734502615209464	0.09448578547032521	6	6	0.0	0.0	0.0	0.0	0	0
BAZ1A	1	frac_non_diploid	0.12734502615209464	0.09448578547032521	6	6	0.0	0.0	0.0	0.0	0	0
BAZ2B	1	frac_non_diploid	0.12734502615209464	0.09448578547032521	6	6	0.0	0.0	0.0	0.0	0	0
BCAR3	1	frac_non_diploid	0.12734502615209464	0.09448578547032521	6	6	0.0	0.0	0.0	0.0	0	0
BICC1	1	frac_non_diploid	0.12734502615209464	0.09448578547032521	6	6	0.0	0.0	0.0	0.0	0	0
BLMH	1	frac_non_diploid	0.12734502615209464	0.09448578547032521	6	6	0.0	0.0	0.0	0.0	0	0
BLTP3B	1	frac_non_diploid	0.12734502615209464	0.09448578547032521	6	6	0.0	0.0	0.0	0.0	0	0
BMP2K	1	frac_non_diploid	0.12734502615209464	0.09448578547032521	6	6	0.0	0.0	0.0	0.0	0	0
BOD1L1	1	frac_non_diploid	0.12734502615209464	0.09448578547032521	6	6	0.0	0.0	0.0	0.0	0	0
BORCS5	1	frac_non_diploid	0.12734502615209464	0.09448578547032521	6	6	0.0	0.0	0.0	0.0	0	0
BRAF	1	frac_non_diploid	0.12734502615209464	0.09448578547032521	6	6	0.0	0.0	0.0	0.0	0	0
BRWD1	1	frac_non_diploid	0.12734502615209464	0.09448578547032521	6	6	0.0	0.0	0.0	0.0	0	0
BUB1	1	frac_non_diploid	0.12734502615209464	0.09448578547032521	6	6	0.0	0.0	0.0	0.0	0	0
C12orf4	1	frac_non_diploid	0.12734502615209464	0.09448578547032521	6	6	0.0	0.0	0.0	0.0	0	0
C18orf32	1	frac_non_diploid	0.12734502615209464	0.09448578547032521	6	6	0.0	0.0	0.0	0.0	0	0
C22orf39	1	frac_non_diploid	0.12734502615209464	0.09448578547032521	6	6	0.0	0.0	0.0	0.0	0	0
C2CD2	1	frac_non_diploid	0.12734502615209464	0.09448578547032521	6	6	0.0	0.0	0.0	0.0	0	0
C2orf92	1	frac_non_diploid	0.12734502615209464	0.09448578547032521	6	6	0.0	0.0	0.0	0.0	0	0
C5orf22	1	frac_non_diploid	0.12734502615209464	0.09448578547032521	6	6	0.0	0.0	0.0	0.0	0	0
C9	1	frac_non_diploid	0.12734502615209464	0.09448578547032521	6	6	0.0	0.0	0.0	0.0	0	0
CACNA1A	2	frac_non_diploid	0.12734502615209464	0.09448578547032521	6	6	0.0	0.0	0.0	0.0	0	0
CAMK2N1	1	frac_non_diploid	0.12734502615209464	0.09448578547032521	6	6	0.0	0.0	0.0	0.0	0	0
CAPRIN1	1	frac_non_diploid	0.12734502615209464	0.09448578547032521	6	6	0.0	0.0	0.0	0.0	0	0
CAST	1	frac_non_diploid	0.12734502615209464	0.09448578547032521	6	6	0.0	0.0	0.0	0.0	0	0
CAV1	1	frac_non_diploid	0.12734502615209464	0.09448578547032521	6	6	0.0	0.0	0.0	0.0	0	0
CCDC7	1	frac_non_diploid	0.12734502615209464	0.09448578547032521	6	6	0.0	0.0	0.0	0.0	0	0
CCNF	1	frac_non_diploid	0.12734502615209464	0.09448578547032521	6	6	0.0	0.0	0.0	0.0	0	0
CCNY	2	frac_non_diploid	0.12734502615209464	0.09448578547032521	6	6	0.16666666666666666	0.16666666666666666	0.0	0.0	1	1
CCT7	1	frac_non_diploid	0.12734502615209464	0.09448578547032521	6	6	0.0	0.0	0.0	0.0	0	0
CD2BP2	1	frac_non_diploid	0.12734502615209464	0.09448578547032521	6	6	0.0	0.0	0.0	0.0	0	0
CD44	1	frac_non_diploid	0.12734502615209464	0.09448578547032521	6	6	0.0	0.0	0.0	0.0	0	0
CDC16	1	frac_non_diploid	0.12734502615209464	0.09448578547032521	6	6	0.0	0.0	0.0	0.0	0	0
CDC23	1	frac_non_diploid	0.12734502615209464	0.09448578547032521	6	6	0.0	0.0	0.0	0.0	0	0
CDC73	1	frac_non_diploid	0.12734502615209464	0.09448578547032521	6	6	0.0	0.0	0.0	0.0	0	0
CDH2	1	frac_non_diploid	0.12734502615209464	0.09448578547032521	6	6	0.0	0.0	0.0	0.0	0	0
CDKN1A	2	frac_non_diploid	0.12734502615209464	0.09448578547032521	6	6	0.16666666666666666	0.16666666666666666	0.0	0.0	1	1
CDYL2	1	frac_non_diploid	0.12734502615209464	0.09448578547032521	6	6	0.0	0.0	0.0	0.0	0	0
CEACAMP9	1	frac_non_diploid	0.12734502615209464	0.09448578547032521	6	6	0.0	0.0	0.0	0.0	0	0
CEP104	1	frac_non_diploid	0.12734502615209464	0.09448578547032521	6	6	0.0	0.0	0.0	0.0	0	0
CEP192	2	frac_non_diploid	0.12734502615209464	0.09448578547032521	6	6	0.0	0.0	0.0	0.0	0	0
CEP295	2	frac_non_diploid	0.12734502615209464	0.09448578547032521	6	6	0.0	0.0	0.0	0.0	0	0
CEP70	1	frac_non_diploid	0.12734502615209464	0.09448578547032521	6	6	0.0	0.0	0.0	0.0	0	0
CEP85	1	frac_non_diploid	0.12734502615209464	0.09448578547032521	6	6	0.0	0.0	0.0	0.0	0	0
CHD2	4	frac_non_diploid	0.12734502615209464	0.09448578547032521	6	6	0.16666666666666666	0.16666666666666666	0.0	0.0	1	1
CHST12	1	frac_non_diploid	0.12734502615209464	0.09448578547032521	6	6	0.0	0.0	0.0	0.0	0	0
CIZ1	1	frac_non_diploid	0.12734502615209464	0.09448578547032521	6	6	0.0	0.0	0.0	0.0	0	0
CKAP4	4	frac_non_diploid	0.12734502615209464	0.09448578547032521	6	6	0.0	0.0	0.0	0.0	0	0
CKB	1	frac_non_diploid	0.12734502615209464	0.09448578547032521	6	6	0.0	0.0	0.0	0.0	0	0
CLIP4	1	frac_non_diploid	0.12734502615209464	0.09448578547032521	6	6	0.0	0.0	0.0	0.0	0	0
CLK1	1	frac_non_diploid	0.12734502615209464	0.09448578547032521	6	6	0.0	0.0	0.0	0.0	0	0
CLSTN1	1	frac_non_diploid	0.12734502615209464	0.09448578547032521	6	6	0.0	0.0	0.0	0.0	0	0
CMTM7	1	frac_non_diploid	0.12734502615209464	0.09448578547032521	6	6	0.0	0.0	0.0	0.0	0	0
CNOT11	1	frac_non_diploid	0.12734502615209464	0.09448578547032521	6	6	0.0	0.0	0.0	0.0	0	0
CNOT6L	1	frac_non_diploid	0.12734502615209464	0.09448578547032521	6	6	0.0	0.0	0.0	0.0	0	0
CNP	1	frac_non_diploid	0.12734502615209464	0.09448578547032521	6	6	0.0	0.0	0.0	0.0	0	0
CNST	1	frac_non_diploid	0.12734502615209464	0.09448578547032521	6	6	0.0	0.0	0.0	0.0	0	0
COL4A1	1	frac_non_diploid	0.12734502615209464	0.09448578547032521	6	6	0.0	0.0	0.0	0.0	0	0
COL5A1	2	frac_non_diploid	0.12734502615209464	0.09448578547032521	6	6	0.0	0.0	0.0	0.0	0	0
COMMD7	1	frac_non_diploid	0.12734502615209464	0.09448578547032521	6	6	0.0	0.0	0.0	0.0	0	0
COP1	1	frac_non_diploid	0.12734502615209464	0.09448578547032521	6	6	0.0	0.0	0.0	0.0	0	0
COX8A	2	frac_non_diploid	0.12734502615209464	0.09448578547032521	6	6	0.16666666666666666	0.16666666666666666	0.0	0.0	1	1
CREB3L1	1	frac_non_diploid	0.12734502615209464	0.09448578547032521	6	6	0.0	0.0	0.0	0.0	0	0
CRELD2	1	frac_non_diploid	0.12734502615209464	0.09448578547032521	6	6	0.0	0.0	0.0	0.0	0	0
CRTC3	1	frac_non_diploid	0.12734502615209464	0.09448578547032521	6	6	0.0	0.0	0.0	0.0	0	0
CSNK1E	1	frac_non_diploid	0.12734502615209464	0.09448578547032521	6	6	0.0	0.0	0.0	0.0	0	0
CSNK1G1	1	frac_non_diploid	0.12734502615209464	0.09448578547032521	6	6	0.0	0.0	0.0	0.0	0	0
CSNK1G3	2	frac_non_diploid	0.12734502615209464	0.09448578547032521	6	6	0.16666666666666666	0.16666666666666666	0.0	0.0	1	1
CTCF	1	frac_non_diploid	0.12734502615209464	0.09448578547032521	6	6	0.0	0.0	0.0	0.0	0	0
CTSB	2	frac_non_diploid	0.12734502615209464	0.09448578547032521	6	6	0.0	0.0	0.0	0.0	0	0
CUL1	1	frac_non_diploid	0.12734502615209464	0.09448578547032521	6	6	0.0	0.0	0.0	0.0	0	0
CUL4A	1	frac_non_diploid	0.12734502615209464	0.09448578547032521	6	6	0.0	0.0	0.0	0.0	0	0
DAZAP2	1	frac_non_diploid	0.12734502615209464	0.09448578547032521	6	6	0.0	0.0	0.0	0.0	0	0
DCAF5	1	frac_non_diploid	0.12734502615209464	0.09448578547032521	6	6	0.0	0.0	0.0	0.0	0	0
DDA1	1	frac_non_diploid	0.12734502615209464	0.09448578547032521	6	6	0.0	0.0	0.0	0.0	0	0
DDB1	2	frac_non_diploid	0.12734502615209464	0.09448578547032521	6	6	0.16666666666666666	0.16666666666666666	0.0	0.0	1	1
DDX17	1	frac_non_diploid	0.12734502615209464	0.09448578547032521	6	6	0.0	0.0	0.0	0.0	0	0
DDX46	1	frac_non_diploid	0.12734502615209464	0.09448578547032521	6	6	0.0	0.0	0.0	0.0	0	0
DENND3	1	frac_non_diploid	0.12734502615209464	0.09448578547032521	6	6	0.0	0.0	0.0	0.0	0	0
DENND4C	3	frac_non_diploid	0.12734502615209464	0.09448578547032521	6	6	0.16666666666666666	0.16666666666666666	0.0	0.0	1	1
DERL2	1	frac_non_diploid	0.12734502615209464	0.09448578547032521	6	6	0.0	0.0	0.0	0.0	0	0
DGKI	1	frac_non_diploid	0.12734502615209464	0.09448578547032521	6	6	0.0	0.0	0.0	0.0	0	0
DHDDS	1	frac_non_diploid	0.12734502615209464	0.09448578547032521	6	6	0.0	0.0	0.0	0.0	0	0
DIAPH3	2	frac_non_diploid	0.12734502615209464	0.09448578547032521	6	6	0.5	0.5	0.0	0.0	1	1
DIP2C	1	frac_non_diploid	0.12734502615209464	0.09448578547032521	6	6	0.0	0.0	0.0	0.0	0	0
DLC1	1	frac_non_diploid	0.12734502615209464	0.09448578547032521	6	6	0.0	0.0	0.0	0.0	0	0
DLG4	1	frac_non_diploid	0.12734502615209464	0.09448578547032521	6	6	0.0	0.0	0.0	0.0	0	0
DNAH5	1	frac_non_diploid	0.12734502615209464	0.09448578547032521	6	6	0.0	0.0	0.0	0.0	0	0
DNMBP	1	frac_non_diploid	0.12734502615209464	0.09448578547032521	6	6	0.0	0.0	0.0	0.0	0	0
DPY30	1	frac_non_diploid	0.12734502615209464	0.09448578547032521	6	6	0.0	0.0	0.0	0.0	0	0
ECPAS	1	frac_non_diploid	0.12734502615209464	0.09448578547032521	6	6	0.0	0.0	0.0	0.0	0	0
EDC4	1	frac_non_diploid	0.12734502615209464	0.09448578547032521	6	6	0.0	0.0	0.0	0.0	0	0
EFCAB13	1	frac_non_diploid	0.12734502615209464	0.09448578547032521	6	6	0.0	0.0	0.0	0.0	0	0
EFEMP2	1	frac_non_diploid	0.12734502615209464	0.09448578547032521	6	6	0.0	0.0	0.0	0.0	0	0
EFHC1	1	frac_non_diploid	0.12734502615209464	0.09448578547032521	6	6	0.0	0.0	0.0	0.0	0	0
EFTUD2	1	frac_non_diploid	0.12734502615209464	0.09448578547032521	6	6	0.0	0.0	0.0	0.0	0	0
EHBP1	1	frac_non_diploid	0.12734502615209464	0.09448578547032521	6	6	0.0	0.0	0.0	0.0	0	0
EIF2AK4	1	frac_non_diploid	0.12734502615209464	0.09448578547032521	6	6	0.0	0.0	0.0	0.0	0	0
EIF2B3	1	frac_non_diploid	0.12734502615209464	0.09448578547032521	6	6	0.0	0.0	0.0	0.0	0	0
EIF3A	1	frac_non_diploid	0.12734502615209464	0.09448578547032521	6	6	0.0	0.0	0.0	0.0	0	0
EIF3G	1	frac_non_diploid	0.12734502615209464	0.09448578547032521	6	6	0.0	0.0	0.0	0.0	0	0
EIF4G1	1	frac_non_diploid	0.12734502615209464	0.09448578547032521	6	6	0.0	0.0	0.0	0.0	0	0
EIF6	2	frac_non_diploid	0.12734502615209464	0.09448578547032521	6	6	0.0	0.0	0.0	0.0	0	0
ELP3	1	frac_non_diploid	0.12734502615209464	0.09448578547032521	6	6	0.0	0.0	0.0	0.0	0	0
ENSG00000196826	1	frac_non_diploid	0.12734502615209464	0.09448578547032521	6	6	0.0	0.0	0.0	0.0	0	0
ENSG00000201500	4	frac_non_diploid	0.12734502615209464	0.09448578547032521	6	6	0.16666666666666666	0.16666666666666666	0.0	0.0	1	1
ENSG00000214093	1	frac_non_diploid	0.12734502615209464	0.09448578547032521	6	6	0.0	0.0	0.0	0.0	0	0
ENSG00000221083	1	frac_non_diploid	0.12734502615209464	0.09448578547032521	6	6	0.0	0.0	0.0	0.0	0	0
ENSG00000224014	1	frac_non_diploid	0.12734502615209464	0.09448578547032521	6	6	0.0	0.0	0.0	0.0	0	0
ENSG00000227678	1	frac_non_diploid	0.12734502615209464	0.09448578547032521	6	6	0.0	0.0	0.0	0.0	0	0
ENSG00000232750	1	frac_non_diploid	0.12734502615209464	0.09448578547032521	6	6	0.0	0.0	0.0	0.0	0	0
ENSG00000232811	1	frac_non_diploid	0.12734502615209464	0.09448578547032521	6	6	0.0	0.0	0.0	0.0	0	0
ENSG00000233250	1	frac_non_diploid	0.12734502615209464	0.09448578547032521	6	6	0.0	0.0	0.0	0.0	0	0
ENSG00000234405	1	frac_non_diploid	0.12734502615209464	0.09448578547032521	6	6	0.0	0.0	0.0	0.0	0	0
ENSG00000234961	3	frac_non_diploid	0.12734502615209464	0.09448578547032521	6	6	0.16666666666666666	0.16666666666666666	0.0	0.0	1	1
ENSG00000235609	1	frac_non_diploid	0.12734502615209464	0.09448578547032521	6	6	0.0	0.0	0.0	0.0	0	0
ENSG00000236395	1	frac_non_diploid	0.12734502615209464	0.09448578547032521	6	6	0.0	0.0	0.0	0.0	0	0
ENSG00000240015	1	frac_non_diploid	0.12734502615209464	0.09448578547032521	6	6	0.0	0.0	0.0	0.0	0	0
ENSG00000242588	1	frac_non_diploid	0.12734502615209464	0.09448578547032521	6	6	0.0	0.0	0.0	0.0	0	0
ENSG00000245025	1	frac_non_diploid	0.12734502615209464	0.09448578547032521	6	6	0.0	0.0	0.0	0.0	0	0
ENSG00000245261	1	frac_non_diploid	0.12734502615209464	0.09448578547032521	6	6	0.0	0.0	0.0	0.0	0	0
ENSG00000250195	1	frac_non_diploid	0.12734502615209464	0.09448578547032521	6	6	0.0	0.0	0.0	0.0	0	0
ENSG00000250349	1	frac_non_diploid	0.12734502615209464	0.09448578547032521	6	6	0.0	0.0	0.0	0.0	0	0
ENSG00000251194	1	frac_non_diploid	0.12734502615209464	0.09448578547032521	6	6	0.0	0.0	0.0	0.0	0	0
ENSG00000251456	1	frac_non_diploid	0.12734502615209464	0.09448578547032521	6	6	0.0	0.0	0.0	0.0	0	0
ENSG00000253966	1	frac_non_diploid	0.12734502615209464	0.09448578547032521	6	6	0.0	0.0	0.0	0.0	0	0
ENSG00000254873	1	frac_non_diploid	0.12734502615209464	0.09448578547032521	6	6	0.0	0.0	0.0	0.0	0	0
ENSG00000255745	1	frac_non_diploid	0.12734502615209464	0.09448578547032521	6	6	0.0	0.0	0.0	0.0	0	0
ENSG00000255872	1	frac_non_diploid	0.12734502615209464	0.09448578547032521	6	6	0.0	0.0	0.0	0.0	0	0
ENSG00000256100	2	frac_non_diploid	0.12734502615209464	0.09448578547032521	6	6	0.16666666666666666	0.16666666666666666	0.0	0.0	1	1
ENSG00000258344	1	frac_non_diploid	0.12734502615209464	0.09448578547032521	6	6	0.0	0.0	0.0	0.0	0	0
ENSG00000258355	1	frac_non_diploid	0.12734502615209464	0.09448578547032521	6	6	0.0	0.0	0.0	0.0	0	0
ENSG00000258529	1	frac_non_diploid	0.12734502615209464	0.09448578547032521	6	6	0.0	0.0	0.0	0.0	0	0
ENSG00000258539	1	frac_non_diploid	0.12734502615209464	0.09448578547032521	6	6	0.0	0.0	0.0	0.0	0	0
ENSG00000259316	1	frac_non_diploid	0.12734502615209464	0.09448578547032521	6	6	0.0	0.0	0.0	0.0	0	0
ENSG00000259923	1	frac_non_diploid	0.12734502615209464	0.09448578547032521	6	6	0.16666666666666666	0.16666666666666666	0.0	0.0	1	1
ENSG00000261582	2	frac_non_diploid	0.12734502615209464	0.09448578547032521	6	6	0.0	0.0	0.0	0.0	0	0
ENSG00000262038	1	frac_non_diploid	0.12734502615209464	0.09448578547032521	6	6	0.0	0.0	0.0	0.0	0	0
ENSG00000267009	1	frac_non_diploid	0.12734502615209464	0.09448578547032521	6	6	0.0	0.0	0.0	0.0	0	0
ENSG00000267022	2	frac_non_diploid	0.12734502615209464	0.09448578547032521	6	6	0.0	0.0	0.0	0.0	0	0
ENSG00000269693	1	frac_non_diploid	0.12734502615209464	0.09448578547032521	6	6	0.0	0.0	0.0	0.0	0	0
ENSG00000271128	1	frac_non_diploid	0.12734502615209464	0.09448578547032521	6	6	0.0	0.0	0.0	0.0	0	0
ENSG00000272574	1	frac_non_diploid	0.12734502615209464	0.09448578547032521	6	6	0.0	0.0	0.0	0.0	0	0
ENSG00000272772	1	frac_non_diploid	0.12734502615209464	0.09448578547032521	6	6	0.0	0.0	0.0	0.0	0	0
ENSG00000273035	1	frac_non_diploid	0.12734502615209464	0.09448578547032521	6	6	0.0	0.0	0.0	0.0	0	0
ENSG00000274578	1	frac_non_diploid	0.12734502615209464	0.09448578547032521	6	6	0.0	0.0	0.0	0.0	0	0
ENSG00000274591	1	frac_non_diploid	0.12734502615209464	0.09448578547032521	6	6	0.0	0.0	0.0	0.0	0	0
ENSG00000275322	1	frac_non_diploid	0.12734502615209464	0.09448578547032521	6	6	0.0	0.0	0.0	0.0	0	0
ENSG00000279133	1	frac_non_diploid	0.12734502615209464	0.09448578547032521	6	6	0.0	0.0	0.0	0.0	0	0
ENSG00000279481	1	frac_non_diploid	0.12734502615209464	0.09448578547032521	6	6	0.0	0.0	0.0	0.0	0	0
ENSG00000279500	1	frac_non_diploid	0.12734502615209464	0.09448578547032521	6	6	0.0	0.0	0.0	0.0	0	0
ENSG00000279786	1	frac_non_diploid	0.12734502615209464	0.09448578547032521	6	6	0.0	0.0	0.0	0.0	0	0
ENSG00000280238	1	frac_non_diploid	0.12734502615209464	0.09448578547032521	6	6	0.0	0.0	0.0	0.0	0	0
ENSG00000280828	1	frac_non_diploid	0.12734502615209464	0.09448578547032521	6	6	0.0	0.0	0.0	0.0	0	0
ENSG00000283549	1	frac_non_diploid	0.12734502615209464	0.09448578547032521	6	6	0.0	0.0	0.0	0.0	0	0
ENSG00000283563	2	frac_non_diploid	0.12734502615209464	0.09448578547032521	6	6	0.0	0.0	0.0	0.0	0	0
ENSG00000283743	1	frac_non_diploid	0.12734502615209464	0.09448578547032521	6	6	0.0	0.0	0.0	0.0	0	0
ENSG00000284738	1	frac_non_diploid	0.12734502615209464	0.09448578547032521	6	6	0.0	0.0	0.0	0.0	0	0
ENSG00000285382	1	frac_non_diploid	0.12734502615209464	0.09448578547032521	6	6	0.0	0.0	0.0	0.0	0	0
ENSG00000285733	1	frac_non_diploid	0.12734502615209464	0.09448578547032521	6	6	0.0	0.0	0.0	0.0	0	0
ENSG00000285991	1	frac_non_diploid	0.12734502615209464	0.09448578547032521	6	6	0.0	0.0	0.0	0.0	0	0
ENSG00000288637	1	frac_non_diploid	0.12734502615209464	0.09448578547032521	6	6	0.0	0.0	0.0	0.0	0	0
ENSG00000290315	1	frac_non_diploid	0.12734502615209464	0.09448578547032521	6	6	0.0	0.0	0.0	0.0	0	0
ENSG00000290318	2	frac_non_diploid	0.12734502615209464	0.09448578547032521	6	6	0.16666666666666666	0.16666666666666666	0.0	0.0	1	1
ENSG00000291095	1	frac_non_diploid	0.12734502615209464	0.09448578547032521	6	6	0.16666666666666666	0.16666666666666666	0.0	0.0	1	1
ENSG00000291234	1	frac_non_diploid	0.12734502615209464	0.09448578547032521	6	6	0.0	0.0	0.0	0.0	0	0
ENSG00000291314	1	frac_non_diploid	0.12734502615209464	0.09448578547032521	6	6	0.0	0.0	0.0	0.0	0	0
ENSG00000293512	1	frac_non_diploid	0.12734502615209464	0.09448578547032521	6	6	0.0	0.0	0.0	0.0	0	0
ENSG00000293552	1	frac_non_diploid	0.12734502615209464	0.09448578547032521	6	6	0.0	0.0	0.0	0.0	0	0
EP300	1	frac_non_diploid	0.12734502615209464	0.09448578547032521	6	6	0.0	0.0	0.0	0.0	0	0
EPC1	1	frac_non_diploid	0.12734502615209464	0.09448578547032521	6	6	0.0	0.0	0.0	0.0	0	0
EPG5	1	frac_non_diploid	0.12734502615209464	0.09448578547032521	6	6	0.0	0.0	0.0	0.0	0	0
EPHA2	1	frac_non_diploid	0.12734502615209464	0.09448578547032521	6	6	0.0	0.0	0.0	0.0	0	0
EPHB4	1	frac_non_diploid	0.12734502615209464	0.09448578547032521	6	6	0.0	0.0	0.0	0.0	0	0
EPS15	1	frac_non_diploid	0.12734502615209464	0.09448578547032521	6	6	0.0	0.0	0.0	0.0	0	0
ERCC2	1	frac_non_diploid	0.12734502615209464	0.09448578547032521	6	6	0.0	0.0	0.0	0.0	0	0
ERCC6L2	1	frac_non_diploid	0.12734502615209464	0.09448578547032521	6	6	0.0	0.0	0.0	0.0	0	0
ESYT2	1	frac_non_diploid	0.12734502615209464	0.09448578547032521	6	6	0.0	0.0	0.0	0.0	0	0
ETS1	1	frac_non_diploid	0.12734502615209464	0.09448578547032521	6	6	0.0	0.0	0.0	0.0	0	0
ETV7	1	frac_non_diploid	0.12734502615209464	0.09448578547032521	6	6	0.0	0.0	0.0	0.0	0	0
EXT1	2	frac_non_diploid	0.12734502615209464	0.09448578547032521	6	6	0.0	0.0	0.0	0.0	0	0
EXT2	1	frac_non_diploid	0.12734502615209464	0.09448578547032521	6	6	0.0	0.0	0.0	0.0	0	0
FAM193B	2	frac_non_diploid	0.12734502615209464	0.09448578547032521	6	6	0.0	0.0	0.0	0.0	0	0
FAM219A	1	frac_non_diploid	0.12734502615209464	0.09448578547032521	6	6	0.0	0.0	0.0	0.0	0	0
FAM222B	1	frac_non_diploid	0.12734502615209464	0.09448578547032521	6	6	0.0	0.0	0.0	0.0	0	0
FAM53B	1	frac_non_diploid	0.12734502615209464	0.09448578547032521	6	6	0.0	0.0	0.0	0.0	0	0
FBXO22	2	frac_non_diploid	0.12734502615209464	0.09448578547032521	6	6	0.0	0.0	0.0	0.0	0	0
FBXW4	1	frac_non_diploid	0.12734502615209464	0.09448578547032521	6	6	0.0	0.0	0.0	0.0	0	0
FBXW8	2	frac_non_diploid	0.12734502615209464	0.09448578547032521	6	6	0.0	0.0	0.0	0.0	0	0
FER	1	frac_non_diploid	0.12734502615209464	0.09448578547032521	6	6	0.0	0.0	0.0	0.0	0	0
FGF5	1	frac_non_diploid	0.12734502615209464	0.09448578547032521	6	6	0.0	0.0	0.0	0.0	0	0
FHL2	1	frac_non_diploid	0.12734502615209464	0.09448578547032521	6	6	0.0	0.0	0.0	0.0	0	0
FLII	1	frac_non_diploid	0.12734502615209464	0.09448578547032521	6	6	0.0	0.0	0.0	0.0	0	0
FLNB	1	frac_non_diploid	0.12734502615209464	0.09448578547032521	6	6	0.0	0.0	0.0	0.0	0	0
FNDC3A	2	frac_non_diploid	0.12734502615209464	0.09448578547032521	6	6	0.16666666666666666	0.16666666666666666	0.0	0.0	1	1
FOXJ2	1	frac_non_diploid	0.12734502615209464	0.09448578547032521	6	6	0.0	0.0	0.0	0.0	0	0
FOXN2	1	frac_non_diploid	0.12734502615209464	0.09448578547032521	6	6	0.0	0.0	0.0	0.0	0	0
FRMD4A	5	frac_non_diploid	0.12734502615209464	0.09448578547032521	6	6	0.0	0.0	0.0	0.0	0	0
FRYL	1	frac_non_diploid	0.12734502615209464	0.09448578547032521	6	6	0.0	0.0	0.0	0.0	0	0
FSTL1	2	frac_non_diploid	0.12734502615209464	0.09448578547032521	6	6	0.16666666666666666	0.16666666666666666	0.0	0.0	1	1
FXR1	1	frac_non_diploid	0.12734502615209464	0.09448578547032521	6	6	0.0	0.0	0.0	0.0	0	0
FXYD5	1	frac_non_diploid	0.12734502615209464	0.09448578547032521	6	6	0.0	0.0	0.0	0.0	0	0
GABPB1	1	frac_non_diploid	0.12734502615209464	0.09448578547032521	6	6	0.0	0.0	0.0	0.0	0	0
GAPDHP1	1	frac_non_diploid	0.12734502615209464	0.09448578547032521	6	6	0.0	0.0	0.0	0.0	0	0
GARS1	1	frac_non_diploid	0.12734502615209464	0.09448578547032521	6	6	0.0	0.0	0.0	0.0	0	0
GAS6-AS1	1	frac_non_diploid	0.12734502615209464	0.09448578547032521	6	6	0.0	0.0	0.0	0.0	0	0
GAS8	1	frac_non_diploid	0.12734502615209464	0.09448578547032521	6	6	0.0	0.0	0.0	0.0	0	0
GBP1	1	frac_non_diploid	0.12734502615209464	0.09448578547032521	6	6	0.0	0.0	0.0	0.0	0	0
GFPT1	2	frac_non_diploid	0.12734502615209464	0.09448578547032521	6	6	0.16666666666666666	0.16666666666666666	0.0	0.0	1	1
GLCCI1	1	frac_non_diploid	0.12734502615209464	0.09448578547032521	6	6	0.0	0.0	0.0	0.0	0	0
GLS	1	frac_non_diploid	0.12734502615209464	0.09448578547032521	6	6	0.0	0.0	0.0	0.0	0	0
GMPPB	1	frac_non_diploid	0.12734502615209464	0.09448578547032521	6	6	0.0	0.0	0.0	0.0	0	0
GMPS	1	frac_non_diploid	0.12734502615209464	0.09448578547032521	6	6	0.0	0.0	0.0	0.0	0	0
GNA12	1	frac_non_diploid	0.12734502615209464	0.09448578547032521	6	6	0.0	0.0	0.0	0.0	0	0
GNB1	1	frac_non_diploid	0.12734502615209464	0.09448578547032521	6	6	0.0	0.0	0.0	0.0	0	0
GNB2	1	frac_non_diploid	0.12734502615209464	0.09448578547032521	6	6	0.0	0.0	0.0	0.0	0	0
GON4L	1	frac_non_diploid	0.12734502615209464	0.09448578547032521	6	6	0.0	0.0	0.0	0.0	0	0
GPC6	1	frac_non_diploid	0.12734502615209464	0.09448578547032521	6	6	0.0	0.0	0.0	0.0	0	0
GPR137B	1	frac_non_diploid	0.12734502615209464	0.09448578547032521	6	6	0.0	0.0	0.0	0.0	0	0
GPRC5A	1	frac_non_diploid	0.12734502615209464	0.09448578547032521	6	6	0.0	0.0	0.0	0.0	0	0
GPSM2	1	frac_non_diploid	0.12734502615209464	0.09448578547032521	6	6	0.0	0.0	0.0	0.0	0	0
GRK4	1	frac_non_diploid	0.12734502615209464	0.09448578547032521	6	6	0.0	0.0	0.0	0.0	0	0
GSDME	1	frac_non_diploid	0.12734502615209464	0.09448578547032521	6	6	0.0	0.0	0.0	0.0	0	0
GSK3A	1	frac_non_diploid	0.12734502615209464	0.09448578547032521	6	6	0.0	0.0	0.0	0.0	0	0
GSTP1	1	frac_non_diploid	0.12734502615209464	0.09448578547032521	6	6	0.0	0.0	0.0	0.0	0	0
GTF2I	1	frac_non_diploid	0.12734502615209464	0.09448578547032521	6	6	0.0	0.0	0.0	0.0	0	0
GTF3C1	1	frac_non_diploid	0.12734502615209464	0.09448578547032521	6	6	0.0	0.0	0.0	0.0	0	0
GTF3C2	1	frac_non_diploid	0.12734502615209464	0.09448578547032521	6	6	0.0	0.0	0.0	0.0	0	0
HAS2	1	frac_non_diploid	0.12734502615209464	0.09448578547032521	6	6	0.0	0.0	0.0	0.0	0	0
HDAC5	1	frac_non_diploid	0.12734502615209464	0.09448578547032521	6	6	0.0	0.0	0.0	0.0	0	0
HDGFL3	1	frac_non_diploid	0.12734502615209464	0.09448578547032521	6	6	0.0	0.0	0.0	0.0	0	0
HEATR1	1	frac_non_diploid	0.12734502615209464	0.09448578547032521	6	6	0.0	0.0	0.0	0.0	0	0
HECTD1	2	frac_non_diploid	0.12734502615209464	0.09448578547032521	6	6	0.0	0.0	0.0	0.0	0	0
HECTD4	1	frac_non_diploid	0.12734502615209464	0.09448578547032521	6	6	0.0	0.0	0.0	0.0	0	0
HECW1	1	frac_non_diploid	0.12734502615209464	0.09448578547032521	6	6	0.0	0.0	0.0	0.0	0	0
HELZ	1	frac_non_diploid	0.12734502615209464	0.09448578547032521	6	6	0.0	0.0	0.0	0.0	0	0
HGH1	1	frac_non_diploid	0.12734502615209464	0.09448578547032521	6	6	0.0	0.0	0.0	0.0	0	0
HGS	2	frac_non_diploid	0.12734502615209464	0.09448578547032521	6	6	0.0	0.0	0.0	0.0	0	0
HIGD1AP16	2	frac_non_diploid	0.12734502615209464	0.09448578547032521	6	6	0.0	0.0	0.0	0.0	0	0
HINFP	1	frac_non_diploid	0.12734502615209464	0.09448578547032521	6	6	0.0	0.0	0.0	0.0	0	0
HIRA	1	frac_non_diploid	0.12734502615209464	0.09448578547032521	6	6	0.0	0.0	0.0	0.0	0	0
HMGXB4	2	frac_non_diploid	0.12734502615209464	0.09448578547032521	6	6	0.0	0.0	0.0	0.0	0	0
HNRNPAB	1	frac_non_diploid	0.12734502615209464	0.09448578547032521	6	6	0.0	0.0	0.0	0.0	0	0
HNRNPCP1	1	frac_non_diploid	0.12734502615209464	0.09448578547032521	6	6	0.0	0.0	0.0	0.0	0	0
HOMER1	1	frac_non_diploid	0.12734502615209464	0.09448578547032521	6	6	0.0	0.0	0.0	0.0	0	0
HOMER3	1	frac_non_diploid	0.12734502615209464	0.09448578547032521	6	6	0.0	0.0	0.0	0.0	0	0
HOOK2	1	frac_non_diploid	0.12734502615209464	0.09448578547032521	6	6	0.0	0.0	0.0	0.0	0	0
HROB	1	frac_non_diploid	0.12734502615209464	0.09448578547032521	6	6	0.0	0.0	0.0	0.0	0	0
HSBP1P1	2	frac_non_diploid	0.12734502615209464	0.09448578547032521	6	6	0.16666666666666666	0.16666666666666666	0.0	0.0	1	1
HSD17B10	1	frac_non_diploid	0.12734502615209464	0.09448578547032521	6	6	0.0	0.0	0.0	0.0	0	0
HYCC2	1	frac_non_diploid	0.12734502615209464	0.09448578547032521	6	6	0.0	0.0	0.0	0.0	0	0
ID3	1	frac_non_diploid	0.12734502615209464	0.09448578547032521	6	6	0.0	0.0	0.0	0.0	0	0
IFT80	1	frac_non_diploid	0.12734502615209464	0.09448578547032521	6	6	0.0	0.0	0.0	0.0	0	0
IGF2BP2	1	frac_non_diploid	0.12734502615209464	0.09448578547032521	6	6	0.0	0.0	0.0	0.0	0	0
IGFBP4	2	frac_non_diploid	0.12734502615209464	0.09448578547032521	6	6	0.0	0.0	0.0	0.0	0	0
ILK	1	frac_non_diploid	0.12734502615209464	0.09448578547032521	6	6	0.0	0.0	0.0	0.0	0	0
IMMP1L	1	frac_non_diploid	0.12734502615209464	0.09448578547032521	6	6	0.0	0.0	0.0	0.0	0	0
INTS15	1	frac_non_diploid	0.12734502615209464	0.09448578547032521	6	6	0.0	0.0	0.0	0.0	0	0
IP6K1	1	frac_non_diploid	0.12734502615209464	0.09448578547032521	6	6	0.0	0.0	0.0	0.0	0	0
IQGAP2	1	frac_non_diploid	0.12734502615209464	0.09448578547032521	6	6	0.0	0.0	0.0	0.0	0	0
KARS1	1	frac_non_diploid	0.12734502615209464	0.09448578547032521	6	6	0.0	0.0	0.0	0.0	0	0
KATNAL1	1	frac_non_diploid	0.12734502615209464	0.09448578547032521	6	6	0.0	0.0	0.0	0.0	0	0
KCNK2	1	frac_non_diploid	0.12734502615209464	0.09448578547032521	6	6	0.0	0.0	0.0	0.0	0	0
KCNK6	1	frac_non_diploid	0.12734502615209464	0.09448578547032521	6	6	0.0	0.0	0.0	0.0	0	0
KCNMA1	1	frac_non_diploid	0.12734502615209464	0.09448578547032521	6	6	0.0	0.0	0.0	0.0	0	0
KDELR2	1	frac_non_diploid	0.12734502615209464	0.09448578547032521	6	6	0.0	0.0	0.0	0.0	0	0
KDM4C	1	frac_non_diploid	0.12734502615209464	0.09448578547032521	6	6	0.0	0.0	0.0	0.0	0	0
KDM5A	1	frac_non_diploid	0.12734502615209464	0.09448578547032521	6	6	0.0	0.0	0.0	0.0	0	0
KDSR	1	frac_non_diploid	0.12734502615209464	0.09448578547032521	6	6	0.0	0.0	0.0	0.0	0	0
KHDRBS1	1	frac_non_diploid	0.12734502615209464	0.09448578547032521	6	6	0.0	0.0	0.0	0.0	0	0
KIAA0586	3	frac_non_diploid	0.12734502615209464	0.09448578547032521	6	6	0.16666666666666666	0.16666666666666666	0.0	0.0	1	1
KIAA1191	1	frac_non_diploid	0.12734502615209464	0.09448578547032521	6	6	0.0	0.0	0.0	0.0	0	0
KIF13B	1	frac_non_diploid	0.12734502615209464	0.09448578547032521	6	6	0.0	0.0	0.0	0.0	0	0
KIF16B	1	frac_non_diploid	0.12734502615209464	0.09448578547032521	6	6	0.0	0.0	0.0	0.0	0	0
KLHL12	1	frac_non_diploid	0.12734502615209464	0.09448578547032521	6	6	0.0	0.0	0.0	0.0	0	0
KLHL21	1	frac_non_diploid	0.12734502615209464	0.09448578547032521	6	6	0.0	0.0	0.0	0.0	0	0
KLHL3	1	frac_non_diploid	0.12734502615209464	0.09448578547032521	6	6	0.0	0.0	0.0	0.0	0	0
KLHL8	2	frac_non_diploid	0.12734502615209464	0.09448578547032521	6	6	0.0	0.0	0.0	0.0	0	0
KMT2E	1	frac_non_diploid	0.12734502615209464	0.09448578547032521	6	6	0.0	0.0	0.0	0.0	0	0
KRT10-AS1	1	frac_non_diploid	0.12734502615209464	0.09448578547032521	6	6	0.0	0.0	0.0	0.0	0	0
KRT8P46	1	frac_non_diploid	0.12734502615209464	0.09448578547032521	6	6	0.0	0.0	0.0	0.0	0	0
LARP4B	3	frac_non_diploid	0.12734502615209464	0.09448578547032521	6	6	0.3333333333333333	0.3333333333333333	0.0	0.0	1	1
LCOR	1	frac_non_diploid	0.12734502615209464	0.09448578547032521	6	6	0.0	0.0	0.0	0.0	0	0
LETMD1	1	frac_non_diploid	0.12734502615209464	0.09448578547032521	6	6	0.0	0.0	0.0	0.0	0	0
LGALS1	2	frac_non_diploid	0.12734502615209464	0.09448578547032521	6	6	0.3333333333333333	0.3333333333333333	0.0	0.0	1	2
LINC01278	1	frac_non_diploid	0.12734502615209464	0.09448578547032521	6	6	0.0	0.0	0.0	0.0	0	0
LINC01605	1	frac_non_diploid	0.12734502615209464	0.09448578547032521	6	6	0.0	0.0	0.0	0.0	0	0
LITAF	1	frac_non_diploid	0.12734502615209464	0.09448578547032521	6	6	0.0	0.0	0.0	0.0	0	0
LOXL2	1	frac_non_diploid	0.12734502615209464	0.09448578547032521	6	6	0.0	0.0	0.0	0.0	0	0
LPAL2	1	frac_non_diploid	0.12734502615209464	0.09448578547032521	6	6	0.0	0.0	0.0	0.0	0	0
LRP1	2	frac_non_diploid	0.12734502615209464	0.09448578547032521	6	6	0.0	0.0	0.0	0.0	0	0
LRP11	1	frac_non_diploid	0.12734502615209464	0.09448578547032521	6	6	0.0	0.0	0.0	0.0	0	0
LRRC37A15P	1	frac_non_diploid	0.12734502615209464	0.09448578547032521	6	6	0.0	0.0	0.0	0.0	0	0
LTBP1	6	frac_non_diploid	0.12734502615209464	0.09448578547032521	6	6	0.5	0.5	0.0	0.0	1	2
LZIC	1	frac_non_diploid	0.12734502615209464	0.09448578547032521	6	6	0.0	0.0	0.0	0.0	0	0
MANBA	1	frac_non_diploid	0.12734502615209464	0.09448578547032521	6	6	0.0	0.0	0.0	0.0	0	0
MAP1LC3B	1	frac_non_diploid	0.12734502615209464	0.09448578547032521	6	6	0.0	0.0	0.0	0.0	0	0
MAP2K5	1	frac_non_diploid	0.12734502615209464	0.09448578547032521	6	6	0.0	0.0	0.0	0.0	0	0
MAP4K3	3	frac_non_diploid	0.12734502615209464	0.09448578547032521	6	6	0.0	0.0	0.0	0.0	0	0
MAP4K5	1	frac_non_diploid	0.12734502615209464	0.09448578547032521	6	6	0.0	0.0	0.0	0.0	0	0
MARCHF6	2	frac_non_diploid	0.12734502615209464	0.09448578547032521	6	6	0.0	0.0	0.0	0.0	0	0
MBOAT2	1	frac_non_diploid	0.12734502615209464	0.09448578547032521	6	6	0.0	0.0	0.0	0.0	0	0
MCU	1	frac_non_diploid	0.12734502615209464	0.09448578547032521	6	6	0.0	0.0	0.0	0.0	0	0
MED14	1	frac_non_diploid	0.12734502615209464	0.09448578547032521	6	6	0.0	0.0	0.0	0.0	0	0
MEMO1	1	frac_non_diploid	0.12734502615209464	0.09448578547032521	6	6	0.0	0.0	0.0	0.0	0	0
METTL3	1	frac_non_diploid	0.12734502615209464	0.09448578547032521	6	6	0.0	0.0	0.0	0.0	0	0
METTL5	1	frac_non_diploid	0.12734502615209464	0.09448578547032521	6	6	0.0	0.0	0.0	0.0	0	0
METTL9	1	frac_non_diploid	0.12734502615209464	0.09448578547032521	6	6	0.0	0.0	0.0	0.0	0	0
MGA	1	frac_non_diploid	0.12734502615209464	0.09448578547032521	6	6	0.0	0.0	0.0	0.0	0	0
MIB1	2	frac_non_diploid	0.12734502615209464	0.09448578547032521	6	6	0.3333333333333333	0.3333333333333333	0.0	0.0	1	1
MICAL2	1	frac_non_diploid	0.12734502615209464	0.09448578547032521	6	6	0.0	0.0	0.0	0.0	0	0
MICU3	1	frac_non_diploid	0.12734502615209464	0.09448578547032521	6	6	0.0	0.0	0.0	0.0	0	0
MID1	1	frac_non_diploid	0.12734502615209464	0.09448578547032521	6	6	0.0	0.0	0.0	0.0	0	0
MIER1	1	frac_non_diploid	0.12734502615209464	0.09448578547032521	6	6	0.0	0.0	0.0	0.0	0	0
MIGA1	1	frac_non_diploid	0.12734502615209464	0.09448578547032521	6	6	0.0	0.0	0.0	0.0	0	0
MIR101-2	1	frac_non_diploid	0.12734502615209464	0.09448578547032521	6	6	0.0	0.0	0.0	0.0	0	0
MIR3162	1	frac_non_diploid	0.12734502615209464	0.09448578547032521	6	6	0.0	0.0	0.0	0.0	0	0
MIR6748	1	frac_non_diploid	0.12734502615209464	0.09448578547032521	6	6	0.0	0.0	0.0	0.0	0	0
MIR6786	1	frac_non_diploid	0.12734502615209464	0.09448578547032521	6	6	0.0	0.0	0.0	0.0	0	0
MIR6854	1	frac_non_diploid	0.12734502615209464	0.09448578547032521	6	6	0.0	0.0	0.0	0.0	0	0
MMP1	1	frac_non_diploid	0.12734502615209464	0.09448578547032521	6	6	0.0	0.0	0.0	0.0	0	0
MMP19	1	frac_non_diploid	0.12734502615209464	0.09448578547032521	6	6	0.0	0.0	0.0	0.0	0	0
MMUT	1	frac_non_diploid	0.12734502615209464	0.09448578547032521	6	6	0.0	0.0	0.0	0.0	0	0
MON2	2	frac_non_diploid	0.12734502615209464	0.09448578547032521	6	6	0.0	0.0	0.0	0.0	0	0
MROH1	1	frac_non_diploid	0.12734502615209464	0.09448578547032521	6	6	0.0	0.0	0.0	0.0	0	0
MRPL22	1	frac_non_diploid	0.12734502615209464	0.09448578547032521	6	6	0.0	0.0	0.0	0.0	0	0
MRPL43	1	frac_non_diploid	0.12734502615209464	0.09448578547032521	6	6	0.0	0.0	0.0	0.0	0	0
MRS2	1	frac_non_diploid	0.12734502615209464	0.09448578547032521	6	6	0.0	0.0	0.0	0.0	0	0
MSANTD3	1	frac_non_diploid	0.12734502615209464	0.09448578547032521	6	6	0.0	0.0	0.0	0.0	0	0
MSANTD3-TMEFF1	2	frac_non_diploid	0.12734502615209464	0.09448578547032521	6	6	0.0	0.0	0.0	0.0	0	0
MSN	1	frac_non_diploid	0.12734502615209464	0.09448578547032521	6	6	0.0	0.0	0.0	0.0	0	0
MSNP1	1	frac_non_diploid	0.12734502615209464	0.09448578547032521	6	6	0.0	0.0	0.0	0.0	0	0
MTCL1	1	frac_non_diploid	0.12734502615209464	0.09448578547032521	6	6	0.0	0.0	0.0	0.0	0	0
MTHFD1L	1	frac_non_diploid	0.12734502615209464	0.09448578547032521	6	6	0.0	0.0	0.0	0.0	0	0
MTO1	1	frac_non_diploid	0.12734502615209464	0.09448578547032521	6	6	0.0	0.0	0.0	0.0	0	0
MTOR	1	frac_non_diploid	0.12734502615209464	0.09448578547032521	6	6	0.0	0.0	0.0	0.0	0	0
MTPAP	2	frac_non_diploid	0.12734502615209464	0.09448578547032521	6	6	0.0	0.0	0.0	0.0	0	0
MTRF1	1	frac_non_diploid	0.12734502615209464	0.09448578547032521	6	6	0.0	0.0	0.0	0.0	0	0
MYCBP2	2	frac_non_diploid	0.12734502615209464	0.09448578547032521	6	6	0.0	0.0	0.0	0.0	0	0
MYD88	1	frac_non_diploid	0.12734502615209464	0.09448578547032521	6	6	0.0	0.0	0.0	0.0	0	0
MYLK	3	frac_non_diploid	0.12734502615209464	0.09448578547032521	6	6	0.0	0.0	0.0	0.0	0	0
MYO1C	1	frac_non_diploid	0.12734502615209464	0.09448578547032521	6	6	0.0	0.0	0.0	0.0	0	0
MYOF	1	frac_non_diploid	0.12734502615209464	0.09448578547032521	6	6	0.0	0.0	0.0	0.0	0	0
MYPN	1	frac_non_diploid	0.12734502615209464	0.09448578547032521	6	6	0.0	0.0	0.0	0.0	0	0
Metazoa_SRP	1	frac_non_diploid	0.12734502615209464	0.09448578547032521	6	6	0.0	0.0	0.0	0.0	0	0
NAA10	1	frac_non_diploid	0.12734502615209464	0.09448578547032521	6	6	0.0	0.0	0.0	0.0	0	0
NAA25	2	frac_non_diploid	0.12734502615209464	0.09448578547032521	6	6	0.0	0.0	0.0	0.0	0	0
NAV2	1	frac_non_diploid	0.12734502615209464	0.09448578547032521	6	6	0.0	0.0	0.0	0.0	0	0
NBPF12	1	frac_non_diploid	0.12734502615209464	0.09448578547032521	6	6	0.0	0.0	0.0	0.0	0	0
NCAPG	1	frac_non_diploid	0.12734502615209464	0.09448578547032521	6	6	0.0	0.0	0.0	0.0	0	0
NCOA2	1	frac_non_diploid	0.12734502615209464	0.09448578547032521	6	6	0.0	0.0	0.0	0.0	0	0
NCOA3	1	frac_non_diploid	0.12734502615209464	0.09448578547032521	6	6	0.0	0.0	0.0	0.0	0	0
NEIL3	1	frac_non_diploid	0.12734502615209464	0.09448578547032521	6	6	0.0	0.0	0.0	0.0	0	0
NEK1	1	frac_non_diploid	0.12734502615209464	0.09448578547032521	6	6	0.0	0.0	0.0	0.0	0	0
NEMF	1	frac_non_diploid	0.12734502615209464	0.09448578547032521	6	6	0.0	0.0	0.0	0.0	0	0
NFIC	1	frac_non_diploid	0.12734502615209464	0.09448578547032521	6	6	0.0	0.0	0.0	0.0	0	0
NFX1	1	frac_non_diploid	0.12734502615209464	0.09448578547032521	6	6	0.0	0.0	0.0	0.0	0	0
NIPA2	1	frac_non_diploid	0.12734502615209464	0.09448578547032521	6	6	0.0	0.0	0.0	0.0	0	0
NMT1	1	frac_non_diploid	0.12734502615209464	0.09448578547032521	6	6	0.0	0.0	0.0	0.0	0	0
NOC2L	1	frac_non_diploid	0.12734502615209464	0.09448578547032521	6	6	0.0	0.0	0.0	0.0	0	0
NOLC1	1	frac_non_diploid	0.12734502615209464	0.09448578547032521	6	6	0.0	0.0	0.0	0.0	0	0
NOX4	2	frac_non_diploid	0.12734502615209464	0.09448578547032521	6	6	0.0	0.0	0.0	0.0	0	0
NPAT	1	frac_non_diploid	0.12734502615209464	0.09448578547032521	6	6	0.0	0.0	0.0	0.0	0	0
NPLOC4	1	frac_non_diploid	0.12734502615209464	0.09448578547032521	6	6	0.0	0.0	0.0	0.0	0	0
NPM2	1	frac_non_diploid	0.12734502615209464	0.09448578547032521	6	6	0.0	0.0	0.0	0.0	0	0
NPTX1	1	frac_non_diploid	0.12734502615209464	0.09448578547032521	6	6	0.0	0.0	0.0	0.0	0	0
NR2F2	1	frac_non_diploid	0.12734502615209464	0.09448578547032521	6	6	0.0	0.0	0.0	0.0	0	0
NRIP1	1	frac_non_diploid	0.12734502615209464	0.09448578547032521	6	6	0.0	0.0	0.0	0.0	0	0
NRXN3	1	frac_non_diploid	0.12734502615209464	0.09448578547032521	6	6	0.0	0.0	0.0	0.0	0	0
NSD3	1	frac_non_diploid	0.12734502615209464	0.09448578547032521	6	6	0.0	0.0	0.0	0.0	0	0
NUCKS1	1	frac_non_diploid	0.12734502615209464	0.09448578547032521	6	6	0.0	0.0	0.0	0.0	0	0
NUP214	1	frac_non_diploid	0.12734502615209464	0.09448578547032521	6	6	0.0	0.0	0.0	0.0	0	0
NUP54	1	frac_non_diploid	0.12734502615209464	0.09448578547032521	6	6	0.0	0.0	0.0	0.0	0	0
OCRL	1	frac_non_diploid	0.12734502615209464	0.09448578547032521	6	6	0.0	0.0	0.0	0.0	0	0
OGG1	1	frac_non_diploid	0.12734502615209464	0.09448578547032521	6	6	0.0	0.0	0.0	0.0	0	0
OSBP	1	frac_non_diploid	0.12734502615209464	0.09448578547032521	6	6	0.0	0.0	0.0	0.0	0	0
OSGIN1	1	frac_non_diploid	0.12734502615209464	0.09448578547032521	6	6	0.0	0.0	0.0	0.0	0	0
OSTCP8	1	frac_non_diploid	0.12734502615209464	0.09448578547032521	6	6	0.0	0.0	0.0	0.0	0	0
OTUD7B	1	frac_non_diploid	0.12734502615209464	0.09448578547032521	6	6	0.0	0.0	0.0	0.0	0	0
OXA1L	1	frac_non_diploid	0.12734502615209464	0.09448578547032521	6	6	0.0	0.0	0.0	0.0	0	0
P2RX5-TAX1BP3	1	frac_non_diploid	0.12734502615209464	0.09448578547032521	6	6	0.0	0.0	0.0	0.0	0	0
P3H1	1	frac_non_diploid	0.12734502615209464	0.09448578547032521	6	6	0.0	0.0	0.0	0.0	0	0
PAK1IP1	1	frac_non_diploid	0.12734502615209464	0.09448578547032521	6	6	0.0	0.0	0.0	0.0	0	0
PBRM1	1	frac_non_diploid	0.12734502615209464	0.09448578547032521	6	6	0.0	0.0	0.0	0.0	0	0
PCNX2	2	frac_non_diploid	0.12734502615209464	0.09448578547032521	6	6	0.16666666666666666	0.16666666666666666	0.0	0.0	1	1
PDHX	2	frac_non_diploid	0.12734502615209464	0.09448578547032521	6	6	0.16666666666666666	0.16666666666666666	0.0	0.0	1	1
PDIA3	1	frac_non_diploid	0.12734502615209464	0.09448578547032521	6	6	0.0	0.0	0.0	0.0	0	0
PDLIM1	1	frac_non_diploid	0.12734502615209464	0.09448578547032521	6	6	0.0	0.0	0.0	0.0	0	0
PDS5A	2	frac_non_diploid	0.12734502615209464	0.09448578547032521	6	6	0.0	0.0	0.0	0.0	0	0
PDS5B	1	frac_non_diploid	0.12734502615209464	0.09448578547032521	6	6	0.0	0.0	0.0	0.0	0	0
PER2	1	frac_non_diploid	0.12734502615209464	0.09448578547032521	6	6	0.0	0.0	0.0	0.0	0	0
PEX1	1	frac_non_diploid	0.12734502615209464	0.09448578547032521	6	6	0.0	0.0	0.0	0.0	0	0
PFN2	1	frac_non_diploid	0.12734502615209464	0.09448578547032521	6	6	0.0	0.0	0.0	0.0	0	0
PHF10	1	frac_non_diploid	0.12734502615209464	0.09448578547032521	6	6	0.0	0.0	0.0	0.0	0	0
PHF12	1	frac_non_diploid	0.12734502615209464	0.09448578547032521	6	6	0.0	0.0	0.0	0.0	0	0
PHF20	3	frac_non_diploid	0.12734502615209464	0.09448578547032521	6	6	0.0	0.0	0.0	0.0	0	0
PHKB	2	frac_non_diploid	0.12734502615209464	0.09448578547032521	6	6	0.0	0.0	0.0	0.0	0	0
PHLPP2	2	frac_non_diploid	0.12734502615209464	0.09448578547032521	6	6	0.0	0.0	0.0	0.0	0	0
PI4KA	1	frac_non_diploid	0.12734502615209464	0.09448578547032521	6	6	0.0	0.0	0.0	0.0	0	0
PIAS2	1	frac_non_diploid	0.12734502615209464	0.09448578547032521	6	6	0.0	0.0	0.0	0.0	0	0
PIGG	2	frac_non_diploid	0.12734502615209464	0.09448578547032521	6	6	0.0	0.0	0.0	0.0	0	0
PIGT	1	frac_non_diploid	0.12734502615209464	0.09448578547032521	6	6	0.0	0.0	0.0	0.0	0	0
PIK3CB	1	frac_non_diploid	0.12734502615209464	0.09448578547032521	6	6	0.0	0.0	0.0	0.0	0	0
PITPNB	2	frac_non_diploid	0.12734502615209464	0.09448578547032521	6	6	0.0	0.0	0.0	0.0	0	0
PJA2	1	frac_non_diploid	0.12734502615209464	0.09448578547032521	6	6	0.0	0.0	0.0	0.0	0	0
PLEKHA2	1	frac_non_diploid	0.12734502615209464	0.09448578547032521	6	6	0.0	0.0	0.0	0.0	0	0
PLEKHG2	3	frac_non_diploid	0.12734502615209464	0.09448578547032521	6	6	0.0	0.0	0.0	0.0	0	0
PLEKHM2	1	frac_non_diploid	0.12734502615209464	0.09448578547032521	6	6	0.0	0.0	0.0	0.0	0	0
PLEKHM3	1	frac_non_diploid	0.12734502615209464	0.09448578547032521	6	6	0.0	0.0	0.0	0.0	0	0
PLOD1	1	frac_non_diploid	0.12734502615209464	0.09448578547032521	6	6	0.0	0.0	0.0	0.0	0	0
PLXNA2	1	frac_non_diploid	0.12734502615209464	0.09448578547032521	6	6	0.0	0.0	0.0	0.0	0	0
PNKP	1	frac_non_diploid	0.12734502615209464	0.09448578547032521	6	6	0.0	0.0	0.0	0.0	0	0
PNMA1	1	frac_non_diploid	0.12734502615209464	0.09448578547032521	6	6	0.0	0.0	0.0	0.0	0	0
POLG2	1	frac_non_diploid	0.12734502615209464	0.09448578547032521	6	6	0.0	0.0	0.0	0.0	0	0
POLK	1	frac_non_diploid	0.12734502615209464	0.09448578547032521	6	6	0.0	0.0	0.0	0.0	0	0
POLR2H	1	frac_non_diploid	0.12734502615209464	0.09448578547032521	6	6	0.0	0.0	0.0	0.0	0	0
PPP2R5C	1	frac_non_diploid	0.12734502615209464	0.09448578547032521	6	6	0.0	0.0	0.0	0.0	0	0
PPP3CC	1	frac_non_diploid	0.12734502615209464	0.09448578547032521	6	6	0.0	0.0	0.0	0.0	0	0
PPP4R3A	1	frac_non_diploid	0.12734502615209464	0.09448578547032521	6	6	0.0	0.0	0.0	0.0	0	0
PRDM2	1	frac_non_diploid	0.12734502615209464	0.09448578547032521	6	6	0.16666666666666666	0.16666666666666666	0.0	0.0	1	1
PRDM5	2	frac_non_diploid	0.12734502615209464	0.09448578547032521	6	6	0.0	0.0	0.0	0.0	0	0
PRDX2	1	frac_non_diploid	0.12734502615209464	0.09448578547032521	6	6	0.0	0.0	0.0	0.0	0	0
PRICKLE2	1	frac_non_diploid	0.12734502615209464	0.09448578547032521	6	6	0.0	0.0	0.0	0.0	0	0
PRKD3	1	frac_non_diploid	0.12734502615209464	0.09448578547032521	6	6	0.0	0.0	0.0	0.0	0	0
PRMT3	1	frac_non_diploid	0.12734502615209464	0.09448578547032521	6	6	0.0	0.0	0.0	0.0	0	0
PRMT7	1	frac_non_diploid	0.12734502615209464	0.09448578547032521	6	6	0.0	0.0	0.0	0.0	0	0
PRPF40A	2	frac_non_diploid	0.12734502615209464	0.09448578547032521	6	6	0.0	0.0	0.0	0.0	0	0
PRRC1	1	frac_non_diploid	0.12734502615209464	0.09448578547032521	6	6	0.0	0.0	0.0	0.0	0	0
PRRG1	1	frac_non_diploid	0.12734502615209464	0.09448578547032521	6	6	0.0	0.0	0.0	0.0	0	0
PRSS12	1	frac_non_diploid	0.12734502615209464	0.09448578547032521	6	6	0.0	0.0	0.0	0.0	0	0
PSG5	4	frac_non_diploid	0.12734502615209464	0.09448578547032521	6	6	2.6666666666666665	2.6666666666666665	0.0	0.0	2	2
PSMC3	1	frac_non_diploid	0.12734502615209464	0.09448578547032521	6	6	0.0	0.0	0.0	0.0	0	0
PSMD14-DT	1	frac_non_diploid	0.12734502615209464	0.09448578547032521	6	6	0.0	0.0	0.0	0.0	0	0
PTK2	5	frac_non_diploid	0.12734502615209464	0.09448578547032521	6	6	0.16666666666666666	0.16666666666666666	0.0	0.0	1	1
PTPN11	2	frac_non_diploid	0.12734502615209464	0.09448578547032521	6	6	0.16666666666666666	0.16666666666666666	0.0	0.0	1	1
PTPN13	1	frac_non_diploid	0.12734502615209464	0.09448578547032521	6	6	0.0	0.0	0.0	0.0	0	0
PTPRM	1	frac_non_diploid	0.12734502615209464	0.09448578547032521	6	6	0.0	0.0	0.0	0.0	0	0
PXDC1	1	frac_non_diploid	0.12734502615209464	0.09448578547032521	6	6	0.0	0.0	0.0	0.0	0	0
PYGO2	1	frac_non_diploid	0.12734502615209464	0.09448578547032521	6	6	0.0	0.0	0.0	0.0	0	0
QRICH1	1	frac_non_diploid	0.12734502615209464	0.09448578547032521	6	6	0.0	0.0	0.0	0.0	0	0
QSER1	1	frac_non_diploid	0.12734502615209464	0.09448578547032521	6	6	0.0	0.0	0.0	0.0	0	0
RAB18	1	frac_non_diploid	0.12734502615209464	0.09448578547032521	6	6	0.0	0.0	0.0	0.0	0	0
RAB3GAP2	1	frac_non_diploid	0.12734502615209464	0.09448578547032521	6	6	0.0	0.0	0.0	0.0	0	0
RAB5B	1	frac_non_diploid	0.12734502615209464	0.09448578547032521	6	6	0.0	0.0	0.0	0.0	0	0
RABIF	1	frac_non_diploid	0.12734502615209464	0.09448578547032521	6	6	0.0	0.0	0.0	0.0	0	0
RACK1	2	frac_non_diploid	0.12734502615209464	0.09448578547032521	6	6	0.0	0.0	0.0	0.0	0	0
RAD51	1	frac_non_diploid	0.12734502615209464	0.09448578547032521	6	6	0.0	0.0	0.0	0.0	0	0
RANBP17	2	frac_non_diploid	0.12734502615209464	0.09448578547032521	6	6	0.0	0.0	0.0	0.0	0	0
RANGAP1	1	frac_non_diploid	0.12734502615209464	0.09448578547032521	6	6	0.0	0.0	0.0	0.0	0	0
RAPGEF2	2	frac_non_diploid	0.12734502615209464	0.09448578547032521	6	6	0.0	0.0	0.0	0.0	0	0
RAPGEF4	1	frac_non_diploid	0.12734502615209464	0.09448578547032521	6	6	0.0	0.0	0.0	0.0	0	0
RASSF8	1	frac_non_diploid	0.12734502615209464	0.09448578547032521	6	6	0.0	0.0	0.0	0.0	0	0
RBL1	1	frac_non_diploid	0.12734502615209464	0.09448578547032521	6	6	0.0	0.0	0.0	0.0	0	0
RBM19	1	frac_non_diploid	0.12734502615209464	0.09448578547032521	6	6	0.0	0.0	0.0	0.0	0	0
RBM3	1	frac_non_diploid	0.12734502615209464	0.09448578547032521	6	6	0.0	0.0	0.0	0.0	0	0
RBM33	1	frac_non_diploid	0.12734502615209464	0.09448578547032521	6	6	0.0	0.0	0.0	0.0	0	0
RBM5	1	frac_non_diploid	0.12734502615209464	0.09448578547032521	6	6	0.0	0.0	0.0	0.0	0	0
RBMS3	3	frac_non_diploid	0.12734502615209464	0.09448578547032521	6	6	0.0	0.0	0.0	0.0	0	0
RCL1	1	frac_non_diploid	0.12734502615209464	0.09448578547032521	6	6	0.0	0.0	0.0	0.0	0	0
RECK	1	frac_non_diploid	0.12734502615209464	0.09448578547032521	6	6	0.0	0.0	0.0	0.0	0	0
REPS1	1	frac_non_diploid	0.12734502615209464	0.09448578547032521	6	6	0.0	0.0	0.0	0.0	0	0
RFX2	1	frac_non_diploid	0.12734502615209464	0.09448578547032521	6	6	0.0	0.0	0.0	0.0	0	0
RHOBTB3	1	frac_non_diploid	0.12734502615209464	0.09448578547032521	6	6	0.16666666666666666	0.16666666666666666	0.0	0.0	1	1
RIMS1	1	frac_non_diploid	0.12734502615209464	0.09448578547032521	6	6	0.0	0.0	0.0	0.0	0	0
RIPK1	1	frac_non_diploid	0.12734502615209464	0.09448578547032521	6	6	0.16666666666666666	0.16666666666666666	0.0	0.0	1	1
RIT1	1	frac_non_diploid	0.12734502615209464	0.09448578547032521	6	6	0.0	0.0	0.0	0.0	0	0
RN7SL744P	1	frac_non_diploid	0.12734502615209464	0.09448578547032521	6	6	0.0	0.0	0.0	0.0	0	0
RN7SL800P	1	frac_non_diploid	0.12734502615209464	0.09448578547032521	6	6	0.0	0.0	0.0	0.0	0	0
RNA5SP155	1	frac_non_diploid	0.12734502615209464	0.09448578547032521	6	6	0.0	0.0	0.0	0.0	0	0
RNA5SP425	2	frac_non_diploid	0.12734502615209464	0.09448578547032521	6	6	0.0	0.0	0.0	0.0	0	0
RNASEH2B	1	frac_non_diploid	0.12734502615209464	0.09448578547032521	6	6	0.0	0.0	0.0	0.0	0	0
RNF149	1	frac_non_diploid	0.12734502615209464	0.09448578547032521	6	6	0.0	0.0	0.0	0.0	0	0
RNF170	1	frac_non_diploid	0.12734502615209464	0.09448578547032521	6	6	0.0	0.0	0.0	0.0	0	0
RNF19B	1	frac_non_diploid	0.12734502615209464	0.09448578547032521	6	6	0.0	0.0	0.0	0.0	0	0
RNF213	1	frac_non_diploid	0.12734502615209464	0.09448578547032521	6	6	0.0	0.0	0.0	0.0	0	0
RNU4-40P	2	frac_non_diploid	0.12734502615209464	0.09448578547032521	6	6	0.0	0.0	0.0	0.0	0	0
RNU6-1283P	1	frac_non_diploid	0.12734502615209464	0.09448578547032521	6	6	0.0	0.0	0.0	0.0	0	0
RNU6-862P	1	frac_non_diploid	0.12734502615209464	0.09448578547032521	6	6	0.0	0.0	0.0	0.0	0	0
RNU6-988P	1	frac_non_diploid	0.12734502615209464	0.09448578547032521	6	6	0.0	0.0	0.0	0.0	0	0
RPA2	1	frac_non_diploid	0.12734502615209464	0.09448578547032521	6	6	0.0	0.0	0.0	0.0	0	0
RPEP1	1	frac_non_diploid	0.12734502615209464	0.09448578547032521	6	6	0.0	0.0	0.0	0.0	0	0
RPF2	1	frac_non_diploid	0.12734502615209464	0.09448578547032521	6	6	0.0	0.0	0.0	0.0	0	0
RPL17-C18orf32	1	frac_non_diploid	0.12734502615209464	0.09448578547032521	6	6	0.0	0.0	0.0	0.0	0	0
RPS6KC1	1	frac_non_diploid	0.12734502615209464	0.09448578547032521	6	6	0.0	0.0	0.0	0.0	0	0
RSRP1	1	frac_non_diploid	0.12734502615209464	0.09448578547032521	6	6	0.0	0.0	0.0	0.0	0	0
RTEL1	1	frac_non_diploid	0.12734502615209464	0.09448578547032521	6	6	0.0	0.0	0.0	0.0	0	0
RTEL1-TNFRSF6B	1	frac_non_diploid	0.12734502615209464	0.09448578547032521	6	6	0.0	0.0	0.0	0.0	0	0
RUNX1T1	1	frac_non_diploid	0.12734502615209464	0.09448578547032521	6	6	0.0	0.0	0.0	0.0	0	0
SAFB2	1	frac_non_diploid	0.12734502615209464	0.09448578547032521	6	6	0.0	0.0	0.0	0.0	0	0
SAMD3	3	frac_non_diploid	0.12734502615209464	0.09448578547032521	6	6	0.0	0.0	0.0	0.0	0	0
SAMD4A	1	frac_non_diploid	0.12734502615209464	0.09448578547032521	6	6	0.0	0.0	0.0	0.0	0	0
SART3	1	frac_non_diploid	0.12734502615209464	0.09448578547032521	6	6	0.0	0.0	0.0	0.0	0	0
SBF1	1	frac_non_diploid	0.12734502615209464	0.09448578547032521	6	6	0.0	0.0	0.0	0.0	0	0
SCAF8	2	frac_non_diploid	0.12734502615209464	0.09448578547032521	6	6	0.0	0.0	0.0	0.0	0	0
SCAI	1	frac_non_diploid	0.12734502615209464	0.09448578547032521	6	6	0.0	0.0	0.0	0.0	0	0
SCAP	1	frac_non_diploid	0.12734502615209464	0.09448578547032521	6	6	0.0	0.0	0.0	0.0	0	0
SCFD1	1	frac_non_diploid	0.12734502615209464	0.09448578547032521	6	6	0.0	0.0	0.0	0.0	0	0
SCP2	1	frac_non_diploid	0.12734502615209464	0.09448578547032521	6	6	0.0	0.0	0.0	0.0	0	0
SCYL2	1	frac_non_diploid	0.12734502615209464	0.09448578547032521	6	6	0.0	0.0	0.0	0.0	0	0
SEC23IP	1	frac_non_diploid	0.12734502615209464	0.09448578547032521	6	6	0.0	0.0	0.0	0.0	0	0
SELPLG	1	frac_non_diploid	0.12734502615209464	0.09448578547032521	6	6	0.0	0.0	0.0	0.0	0	0
SEMA5A	1	frac_non_diploid	0.12734502615209464	0.09448578547032521	6	6	0.0	0.0	0.0	0.0	0	0
SEPTIN10	1	frac_non_diploid	0.12734502615209464	0.09448578547032521	6	6	0.0	0.0	0.0	0.0	0	0
SEPTIN11	1	frac_non_diploid	0.12734502615209464	0.09448578547032521	6	6	0.0	0.0	0.0	0.0	0	0
SEPTIN2	1	frac_non_diploid	0.12734502615209464	0.09448578547032521	6	6	0.0	0.0	0.0	0.0	0	0
SERPINH1	2	frac_non_diploid	0.12734502615209464	0.09448578547032521	6	6	0.16666666666666666	0.16666666666666666	0.0	0.0	1	1
SETD3	1	frac_non_diploid	0.12734502615209464	0.09448578547032521	6	6	0.0	0.0	0.0	0.0	0	0
SF1	1	frac_non_diploid	0.12734502615209464	0.09448578547032521	6	6	0.0	0.0	0.0	0.0	0	0
SF3B5	1	frac_non_diploid	0.12734502615209464	0.09448578547032521	6	6	0.0	0.0	0.0	0.0	0	0
SFI1	1	frac_non_diploid	0.12734502615209464	0.09448578547032521	6	6	0.0	0.0	0.0	0.0	0	0
SGSM3	1	frac_non_diploid	0.12734502615209464	0.09448578547032521	6	6	0.0	0.0	0.0	0.0	0	0
SH3PXD2A	1	frac_non_diploid	0.12734502615209464	0.09448578547032521	6	6	0.0	0.0	0.0	0.0	0	0
SHC1	1	frac_non_diploid	0.12734502615209464	0.09448578547032521	6	6	0.0	0.0	0.0	0.0	0	0
SHOC2	1	frac_non_diploid	0.12734502615209464	0.09448578547032521	6	6	0.0	0.0	0.0	0.0	0	0
SHROOM3	1	frac_non_diploid	0.12734502615209464	0.09448578547032521	6	6	0.0	0.0	0.0	0.0	0	0
SIPA1L3	2	frac_non_diploid	0.12734502615209464	0.09448578547032521	6	6	0.16666666666666666	0.16666666666666666	0.0	0.0	1	1
SKIL	1	frac_non_diploid	0.12734502615209464	0.09448578547032521	6	6	0.0	0.0	0.0	0.0	0	0
SKP1	1	frac_non_diploid	0.12734502615209464	0.09448578547032521	6	6	0.0	0.0	0.0	0.0	0	0
SLAIN2	2	frac_non_diploid	0.12734502615209464	0.09448578547032521	6	6	0.0	0.0	0.0	0.0	0	0
SLC10A7	1	frac_non_diploid	0.12734502615209464	0.09448578547032521	6	6	0.0	0.0	0.0	0.0	0	0
SLC14A2	1	frac_non_diploid	0.12734502615209464	0.09448578547032521	6	6	0.0	0.0	0.0	0.0	0	0
SLC15A4	1	frac_non_diploid	0.12734502615209464	0.09448578547032521	6	6	0.0	0.0	0.0	0.0	0	0
SLC25A16	1	frac_non_diploid	0.12734502615209464	0.09448578547032521	6	6	0.0	0.0	0.0	0.0	0	0
SLC25A3	1	frac_non_diploid	0.12734502615209464	0.09448578547032521	6	6	0.0	0.0	0.0	0.0	0	0
SLC30A6	1	frac_non_diploid	0.12734502615209464	0.09448578547032521	6	6	0.0	0.0	0.0	0.0	0	0
SLC35B1	1	frac_non_diploid	0.12734502615209464	0.09448578547032521	6	6	0.0	0.0	0.0	0.0	0	0
SLC35B2	1	frac_non_diploid	0.12734502615209464	0.09448578547032521	6	6	0.0	0.0	0.0	0.0	0	0
SLC35E1	1	frac_non_diploid	0.12734502615209464	0.09448578547032521	6	6	0.0	0.0	0.0	0.0	0	0
SLC35E3	1	frac_non_diploid	0.12734502615209464	0.09448578547032521	6	6	0.0	0.0	0.0	0.0	0	0
SLC35F5	1	frac_non_diploid	0.12734502615209464	0.09448578547032521	6	6	0.0	0.0	0.0	0.0	0	0
SLC38A1	2	frac_non_diploid	0.12734502615209464	0.09448578547032521	6	6	0.0	0.0	0.0	0.0	0	0
SLC39A13	1	frac_non_diploid	0.12734502615209464	0.09448578547032521	6	6	0.0	0.0	0.0	0.0	0	0
SLC43A1	1	frac_non_diploid	0.12734502615209464	0.09448578547032521	6	6	0.0	0.0	0.0	0.0	0	0
SLC52A2	1	frac_non_diploid	0.12734502615209464	0.09448578547032521	6	6	0.0	0.0	0.0	0.0	0	0
SLC5A6	1	frac_non_diploid	0.12734502615209464	0.09448578547032521	6	6	0.0	0.0	0.0	0.0	0	0
SLC6A6	1	frac_non_diploid	0.12734502615209464	0.09448578547032521	6	6	0.0	0.0	0.0	0.0	0	0
SLC7A6	1	frac_non_diploid	0.12734502615209464	0.09448578547032521	6	6	0.0	0.0	0.0	0.0	0	0
SLC9A1	1	frac_non_diploid	0.12734502615209464	0.09448578547032521	6	6	0.0	0.0	0.0	0.0	0	0
SMAD2	1	frac_non_diploid	0.12734502615209464	0.09448578547032521	6	6	0.0	0.0	0.0	0.0	0	0
SMAP1	1	frac_non_diploid	0.12734502615209464	0.09448578547032521	6	6	0.0	0.0	0.0	0.0	0	0
SMARCA4	1	frac_non_diploid	0.12734502615209464	0.09448578547032521	6	6	0.0	0.0	0.0	0.0	0	0
SMTN	1	frac_non_diploid	0.12734502615209464	0.09448578547032521	6	6	0.0	0.0	0.0	0.0	0	0
SNORA29	1	frac_non_diploid	0.12734502615209464	0.09448578547032521	6	6	0.0	0.0	0.0	0.0	0	0
SNORD113-7	4	frac_non_diploid	0.12734502615209464	0.09448578547032521	6	6	0.0	0.0	0.0	0.0	0	0
SNORD114-12	1	frac_non_diploid	0.12734502615209464	0.09448578547032521	6	6	0.0	0.0	0.0	0.0	0	0
SNORD114-13	1	frac_non_diploid	0.12734502615209464	0.09448578547032521	6	6	0.0	0.0	0.0	0.0	0	0
SNORD114-14	1	frac_non_diploid	0.12734502615209464	0.09448578547032521	6	6	0.0	0.0	0.0	0.0	0	0
SNORD121A	2	frac_non_diploid	0.12734502615209464	0.09448578547032521	6	6	0.0	0.0	0.0	0.0	0	0
SNRNP200	1	frac_non_diploid	0.12734502615209464	0.09448578547032521	6	6	0.0	0.0	0.0	0.0	0	0
SNX9	1	frac_non_diploid	0.12734502615209464	0.09448578547032521	6	6	0.0	0.0	0.0	0.0	0	0
SOGA1	2	frac_non_diploid	0.12734502615209464	0.09448578547032521	6	6	0.16666666666666666	0.16666666666666666	0.0	0.0	1	1
SOS2	1	frac_non_diploid	0.12734502615209464	0.09448578547032521	6	6	0.0	0.0	0.0	0.0	0	0
SPECC1L	1	frac_non_diploid	0.12734502615209464	0.09448578547032521	6	6	0.0	0.0	0.0	0.0	0	0
SPECC1L-ADORA2A	1	frac_non_diploid	0.12734502615209464	0.09448578547032521	6	6	0.0	0.0	0.0	0.0	0	0
SPPL3	2	frac_non_diploid	0.12734502615209464	0.09448578547032521	6	6	0.0	0.0	0.0	0.0	0	0
SPRY4-AS1	1	frac_non_diploid	0.12734502615209464	0.09448578547032521	6	6	0.0	0.0	0.0	0.0	0	0
SRM	1	frac_non_diploid	0.12734502615209464	0.09448578547032521	6	6	0.0	0.0	0.0	0.0	0	0
SRRM2	1	frac_non_diploid	0.12734502615209464	0.09448578547032521	6	6	0.0	0.0	0.0	0.0	0	0
SSH2	2	frac_non_diploid	0.12734502615209464	0.09448578547032521	6	6	0.0	0.0	0.0	0.0	0	0
ST13	1	frac_non_diploid	0.12734502615209464	0.09448578547032521	6	6	0.0	0.0	0.0	0.0	0	0
STAMBPL1	1	frac_non_diploid	0.12734502615209464	0.09448578547032521	6	6	0.0	0.0	0.0	0.0	0	0
STAP2	1	frac_non_diploid	0.12734502615209464	0.09448578547032521	6	6	0.0	0.0	0.0	0.0	0	0
STARD13	1	frac_non_diploid	0.12734502615209464	0.09448578547032521	6	6	0.0	0.0	0.0	0.0	0	0
STARD13-IT1	1	frac_non_diploid	0.12734502615209464	0.09448578547032521	6	6	0.0	0.0	0.0	0.0	0	0
STARD3	1	frac_non_diploid	0.12734502615209464	0.09448578547032521	6	6	0.0	0.0	0.0	0.0	0	0
SUGP2	2	frac_non_diploid	0.12734502615209464	0.09448578547032521	6	6	0.0	0.0	0.0	0.0	0	0
SUN1	1	frac_non_diploid	0.12734502615209464	0.09448578547032521	6	6	0.0	0.0	0.0	0.0	0	0
SUPT16H	1	frac_non_diploid	0.12734502615209464	0.09448578547032521	6	6	0.0	0.0	0.0	0.0	0	0
SURF4	1	frac_non_diploid	0.12734502615209464	0.09448578547032521	6	6	0.0	0.0	0.0	0.0	0	0
SVEP1	1	frac_non_diploid	0.12734502615209464	0.09448578547032521	6	6	0.0	0.0	0.0	0.0	0	0
SYN1	1	frac_non_diploid	0.12734502615209464	0.09448578547032521	6	6	0.0	0.0	0.0	0.0	0	0
SYN3	1	frac_non_diploid	0.12734502615209464	0.09448578547032521	6	6	0.0	0.0	0.0	0.0	0	0
SYNE2	1	frac_non_diploid	0.12734502615209464	0.09448578547032521	6	6	0.0	0.0	0.0	0.0	0	0
SYNM	1	frac_non_diploid	0.12734502615209464	0.09448578547032521	6	6	0.0	0.0	0.0	0.0	0	0
SYS1	1	frac_non_diploid	0.12734502615209464	0.09448578547032521	6	6	0.0	0.0	0.0	0.0	0	0
SYS1-DBNDD2	1	frac_non_diploid	0.12734502615209464	0.09448578547032521	6	6	0.0	0.0	0.0	0.0	0	0
TAB2	1	frac_non_diploid	0.12734502615209464	0.09448578547032521	6	6	0.0	0.0	0.0	0.0	0	0
TAF1	1	frac_non_diploid	0.12734502615209464	0.09448578547032521	6	6	0.0	0.0	0.0	0.0	0	0
TANK	1	frac_non_diploid	0.12734502615209464	0.09448578547032521	6	6	0.0	0.0	0.0	0.0	0	0
TAOK3	1	frac_non_diploid	0.12734502615209464	0.09448578547032521	6	6	0.0	0.0	0.0	0.0	0	0
TAPBPL	1	frac_non_diploid	0.12734502615209464	0.09448578547032521	6	6	0.0	0.0	0.0	0.0	0	0
TARS3	1	frac_non_diploid	0.12734502615209464	0.09448578547032521	6	6	0.0	0.0	0.0	0.0	0	0
TAX1BP3	1	frac_non_diploid	0.12734502615209464	0.09448578547032521	6	6	0.0	0.0	0.0	0.0	0	0
TBC1D16	1	frac_non_diploid	0.12734502615209464	0.09448578547032521	6	6	0.0	0.0	0.0	0.0	0	0
TBC1D2	1	frac_non_diploid	0.12734502615209464	0.09448578547032521	6	6	0.0	0.0	0.0	0.0	0	0
TBC1D23	2	frac_non_diploid	0.12734502615209464	0.09448578547032521	6	6	0.0	0.0	0.0	0.0	0	0
TBC1D2B	1	frac_non_diploid	0.12734502615209464	0.09448578547032521	6	6	0.0	0.0	0.0	0.0	0	0
TBX3-AS1	1	frac_non_diploid	0.12734502615209464	0.09448578547032521	6	6	0.0	0.0	0.0	0.0	0	0
TCP1	2	frac_non_diploid	0.12734502615209464	0.09448578547032521	6	6	0.0	0.0	0.0	0.0	0	0
TDRD3	2	frac_non_diploid	0.12734502615209464	0.09448578547032521	6	6	0.16666666666666666	0.16666666666666666	0.0	0.0	1	1
TET1	1	frac_non_diploid	0.12734502615209464	0.09448578547032521	6	6	0.0	0.0	0.0	0.0	0	0
TEX2	1	frac_non_diploid	0.12734502615209464	0.09448578547032521	6	6	0.0	0.0	0.0	0.0	0	0
TFG	1	frac_non_diploid	0.12734502615209464	0.09448578547032521	6	6	0.0	0.0	0.0	0.0	0	0
TGFBR1	1	frac_non_diploid	0.12734502615209464	0.09448578547032521	6	6	0.0	0.0	0.0	0.0	0	0
TGFBRAP1	1	frac_non_diploid	0.12734502615209464	0.09448578547032521	6	6	0.0	0.0	0.0	0.0	0	0
TGM2	1	frac_non_diploid	0.12734502615209464	0.09448578547032521	6	6	0.0	0.0	0.0	0.0	0	0
THAP11	1	frac_non_diploid	0.12734502615209464	0.09448578547032521	6	6	0.0	0.0	0.0	0.0	0	0
THAP3	1	frac_non_diploid	0.12734502615209464	0.09448578547032521	6	6	0.0	0.0	0.0	0.0	0	0
THBS1-AS1	1	frac_non_diploid	0.12734502615209464	0.09448578547032521	6	6	0.0	0.0	0.0	0.0	0	0
TIGD6	1	frac_non_diploid	0.12734502615209464	0.09448578547032521	6	6	0.0	0.0	0.0	0.0	0	0
TLN2	1	frac_non_diploid	0.12734502615209464	0.09448578547032521	6	6	0.0	0.0	0.0	0.0	0	0
TM7SF3	1	frac_non_diploid	0.12734502615209464	0.09448578547032521	6	6	0.0	0.0	0.0	0.0	0	0
TMBIM6	1	frac_non_diploid	0.12734502615209464	0.09448578547032521	6	6	0.0	0.0	0.0	0.0	0	0
TMCC1	1	frac_non_diploid	0.12734502615209464	0.09448578547032521	6	6	0.0	0.0	0.0	0.0	0	0
TMEFF1	1	frac_non_diploid	0.12734502615209464	0.09448578547032521	6	6	0.0	0.0	0.0	0.0	0	0
TMEM109	1	frac_non_diploid	0.12734502615209464	0.09448578547032521	6	6	0.0	0.0	0.0	0.0	0	0
TMEM132A	1	frac_non_diploid	0.12734502615209464	0.09448578547032521	6	6	0.0	0.0	0.0	0.0	0	0
TMEM147-AS1	1	frac_non_diploid	0.12734502615209464	0.09448578547032521	6	6	0.0	0.0	0.0	0.0	0	0
TMEM179B	1	frac_non_diploid	0.12734502615209464	0.09448578547032521	6	6	0.0	0.0	0.0	0.0	0	0
TMEM63B	1	frac_non_diploid	0.12734502615209464	0.09448578547032521	6	6	0.0	0.0	0.0	0.0	0	0
TMTC1	1	frac_non_diploid	0.12734502615209464	0.09448578547032521	6	6	0.0	0.0	0.0	0.0	0	0
TMTC2	1	frac_non_diploid	0.12734502615209464	0.09448578547032521	6	6	0.0	0.0	0.0	0.0	0	0
TMTC3	1	frac_non_diploid	0.12734502615209464	0.09448578547032521	6	6	0.0	0.0	0.0	0.0	0	0
TNFAIP1	1	frac_non_diploid	0.12734502615209464	0.09448578547032521	6	6	0.0	0.0	0.0	0.0	0	0
TNRC18	1	frac_non_diploid	0.12734502615209464	0.09448578547032521	6	6	0.0	0.0	0.0	0.0	0	0
TNRC6B	1	frac_non_diploid	0.12734502615209464	0.09448578547032521	6	6	0.0	0.0	0.0	0.0	0	0
TNS1	1	frac_non_diploid	0.12734502615209464	0.09448578547032521	6	6	0.0	0.0	0.0	0.0	0	0
TOLLIP	1	frac_non_diploid	0.12734502615209464	0.09448578547032521	6	6	0.0	0.0	0.0	0.0	0	0
TPTEP2-CSNK1E	1	frac_non_diploid	0.12734502615209464	0.09448578547032521	6	6	0.0	0.0	0.0	0.0	0	0
TRAPPC10	2	frac_non_diploid	0.12734502615209464	0.09448578547032521	6	6	0.0	0.0	0.0	0.0	0	0
TRAPPC9	1	frac_non_diploid	0.12734502615209464	0.09448578547032521	6	6	0.0	0.0	0.0	0.0	0	0
TRERF1	1	frac_non_diploid	0.12734502615209464	0.09448578547032521	6	6	0.0	0.0	0.0	0.0	0	0
TRIM2	1	frac_non_diploid	0.12734502615209464	0.09448578547032521	6	6	0.0	0.0	0.0	0.0	0	0
TRIM24	1	frac_non_diploid	0.12734502615209464	0.09448578547032521	6	6	0.0	0.0	0.0	0.0	0	0
TRIM28	2	frac_non_diploid	0.12734502615209464	0.09448578547032521	6	6	0.16666666666666666	0.16666666666666666	0.0	0.0	1	1
TRIM37	1	frac_non_diploid	0.12734502615209464	0.09448578547032521	6	6	0.0	0.0	0.0	0.0	0	0
TRIM59	1	frac_non_diploid	0.12734502615209464	0.09448578547032521	6	6	0.0	0.0	0.0	0.0	0	0
TRIM59-IFT80	1	frac_non_diploid	0.12734502615209464	0.09448578547032521	6	6	0.0	0.0	0.0	0.0	0	0
TRPM7	1	frac_non_diploid	0.12734502615209464	0.09448578547032521	6	6	0.0	0.0	0.0	0.0	0	0
TRPS1	1	frac_non_diploid	0.12734502615209464	0.09448578547032521	6	6	0.0	0.0	0.0	0.0	0	0
TSHZ3	1	frac_non_diploid	0.12734502615209464	0.09448578547032521	6	6	0.0	0.0	0.0	0.0	0	0
TUBA5P	1	frac_non_diploid	0.12734502615209464	0.09448578547032521	6	6	0.0	0.0	0.0	0.0	0	0
UAP1	1	frac_non_diploid	0.12734502615209464	0.09448578547032521	6	6	0.0	0.0	0.0	0.0	0	0
UBA1	1	frac_non_diploid	0.12734502615209464	0.09448578547032521	6	6	0.0	0.0	0.0	0.0	0	0
UBA2	2	frac_non_diploid	0.12734502615209464	0.09448578547032521	6	6	0.0	0.0	0.0	0.0	0	0
UBASH3B	2	frac_non_diploid	0.12734502615209464	0.09448578547032521	6	6	0.5	0.5	0.0	0.0	1	1
UBE2E3	1	frac_non_diploid	0.12734502615209464	0.09448578547032521	6	6	0.0	0.0	0.0	0.0	0	0
UBE2F	1	frac_non_diploid	0.12734502615209464	0.09448578547032521	6	6	0.0	0.0	0.0	0.0	0	0
UBE2F-SCLY	1	frac_non_diploid	0.12734502615209464	0.09448578547032521	6	6	0.0	0.0	0.0	0.0	0	0
UBE3B	1	frac_non_diploid	0.12734502615209464	0.09448578547032521	6	6	0.0	0.0	0.0	0.0	0	0
UBN2	1	frac_non_diploid	0.12734502615209464	0.09448578547032521	6	6	0.0	0.0	0.0	0.0	0	0
UBR1	1	frac_non_diploid	0.12734502615209464	0.09448578547032521	6	6	0.0	0.0	0.0	0.0	0	0
UBR2	2	frac_non_diploid	0.12734502615209464	0.09448578547032521	6	6	0.0	0.0	0.0	0.0	0	0
UBR3	2	frac_non_diploid	0.12734502615209464	0.09448578547032521	6	6	0.16666666666666666	0.16666666666666666	0.0	0.0	1	1
UGGT1	1	frac_non_diploid	0.12734502615209464	0.09448578547032521	6	6	0.0	0.0	0.0	0.0	0	0
ULK2	1	frac_non_diploid	0.12734502615209464	0.09448578547032521	6	6	0.0	0.0	0.0	0.0	0	0
UNC13D	1	frac_non_diploid	0.12734502615209464	0.09448578547032521	6	6	0.0	0.0	0.0	0.0	0	0
UPF2	1	frac_non_diploid	0.12734502615209464	0.09448578547032521	6	6	0.0	0.0	0.0	0.0	0	0
USP10	1	frac_non_diploid	0.12734502615209464	0.09448578547032521	6	6	0.0	0.0	0.0	0.0	0	0
USP22	1	frac_non_diploid	0.12734502615209464	0.09448578547032521	6	6	0.0	0.0	0.0	0.0	0	0
USP25	3	frac_non_diploid	0.12734502615209464	0.09448578547032521	6	6	0.16666666666666666	0.16666666666666666	0.0	0.0	1	1
USP3	3	frac_non_diploid	0.12734502615209464	0.09448578547032521	6	6	0.0	0.0	0.0	0.0	0	0
UTRN	3	frac_non_diploid	0.12734502615209464	0.09448578547032521	6	6	0.16666666666666666	0.16666666666666666	0.0	0.0	1	1
VAPA	1	frac_non_diploid	0.12734502615209464	0.09448578547032521	6	6	0.0	0.0	0.0	0.0	0	0
VAPB	1	frac_non_diploid	0.12734502615209464	0.09448578547032521	6	6	0.0	0.0	0.0	0.0	0	0
VEGFC	1	frac_non_diploid	0.12734502615209464	0.09448578547032521	6	6	0.0	0.0	0.0	0.0	0	0
VIM-AS1	2	frac_non_diploid	0.12734502615209464	0.09448578547032521	6	6	0.0	0.0	0.0	0.0	0	0
VIRMA	1	frac_non_diploid	0.12734502615209464	0.09448578547032521	6	6	0.0	0.0	0.0	0.0	0	0
VN1R81P	1	frac_non_diploid	0.12734502615209464	0.09448578547032521	6	6	0.0	0.0	0.0	0.0	0	0
VPS13A	2	frac_non_diploid	0.12734502615209464	0.09448578547032521	6	6	0.16666666666666666	0.16666666666666666	0.0	0.0	1	1
VPS35L	1	frac_non_diploid	0.12734502615209464	0.09448578547032521	6	6	0.0	0.0	0.0	0.0	0	0
VPS39	1	frac_non_diploid	0.12734502615209464	0.09448578547032521	6	6	0.0	0.0	0.0	0.0	0	0
VPS41	1	frac_non_diploid	0.12734502615209464	0.09448578547032521	6	6	0.0	0.0	0.0	0.0	0	0
VPS53	2	frac_non_diploid	0.12734502615209464	0.09448578547032521	6	6	0.16666666666666666	0.16666666666666666	0.0	0.0	1	1
VPS8	3	frac_non_diploid	0.12734502615209464	0.09448578547032521	6	6	0.0	0.0	0.0	0.0	0	0
WAC	1	frac_non_diploid	0.12734502615209464	0.09448578547032521	6	6	0.0	0.0	0.0	0.0	0	0
WDR27	1	frac_non_diploid	0.12734502615209464	0.09448578547032521	6	6	0.0	0.0	0.0	0.0	0	0
WDR73	1	frac_non_diploid	0.12734502615209464	0.09448578547032521	6	6	0.0	0.0	0.0	0.0	0	0
WIPF2	1	frac_non_diploid	0.12734502615209464	0.09448578547032521	6	6	0.0	0.0	0.0	0.0	0	0
WNK1	1	frac_non_diploid	0.12734502615209464	0.09448578547032521	6	6	0.0	0.0	0.0	0.0	0	0
WTAPP1	1	frac_non_diploid	0.12734502615209464	0.09448578547032521	6	6	0.0	0.0	0.0	0.0	0	0
XPO7	1	frac_non_diploid	0.12734502615209464	0.09448578547032521	6	6	0.0	0.0	0.0	0.0	0	0
XRN2	2	frac_non_diploid	0.12734502615209464	0.09448578547032521	6	6	0.0	0.0	0.0	0.0	0	0
YAF2	1	frac_non_diploid	0.12734502615209464	0.09448578547032521	6	6	0.0	0.0	0.0	0.0	0	0
YKT6	1	frac_non_diploid	0.12734502615209464	0.09448578547032521	6	6	0.0	0.0	0.0	0.0	0	0
YWHAB	1	frac_non_diploid	0.12734502615209464	0.09448578547032521	6	6	0.0	0.0	0.0	0.0	0	0
YY1AP1	1	frac_non_diploid	0.12734502615209464	0.09448578547032521	6	6	0.0	0.0	0.0	0.0	0	0
ZBTB10	1	frac_non_diploid	0.12734502615209464	0.09448578547032521	6	6	0.0	0.0	0.0	0.0	0	0
ZBTB20	1	frac_non_diploid	0.12734502615209464	0.09448578547032521	6	6	0.0	0.0	0.0	0.0	0	0
ZBTB44	1	frac_non_diploid	0.12734502615209464	0.09448578547032521	6	6	0.0	0.0	0.0	0.0	0	0
ZBTB46	1	frac_non_diploid	0.12734502615209464	0.09448578547032521	6	6	0.0	0.0	0.0	0.0	0	0
ZC3HC1	1	frac_non_diploid	0.12734502615209464	0.09448578547032521	6	6	0.0	0.0	0.0	0.0	0	0
ZCCHC17	1	frac_non_diploid	0.12734502615209464	0.09448578547032521	6	6	0.0	0.0	0.0	0.0	0	0
ZDHHC9	1	frac_non_diploid	0.12734502615209464	0.09448578547032521	6	6	0.0	0.0	0.0	0.0	0	0
ZFAT	1	frac_non_diploid	0.12734502615209464	0.09448578547032521	6	6	0.0	0.0	0.0	0.0	0	0
ZFHX3	1	frac_non_diploid	0.12734502615209464	0.09448578547032521	6	6	0.0	0.0	0.0	0.0	0	0
ZGRF1	1	frac_non_diploid	0.12734502615209464	0.09448578547032521	6	6	0.0	0.0	0.0	0.0	0	0
ZHX3	1	frac_non_diploid	0.12734502615209464	0.09448578547032521	6	6	0.0	0.0	0.0	0.0	0	0
ZMAT3	1	frac_non_diploid	0.12734502615209464	0.09448578547032521	6	6	0.0	0.0	0.0	0.0	0	0
ZMYND11	1	frac_non_diploid	0.12734502615209464	0.09448578547032521	6	6	0.0	0.0	0.0	0.0	0	0
ZNF124	3	frac_non_diploid	0.12734502615209464	0.09448578547032521	6	6	0.0	0.0	0.0	0.0	0	0
ZNF155	1	frac_non_diploid	0.12734502615209464	0.09448578547032521	6	6	0.0	0.0	0.0	0.0	0	0
ZNF222	2	frac_non_diploid	0.12734502615209464	0.09448578547032521	6	6	0.0	0.0	0.0	0.0	0	0
ZNF223	1	frac_non_diploid	0.12734502615209464	0.09448578547032521	6	6	0.0	0.0	0.0	0.0	0	0
ZNF230	2	frac_non_diploid	0.12734502615209464	0.09448578547032521	6	6	0.0	0.0	0.0	0.0	0	0
ZNF280C	1	frac_non_diploid	0.12734502615209464	0.09448578547032521	6	6	0.0	0.0	0.0	0.0	0	0
ZNF284	1	frac_non_diploid	0.12734502615209464	0.09448578547032521	6	6	0.0	0.0	0.0	0.0	0	0
ZNF394	1	frac_non_diploid	0.12734502615209464	0.09448578547032521	6	6	0.0	0.0	0.0	0.0	0	0
ZNF418	1	frac_non_diploid	0.12734502615209464	0.09448578547032521	6	6	0.0	0.0	0.0	0.0	0	0
ZNF431	1	frac_non_diploid	0.12734502615209464	0.09448578547032521	6	6	0.0	0.0	0.0	0.0	0	0
ZNF540	1	frac_non_diploid	0.12734502615209464	0.09448578547032521	6	6	0.0	0.0	0.0	0.0	0	0
ZNF564	1	frac_non_diploid	0.12734502615209464	0.09448578547032521	6	6	0.0	0.0	0.0	0.0	0	0
ZNF567	1	frac_non_diploid	0.12734502615209464	0.09448578547032521	6	6	0.0	0.0	0.0	0.0	0	0
ZNF571-AS1	1	frac_non_diploid	0.12734502615209464	0.09448578547032521	6	6	0.0	0.0	0.0	0.0	0	0
ZNF644	1	frac_non_diploid	0.12734502615209464	0.09448578547032521	6	6	0.0	0.0	0.0	0.0	0	0
ZNF714	1	frac_non_diploid	0.12734502615209464	0.09448578547032521	6	6	0.0	0.0	0.0	0.0	0	0
ZNF839	1	frac_non_diploid	0.12734502615209464	0.09448578547032521	6	6	0.0	0.0	0.0	0.0	0	0
ZNG1A	1	frac_non_diploid	0.12734502615209464	0.09448578547032521	6	6	0.0	0.0	0.0	0.0	0	0
ZSWIM6	2	frac_non_diploid	0.12734502615209464	0.09448578547032521	6	6	0.16666666666666666	0.16666666666666666	0.0	0.0	1	1
ZSWIM8	1	frac_non_diploid	0.12734502615209464	0.09448578547032521	6	6	0.0	0.0	0.0	0.0	0	0
ADAMTS6	6	frac_non_diploid	0.12734502615209464	0.09448578547032521	6	6	0.5	0.6666666666666666	-0.16666666666666663	-0.15200309344504978	2	2
BACH2	2	frac_non_diploid	0.12734502615209464	0.09448578547032521	6	6	0.5	0.6666666666666666	-0.16666666666666663	-0.15200309344504978	1	1
PTBP3	4	frac_non_diploid	0.12734502615209464	0.09448578547032521	6	6	0.5	0.6666666666666666	-0.16666666666666663	-0.15200309344504978	1	1
AAGAB	1	frac_non_diploid	0.12734502615209464	0.09448578547032521	6	6	0.0	0.16666666666666666	-0.16666666666666666	-0.22239242133644802	0	1
AAK1	1	frac_non_diploid	0.12734502615209464	0.09448578547032521	6	6	0.0	0.16666666666666666	-0.16666666666666666	-0.22239242133644802	0	1
ACTG2	1	frac_non_diploid	0.12734502615209464	0.09448578547032521	6	6	0.0	0.16666666666666666	-0.16666666666666666	-0.22239242133644802	0	1
ACTR3	1	frac_non_diploid	0.12734502615209464	0.09448578547032521	6	6	0.0	0.16666666666666666	-0.16666666666666666	-0.22239242133644802	0	1
ACYP2	1	frac_non_diploid	0.12734502615209464	0.09448578547032521	6	6	0.0	0.16666666666666666	-0.16666666666666666	-0.22239242133644802	0	1
ADAR	1	frac_non_diploid	0.12734502615209464	0.09448578547032521	6	6	0.0	0.16666666666666666	-0.16666666666666666	-0.22239242133644802	0	1
ADD1	1	frac_non_diploid	0.12734502615209464	0.09448578547032521	6	6	0.0	0.16666666666666666	-0.16666666666666666	-0.22239242133644802	0	1
AGGF1	1	frac_non_diploid	0.12734502615209464	0.09448578547032521	6	6	0.0	0.16666666666666666	-0.16666666666666666	-0.22239242133644802	0	1
ALG8	1	frac_non_diploid	0.12734502615209464	0.09448578547032521	6	6	0.0	0.16666666666666666	-0.16666666666666666	-0.22239242133644802	0	1
ALS2	1	frac_non_diploid	0.12734502615209464	0.09448578547032521	6	6	0.0	0.16666666666666666	-0.16666666666666666	-0.22239242133644802	0	1
ANKS1A	1	frac_non_diploid	0.12734502615209464	0.09448578547032521	6	6	0.0	0.16666666666666666	-0.16666666666666666	-0.22239242133644802	0	1
ANXA5	1	frac_non_diploid	0.12734502615209464	0.09448578547032521	6	6	0.0	0.16666666666666666	-0.16666666666666666	-0.22239242133644802	0	1
AOPEP	1	frac_non_diploid	0.12734502615209464	0.09448578547032521	6	6	0.0	0.16666666666666666	-0.16666666666666666	-0.22239242133644802	0	1
AP2B1	1	frac_non_diploid	0.12734502615209464	0.09448578547032521	6	6	0.0	0.16666666666666666	-0.16666666666666666	-0.22239242133644802	0	1
AP4M1	1	frac_non_diploid	0.12734502615209464	0.09448578547032521	6	6	0.0	0.16666666666666666	-0.16666666666666666	-0.22239242133644802	0	1
APPL1	1	frac_non_diploid	0.12734502615209464	0.09448578547032521	6	6	0.16666666666666666	0.3333333333333333	-0.16666666666666666	-0.19264507794239571	1	1
ARPC2	1	frac_non_diploid	0.12734502615209464	0.09448578547032521	6	6	0.0	0.16666666666666666	-0.16666666666666666	-0.22239242133644802	0	1
ARRDC3	1	frac_non_diploid	0.12734502615209464	0.09448578547032521	6	6	0.0	0.16666666666666666	-0.16666666666666666	-0.22239242133644802	0	1
ASL	1	frac_non_diploid	0.12734502615209464	0.09448578547032521	6	6	0.0	0.16666666666666666	-0.16666666666666666	-0.22239242133644802	0	1
ASXL1	1	frac_non_diploid	0.12734502615209464	0.09448578547032521	6	6	0.0	0.16666666666666666	-0.16666666666666666	-0.22239242133644802	0	1
ATP9B	1	frac_non_diploid	0.12734502615209464	0.09448578547032521	6	6	0.0	0.16666666666666666	-0.16666666666666666	-0.22239242133644802	0	1
ATXN2	5	frac_non_diploid	0.12734502615209464	0.09448578547032521	6	6	0.16666666666666666	0.3333333333333333	-0.16666666666666666	-0.19264507794239571	1	2
BAG2	1	frac_non_diploid	0.12734502615209464	0.09448578547032521	6	6	0.0	0.16666666666666666	-0.16666666666666666	-0.22239242133644802	0	1
BANP	3	frac_non_diploid	0.12734502615209464	0.09448578547032521	6	6	0.16666666666666666	0.3333333333333333	-0.16666666666666666	-0.19264507794239571	1	2
BBS9	1	frac_non_diploid	0.12734502615209464	0.09448578547032521	6	6	0.0	0.16666666666666666	-0.16666666666666666	-0.22239242133644802	0	1
BMP1	2	frac_non_diploid	0.12734502615209464	0.09448578547032521	6	6	0.0	0.16666666666666666	-0.16666666666666666	-0.22239242133644802	0	1
BRIP1	1	frac_non_diploid	0.12734502615209464	0.09448578547032521	6	6	0.0	0.16666666666666666	-0.16666666666666666	-0.22239242133644802	0	1
BTAF1	3	frac_non_diploid	0.12734502615209464	0.09448578547032521	6	6	0.0	0.16666666666666666	-0.16666666666666666	-0.22239242133644802	0	1
CANX	4	frac_non_diploid	0.12734502615209464	0.09448578547032521	6	6	0.16666666666666666	0.3333333333333333	-0.16666666666666666	-0.19264507794239571	1	1
CAPN2	1	frac_non_diploid	0.12734502615209464	0.09448578547032521	6	6	0.0	0.16666666666666666	-0.16666666666666666	-0.22239242133644802	0	1
CARMN	1	frac_non_diploid	0.12734502615209464	0.09448578547032521	6	6	0.0	0.16666666666666666	-0.16666666666666666	-0.22239242133644802	0	1
CCDC14	1	frac_non_diploid	0.12734502615209464	0.09448578547032521	6	6	0.0	0.16666666666666666	-0.16666666666666666	-0.22239242133644802	0	1
CCNI	2	frac_non_diploid	0.12734502615209464	0.09448578547032521	6	6	0.0	0.16666666666666666	-0.16666666666666666	-0.22239242133644802	0	1
CDC25C	1	frac_non_diploid	0.12734502615209464	0.09448578547032521	6	6	0.0	0.16666666666666666	-0.16666666666666666	-0.22239242133644802	0	1
CDC37	1	frac_non_diploid	0.12734502615209464	0.09448578547032521	6	6	0.0	0.16666666666666666	-0.16666666666666666	-0.22239242133644802	0	1
CDC42BPB	1	frac_non_diploid	0.12734502615209464	0.09448578547032521	6	6	0.0	0.16666666666666666	-0.16666666666666666	-0.22239242133644802	0	1
CDK5RAP1	1	frac_non_diploid	0.12734502615209464	0.09448578547032521	6	6	0.0	0.16666666666666666	-0.16666666666666666	-0.22239242133644802	0	1
CDK8	1	frac_non_diploid	0.12734502615209464	0.09448578547032521	6	6	0.0	0.16666666666666666	-0.16666666666666666	-0.22239242133644802	0	1
CENPL	1	frac_non_diploid	0.12734502615209464	0.09448578547032521	6	6	0.0	0.16666666666666666	-0.16666666666666666	-0.22239242133644802	0	1
CFAP20DC	1	frac_non_diploid	0.12734502615209464	0.09448578547032521	6	6	0.0	0.16666666666666666	-0.16666666666666666	-0.22239242133644802	0	1
CHAF1A	1	frac_non_diploid	0.12734502615209464	0.09448578547032521	6	6	0.0	0.16666666666666666	-0.16666666666666666	-0.22239242133644802	0	1
CLIP2	1	frac_non_diploid	0.12734502615209464	0.09448578547032521	6	6	0.0	0.16666666666666666	-0.16666666666666666	-0.22239242133644802	0	1
CLPX	1	frac_non_diploid	0.12734502615209464	0.09448578547032521	6	6	0.0	0.16666666666666666	-0.16666666666666666	-0.22239242133644802	0	1
CLTA	1	frac_non_diploid	0.12734502615209464	0.09448578547032521	6	6	0.0	0.16666666666666666	-0.16666666666666666	-0.22239242133644802	0	1
CMPK1	1	frac_non_diploid	0.12734502615209464	0.09448578547032521	6	6	0.0	0.16666666666666666	-0.16666666666666666	-0.22239242133644802	0	1
COG7	1	frac_non_diploid	0.12734502615209464	0.09448578547032521	6	6	0.0	0.16666666666666666	-0.16666666666666666	-0.22239242133644802	0	1
COL6A1	1	frac_non_diploid	0.12734502615209464	0.09448578547032521	6	6	0.0	0.16666666666666666	-0.16666666666666666	-0.22239242133644802	0	1
COPE	1	frac_non_diploid	0.12734502615209464	0.09448578547032521	6	6	0.0	0.16666666666666666	-0.16666666666666666	-0.22239242133644802	0	1
COPZ1	2	frac_non_diploid	0.12734502615209464	0.09448578547032521	6	6	0.0	0.16666666666666666	-0.16666666666666666	-0.22239242133644802	0	1
CPNE1	3	frac_non_diploid	0.12734502615209464	0.09448578547032521	6	6	0.16666666666666666	0.3333333333333333	-0.16666666666666666	-0.19264507794239571	1	1
CRLF1	1	frac_non_diploid	0.12734502615209464	0.09448578547032521	6	6	0.0	0.16666666666666666	-0.16666666666666666	-0.22239242133644802	0	1
CRYZL1	1	frac_non_diploid	0.12734502615209464	0.09448578547032521	6	6	0.0	0.16666666666666666	-0.16666666666666666	-0.22239242133644802	0	1
CSF1	1	frac_non_diploid	0.12734502615209464	0.09448578547032521	6	6	0.0	0.16666666666666666	-0.16666666666666666	-0.22239242133644802	0	1
CSGALNACT2	1	frac_non_diploid	0.12734502615209464	0.09448578547032521	6	6	0.0	0.16666666666666666	-0.16666666666666666	-0.22239242133644802	0	1
CTNNA1	2	frac_non_diploid	0.12734502615209464	0.09448578547032521	6	6	0.0	0.16666666666666666	-0.16666666666666666	-0.22239242133644802	0	1
CYB5R3	2	frac_non_diploid	0.12734502615209464	0.09448578547032521	6	6	0.0	0.16666666666666666	-0.16666666666666666	-0.22239242133644802	0	1
CYTOR	1	frac_non_diploid	0.12734502615209464	0.09448578547032521	6	6	0.0	0.16666666666666666	-0.16666666666666666	-0.22239242133644802	0	1
DAP	1	frac_non_diploid	0.12734502615209464	0.09448578547032521	6	6	0.0	0.16666666666666666	-0.16666666666666666	-0.22239242133644802	0	1
DELEC1	2	frac_non_diploid	0.12734502615209464	0.09448578547032521	6	6	0.0	0.16666666666666666	-0.16666666666666666	-0.22239242133644802	0	1
DENND1B	4	frac_non_diploid	0.12734502615209464	0.09448578547032521	6	6	0.0	0.16666666666666666	-0.16666666666666666	-0.22239242133644802	0	1
DENND5A	1	frac_non_diploid	0.12734502615209464	0.09448578547032521	6	6	0.0	0.16666666666666666	-0.16666666666666666	-0.22239242133644802	0	1
DENND5B	1	frac_non_diploid	0.12734502615209464	0.09448578547032521	6	6	0.0	0.16666666666666666	-0.16666666666666666	-0.22239242133644802	0	1
DKC1	1	frac_non_diploid	0.12734502615209464	0.09448578547032521	6	6	0.0	0.16666666666666666	-0.16666666666666666	-0.22239242133644802	0	1
DNMT1	1	frac_non_diploid	0.12734502615209464	0.09448578547032521	6	6	0.0	0.16666666666666666	-0.16666666666666666	-0.22239242133644802	0	1
DPYSL2	1	frac_non_diploid	0.12734502615209464	0.09448578547032521	6	6	0.0	0.16666666666666666	-0.16666666666666666	-0.22239242133644802	0	1
DPYSL3	1	frac_non_diploid	0.12734502615209464	0.09448578547032521	6	6	0.0	0.16666666666666666	-0.16666666666666666	-0.22239242133644802	0	1
DYM	1	frac_non_diploid	0.12734502615209464	0.09448578547032521	6	6	0.0	0.16666666666666666	-0.16666666666666666	-0.22239242133644802	0	1
DYNC2H1	1	frac_non_diploid	0.12734502615209464	0.09448578547032521	6	6	0.0	0.16666666666666666	-0.16666666666666666	-0.22239242133644802	0	1
DYNLT1	1	frac_non_diploid	0.12734502615209464	0.09448578547032521	6	6	0.0	0.16666666666666666	-0.16666666666666666	-0.22239242133644802	0	1
DZIP1	1	frac_non_diploid	0.12734502615209464	0.09448578547032521	6	6	0.0	0.16666666666666666	-0.16666666666666666	-0.22239242133644802	0	1
EHD2	1	frac_non_diploid	0.12734502615209464	0.09448578547032521	6	6	0.0	0.16666666666666666	-0.16666666666666666	-0.22239242133644802	0	1
EIF3L	2	frac_non_diploid	0.12734502615209464	0.09448578547032521	6	6	0.0	0.16666666666666666	-0.16666666666666666	-0.22239242133644802	0	1
ELK1	1	frac_non_diploid	0.12734502615209464	0.09448578547032521	6	6	0.0	0.16666666666666666	-0.16666666666666666	-0.22239242133644802	0	1
ELK4	2	frac_non_diploid	0.12734502615209464	0.09448578547032521	6	6	0.0	0.16666666666666666	-0.16666666666666666	-0.22239242133644802	0	1
ELMOD3	1	frac_non_diploid	0.12734502615209464	0.09448578547032521	6	6	0.0	0.16666666666666666	-0.16666666666666666	-0.22239242133644802	0	1
ENSG00000226798	1	frac_non_diploid	0.12734502615209464	0.09448578547032521	6	6	0.0	0.16666666666666666	-0.16666666666666666	-0.22239242133644802	0	1
ENSG00000232358	1	frac_non_diploid	0.12734502615209464	0.09448578547032521	6	6	0.0	0.16666666666666666	-0.16666666666666666	-0.22239242133644802	0	1
ENSG00000238090	1	frac_non_diploid	0.12734502615209464	0.09448578547032521	6	6	0.0	0.16666666666666666	-0.16666666666666666	-0.22239242133644802	0	1
ENSG00000249209	1	frac_non_diploid	0.12734502615209464	0.09448578547032521	6	6	0.0	0.16666666666666666	-0.16666666666666666	-0.22239242133644802	0	1
ENSG00000249319	1	frac_non_diploid	0.12734502615209464	0.09448578547032521	6	6	0.0	0.16666666666666666	-0.16666666666666666	-0.22239242133644802	0	1
ENSG00000254692	1	frac_non_diploid	0.12734502615209464	0.09448578547032521	6	6	0.0	0.16666666666666666	-0.16666666666666666	-0.22239242133644802	0	1
ENSG00000256591	1	frac_non_diploid	0.12734502615209464	0.09448578547032521	6	6	0.0	0.16666666666666666	-0.16666666666666666	-0.22239242133644802	0	1
ENSG00000259522	1	frac_non_diploid	0.12734502615209464	0.09448578547032521	6	6	0.0	0.16666666666666666	-0.16666666666666666	-0.22239242133644802	0	1
ENSG00000259899	1	frac_non_diploid	0.12734502615209464	0.09448578547032521	6	6	0.0	0.16666666666666666	-0.16666666666666666	-0.22239242133644802	0	1
ENSG00000262526	1	frac_non_diploid	0.12734502615209464	0.09448578547032521	6	6	0.0	0.16666666666666666	-0.16666666666666666	-0.22239242133644802	0	1
ENSG00000262587	1	frac_non_diploid	0.12734502615209464	0.09448578547032521	6	6	0.0	0.16666666666666666	-0.16666666666666666	-0.22239242133644802	0	1
ENSG00000262700	1	frac_non_diploid	0.12734502615209464	0.09448578547032521	6	6	0.0	0.16666666666666666	-0.16666666666666666	-0.22239242133644802	0	1
ENSG00000263917	1	frac_non_diploid	0.12734502615209464	0.09448578547032521	6	6	0.0	0.16666666666666666	-0.16666666666666666	-0.22239242133644802	0	1
ENSG00000266953	2	frac_non_diploid	0.12734502615209464	0.09448578547032521	6	6	0.0	0.16666666666666666	-0.16666666666666666	-0.22239242133644802	0	1
ENSG00000268193	2	frac_non_diploid	0.12734502615209464	0.09448578547032521	6	6	0.0	0.16666666666666666	-0.16666666666666666	-0.22239242133644802	0	1
ENSG00000268746	1	frac_non_diploid	0.12734502615209464	0.09448578547032521	6	6	0.0	0.16666666666666666	-0.16666666666666666	-0.22239242133644802	0	1
ENSG00000269934	1	frac_non_diploid	0.12734502615209464	0.09448578547032521	6	6	0.0	0.16666666666666666	-0.16666666666666666	-0.22239242133644802	0	1
ENSG00000269967	2	frac_non_diploid	0.12734502615209464	0.09448578547032521	6	6	0.0	0.16666666666666666	-0.16666666666666666	-0.22239242133644802	0	1
ENSG00000272897	3	frac_non_diploid	0.12734502615209464	0.09448578547032521	6	6	0.16666666666666666	0.3333333333333333	-0.16666666666666666	-0.19264507794239571	1	1
ENSG00000273217	1	frac_non_diploid	0.12734502615209464	0.09448578547032521	6	6	0.0	0.16666666666666666	-0.16666666666666666	-0.22239242133644802	0	1
ENSG00000279474	1	frac_non_diploid	0.12734502615209464	0.09448578547032521	6	6	0.0	0.16666666666666666	-0.16666666666666666	-0.22239242133644802	0	1
ENSG00000279738	2	frac_non_diploid	0.12734502615209464	0.09448578547032521	6	6	0.0	0.16666666666666666	-0.16666666666666666	-0.22239242133644802	0	1
ENSG00000285000	1	frac_non_diploid	0.12734502615209464	0.09448578547032521	6	6	0.0	0.16666666666666666	-0.16666666666666666	-0.22239242133644802	0	1
ENSG00000285283	1	frac_non_diploid	0.12734502615209464	0.09448578547032521	6	6	0.0	0.16666666666666666	-0.16666666666666666	-0.22239242133644802	0	1
ENSG00000286192	3	frac_non_diploid	0.12734502615209464	0.09448578547032521	6	6	0.0	0.16666666666666666	-0.16666666666666666	-0.22239242133644802	0	1
ENSG00000286947	2	frac_non_diploid	0.12734502615209464	0.09448578547032521	6	6	0.0	0.16666666666666666	-0.16666666666666666	-0.22239242133644802	0	1
ENSG00000288674	1	frac_non_diploid	0.12734502615209464	0.09448578547032521	6	6	0.0	0.16666666666666666	-0.16666666666666666	-0.22239242133644802	0	1
ENSG00000288678	1	frac_non_diploid	0.12734502615209464	0.09448578547032521	6	6	0.0	0.16666666666666666	-0.16666666666666666	-0.22239242133644802	0	1
ENSG00000288698	2	frac_non_diploid	0.12734502615209464	0.09448578547032521	6	6	0.0	0.16666666666666666	-0.16666666666666666	-0.22239242133644802	0	1
ENSG00000289517	2	frac_non_diploid	0.12734502615209464	0.09448578547032521	6	6	0.0	0.16666666666666666	-0.16666666666666666	-0.22239242133644802	0	1
ENSG00000290077	1	frac_non_diploid	0.12734502615209464	0.09448578547032521	6	6	0.0	0.16666666666666666	-0.16666666666666666	-0.22239242133644802	0	1
ENSG00000290180	1	frac_non_diploid	0.12734502615209464	0.09448578547032521	6	6	0.0	0.16666666666666666	-0.16666666666666666	-0.22239242133644802	0	1
ERLIN2	1	frac_non_diploid	0.12734502615209464	0.09448578547032521	6	6	0.0	0.16666666666666666	-0.16666666666666666	-0.22239242133644802	0	1
ETV1	1	frac_non_diploid	0.12734502615209464	0.09448578547032521	6	6	0.0	0.16666666666666666	-0.16666666666666666	-0.22239242133644802	0	1
EXOC3	1	frac_non_diploid	0.12734502615209464	0.09448578547032521	6	6	0.0	0.16666666666666666	-0.16666666666666666	-0.22239242133644802	0	1
EXOC6B	2	frac_non_diploid	0.12734502615209464	0.09448578547032521	6	6	0.16666666666666666	0.3333333333333333	-0.16666666666666666	-0.19264507794239571	1	2
FAM193A	2	frac_non_diploid	0.12734502615209464	0.09448578547032521	6	6	0.0	0.16666666666666666	-0.16666666666666666	-0.22239242133644802	0	1
FAM204BP	1	frac_non_diploid	0.12734502615209464	0.09448578547032521	6	6	0.0	0.16666666666666666	-0.16666666666666666	-0.22239242133644802	0	1
FAM234A	1	frac_non_diploid	0.12734502615209464	0.09448578547032521	6	6	0.0	0.16666666666666666	-0.16666666666666666	-0.22239242133644802	0	1
FAM91A1	1	frac_non_diploid	0.12734502615209464	0.09448578547032521	6	6	0.0	0.16666666666666666	-0.16666666666666666	-0.22239242133644802	0	1
FAUP1	1	frac_non_diploid	0.12734502615209464	0.09448578547032521	6	6	0.0	0.16666666666666666	-0.16666666666666666	-0.22239242133644802	0	1
FBN2	1	frac_non_diploid	0.12734502615209464	0.09448578547032521	6	6	0.0	0.16666666666666666	-0.16666666666666666	-0.22239242133644802	0	1
FBXO9	2	frac_non_diploid	0.12734502615209464	0.09448578547032521	6	6	0.0	0.16666666666666666	-0.16666666666666666	-0.22239242133644802	0	1
FDFT1	1	frac_non_diploid	0.12734502615209464	0.09448578547032521	6	6	0.0	0.16666666666666666	-0.16666666666666666	-0.22239242133644802	0	1
FLI1	1	frac_non_diploid	0.12734502615209464	0.09448578547032521	6	6	0.0	0.16666666666666666	-0.16666666666666666	-0.22239242133644802	0	1
FLNA	7	frac_non_diploid	0.12734502615209464	0.09448578547032521	6	6	0.16666666666666666	0.3333333333333333	-0.16666666666666666	-0.19264507794239571	1	2
FMC1	1	frac_non_diploid	0.12734502615209464	0.09448578547032521	6	6	0.0	0.16666666666666666	-0.16666666666666666	-0.22239242133644802	0	1
FMC1-LUC7L2	1	frac_non_diploid	0.12734502615209464	0.09448578547032521	6	6	0.0	0.16666666666666666	-0.16666666666666666	-0.22239242133644802	0	1
FRS2	1	frac_non_diploid	0.12734502615209464	0.09448578547032521	6	6	0.0	0.16666666666666666	-0.16666666666666666	-0.22239242133644802	0	1
GABARAP	1	frac_non_diploid	0.12734502615209464	0.09448578547032521	6	6	0.0	0.16666666666666666	-0.16666666666666666	-0.22239242133644802	0	1
GGT7	1	frac_non_diploid	0.12734502615209464	0.09448578547032521	6	6	0.0	0.16666666666666666	-0.16666666666666666	-0.22239242133644802	0	1
GNA13	1	frac_non_diploid	0.12734502615209464	0.09448578547032521	6	6	0.0	0.16666666666666666	-0.16666666666666666	-0.22239242133644802	0	1
GNG12-AS1	1	frac_non_diploid	0.12734502615209464	0.09448578547032521	6	6	0.0	0.16666666666666666	-0.16666666666666666	-0.22239242133644802	0	1
GOLPH3	2	frac_non_diploid	0.12734502615209464	0.09448578547032521	6	6	0.0	0.16666666666666666	-0.16666666666666666	-0.22239242133644802	0	1
GPATCH2L	3	frac_non_diploid	0.12734502615209464	0.09448578547032521	6	6	0.16666666666666666	0.3333333333333333	-0.16666666666666666	-0.19264507794239571	1	2
GPI	2	frac_non_diploid	0.12734502615209464	0.09448578547032521	6	6	0.0	0.16666666666666666	-0.16666666666666666	-0.22239242133644802	0	1
GSE1	1	frac_non_diploid	0.12734502615209464	0.09448578547032521	6	6	0.0	0.16666666666666666	-0.16666666666666666	-0.22239242133644802	0	1
H2AZ1	1	frac_non_diploid	0.12734502615209464	0.09448578547032521	6	6	0.0	0.16666666666666666	-0.16666666666666666	-0.22239242133644802	0	1
HMG20A	1	frac_non_diploid	0.12734502615209464	0.09448578547032521	6	6	0.0	0.16666666666666666	-0.16666666666666666	-0.22239242133644802	0	1
HSP90AB1	1	frac_non_diploid	0.12734502615209464	0.09448578547032521	6	6	0.0	0.16666666666666666	-0.16666666666666666	-0.22239242133644802	0	1
ID2	1	frac_non_diploid	0.12734502615209464	0.09448578547032521	6	6	0.0	0.16666666666666666	-0.16666666666666666	-0.22239242133644802	0	1
IGFBP5	1	frac_non_diploid	0.12734502615209464	0.09448578547032521	6	6	0.0	0.16666666666666666	-0.16666666666666666	-0.22239242133644802	0	1
ILKAP	1	frac_non_diploid	0.12734502615209464	0.09448578547032521	6	6	0.0	0.16666666666666666	-0.16666666666666666	-0.22239242133644802	0	1
INF2	1	frac_non_diploid	0.12734502615209464	0.09448578547032521	6	6	0.0	0.16666666666666666	-0.16666666666666666	-0.22239242133644802	0	1
IPO5	1	frac_non_diploid	0.12734502615209464	0.09448578547032521	6	6	0.0	0.16666666666666666	-0.16666666666666666	-0.22239242133644802	0	1
ITGB5	1	frac_non_diploid	0.12734502615209464	0.09448578547032521	6	6	0.0	0.16666666666666666	-0.16666666666666666	-0.22239242133644802	0	1
JOSD2	1	frac_non_diploid	0.12734502615209464	0.09448578547032521	6	6	0.0	0.16666666666666666	-0.16666666666666666	-0.22239242133644802	0	1
KDM1A	1	frac_non_diploid	0.12734502615209464	0.09448578547032521	6	6	0.0	0.16666666666666666	-0.16666666666666666	-0.22239242133644802	0	1
KDM5C	1	frac_non_diploid	0.12734502615209464	0.09448578547032521	6	6	0.0	0.16666666666666666	-0.16666666666666666	-0.22239242133644802	0	1
KHDC4	1	frac_non_diploid	0.12734502615209464	0.09448578547032521	6	6	0.16666666666666666	0.3333333333333333	-0.16666666666666666	-0.19264507794239571	1	1
KIRREL1	1	frac_non_diploid	0.12734502615209464	0.09448578547032521	6	6	0.0	0.16666666666666666	-0.16666666666666666	-0.22239242133644802	0	1
LAMC1	1	frac_non_diploid	0.12734502615209464	0.09448578547032521	6	6	0.0	0.16666666666666666	-0.16666666666666666	-0.22239242133644802	0	1
LAMP1	1	frac_non_diploid	0.12734502615209464	0.09448578547032521	6	6	0.0	0.16666666666666666	-0.16666666666666666	-0.22239242133644802	0	1
LARGE1	1	frac_non_diploid	0.12734502615209464	0.09448578547032521	6	6	0.0	0.16666666666666666	-0.16666666666666666	-0.22239242133644802	0	1
LATS1	1	frac_non_diploid	0.12734502615209464	0.09448578547032521	6	6	0.0	0.16666666666666666	-0.16666666666666666	-0.22239242133644802	0	1
LCLAT1	1	frac_non_diploid	0.12734502615209464	0.09448578547032521	6	6	0.0	0.16666666666666666	-0.16666666666666666	-0.22239242133644802	0	1
LCMT1	1	frac_non_diploid	0.12734502615209464	0.09448578547032521	6	6	0.0	0.16666666666666666	-0.16666666666666666	-0.22239242133644802	0	1
LINC02175	1	frac_non_diploid	0.12734502615209464	0.09448578547032521	6	6	0.0	0.16666666666666666	-0.16666666666666666	-0.22239242133644802	0	1
LMBR1	3	frac_non_diploid	0.12734502615209464	0.09448578547032521	6	6	0.0	0.16666666666666666	-0.16666666666666666	-0.22239242133644802	0	1
LPP	5	frac_non_diploid	0.12734502615209464	0.09448578547032521	6	6	0.0	0.16666666666666666	-0.16666666666666666	-0.22239242133644802	0	1
LUC7L2	1	frac_non_diploid	0.12734502615209464	0.09448578547032521	6	6	0.0	0.16666666666666666	-0.16666666666666666	-0.22239242133644802	0	1
MAD1L1	3	frac_non_diploid	0.12734502615209464	0.09448578547032521	6	6	0.0	0.16666666666666666	-0.16666666666666666	-0.22239242133644802	0	1
MALAT1	1	frac_non_diploid	0.12734502615209464	0.09448578547032521	6	6	0.0	0.16666666666666666	-0.16666666666666666	-0.22239242133644802	0	1
MAPK14	1	frac_non_diploid	0.12734502615209464	0.09448578547032521	6	6	0.0	0.16666666666666666	-0.16666666666666666	-0.22239242133644802	0	1
MARK3	1	frac_non_diploid	0.12734502615209464	0.09448578547032521	6	6	0.0	0.16666666666666666	-0.16666666666666666	-0.22239242133644802	0	1
MDN1	1	frac_non_diploid	0.12734502615209464	0.09448578547032521	6	6	0.0	0.16666666666666666	-0.16666666666666666	-0.22239242133644802	0	1
MED13	3	frac_non_diploid	0.12734502615209464	0.09448578547032521	6	6	0.0	0.16666666666666666	-0.16666666666666666	-0.22239242133644802	0	1
MGAT1	1	frac_non_diploid	0.12734502615209464	0.09448578547032521	6	6	0.0	0.16666666666666666	-0.16666666666666666	-0.22239242133644802	0	1
MIR3115	1	frac_non_diploid	0.12734502615209464	0.09448578547032521	6	6	0.0	0.16666666666666666	-0.16666666666666666	-0.22239242133644802	0	1
MIR664B	1	frac_non_diploid	0.12734502615209464	0.09448578547032521	6	6	0.0	0.16666666666666666	-0.16666666666666666	-0.22239242133644802	0	1
MIR6807	1	frac_non_diploid	0.12734502615209464	0.09448578547032521	6	6	0.0	0.16666666666666666	-0.16666666666666666	-0.22239242133644802	0	1
MIR6894	1	frac_non_diploid	0.12734502615209464	0.09448578547032521	6	6	0.0	0.16666666666666666	-0.16666666666666666	-0.22239242133644802	0	1
MKI67	1	frac_non_diploid	0.12734502615209464	0.09448578547032521	6	6	0.0	0.16666666666666666	-0.16666666666666666	-0.22239242133644802	0	1
MMP14	1	frac_non_diploid	0.12734502615209464	0.09448578547032521	6	6	0.0	0.16666666666666666	-0.16666666666666666	-0.22239242133644802	0	1
MNT	1	frac_non_diploid	0.12734502615209464	0.09448578547032521	6	6	0.0	0.16666666666666666	-0.16666666666666666	-0.22239242133644802	0	1
MSRA	1	frac_non_diploid	0.12734502615209464	0.09448578547032521	6	6	0.0	0.16666666666666666	-0.16666666666666666	-0.22239242133644802	0	1
MYH9	2	frac_non_diploid	0.12734502615209464	0.09448578547032521	6	6	0.0	0.16666666666666666	-0.16666666666666666	-0.22239242133644802	0	1
N4BP2L2	1	frac_non_diploid	0.12734502615209464	0.09448578547032521	6	6	0.0	0.16666666666666666	-0.16666666666666666	-0.22239242133644802	0	1
NAV3	6	frac_non_diploid	0.12734502615209464	0.09448578547032521	6	6	0.16666666666666666	0.3333333333333333	-0.16666666666666666	-0.19264507794239571	1	2
NAXD	1	frac_non_diploid	0.12734502615209464	0.09448578547032521	6	6	0.0	0.16666666666666666	-0.16666666666666666	-0.22239242133644802	0	1
NCAL1	1	frac_non_diploid	0.12734502615209464	0.09448578547032521	6	6	0.0	0.16666666666666666	-0.16666666666666666	-0.22239242133644802	0	1
NID1	1	frac_non_diploid	0.12734502615209464	0.09448578547032521	6	6	0.0	0.16666666666666666	-0.16666666666666666	-0.22239242133644802	0	1
NID2	3	frac_non_diploid	0.12734502615209464	0.09448578547032521	6	6	0.0	0.16666666666666666	-0.16666666666666666	-0.22239242133644802	0	1
NLN	1	frac_non_diploid	0.12734502615209464	0.09448578547032521	6	6	0.0	0.16666666666666666	-0.16666666666666666	-0.22239242133644802	0	1
NXN	2	frac_non_diploid	0.12734502615209464	0.09448578547032521	6	6	0.0	0.16666666666666666	-0.16666666666666666	-0.22239242133644802	0	1
OAT	1	frac_non_diploid	0.12734502615209464	0.09448578547032521	6	6	0.0	0.16666666666666666	-0.16666666666666666	-0.22239242133644802	0	1
OPTN	1	frac_non_diploid	0.12734502615209464	0.09448578547032521	6	6	0.0	0.16666666666666666	-0.16666666666666666	-0.22239242133644802	0	1
PAFAH1B2	1	frac_non_diploid	0.12734502615209464	0.09448578547032521	6	6	0.0	0.16666666666666666	-0.16666666666666666	-0.22239242133644802	0	1
PAPPA	2	frac_non_diploid	0.12734502615209464	0.09448578547032521	6	6	0.16666666666666666	0.3333333333333333	-0.16666666666666666	-0.19264507794239571	1	1
PAPSS1	1	frac_non_diploid	0.12734502615209464	0.09448578547032521	6	6	0.0	0.16666666666666666	-0.16666666666666666	-0.22239242133644802	0	1
PCNX1	2	frac_non_diploid	0.12734502615209464	0.09448578547032521	6	6	0.0	0.16666666666666666	-0.16666666666666666	-0.22239242133644802	0	1
PDE5A	2	frac_non_diploid	0.12734502615209464	0.09448578547032521	6	6	0.16666666666666666	0.3333333333333333	-0.16666666666666666	-0.19264507794239571	1	1
PDK1	1	frac_non_diploid	0.12734502615209464	0.09448578547032521	6	6	0.0	0.16666666666666666	-0.16666666666666666	-0.22239242133644802	0	1
PEAK1	2	frac_non_diploid	0.12734502615209464	0.09448578547032521	6	6	0.0	0.16666666666666666	-0.16666666666666666	-0.22239242133644802	0	1
PEPD	1	frac_non_diploid	0.12734502615209464	0.09448578547032521	6	6	0.0	0.16666666666666666	-0.16666666666666666	-0.22239242133644802	0	1
PHF19	1	frac_non_diploid	0.12734502615209464	0.09448578547032521	6	6	0.0	0.16666666666666666	-0.16666666666666666	-0.22239242133644802	0	1
PHF20L1	2	frac_non_diploid	0.12734502615209464	0.09448578547032521	6	6	0.16666666666666666	0.3333333333333333	-0.16666666666666666	-0.19264507794239571	1	1
PILRB	1	frac_non_diploid	0.12734502615209464	0.09448578547032521	6	6	0.0	0.16666666666666666	-0.16666666666666666	-0.22239242133644802	0	1
PLPBP	1	frac_non_diploid	0.12734502615209464	0.09448578547032521	6	6	0.0	0.16666666666666666	-0.16666666666666666	-0.22239242133644802	0	1
PPARG	1	frac_non_diploid	0.12734502615209464	0.09448578547032521	6	6	0.0	0.16666666666666666	-0.16666666666666666	-0.22239242133644802	0	1
PPFIA1	2	frac_non_diploid	0.12734502615209464	0.09448578547032521	6	6	0.0	0.16666666666666666	-0.16666666666666666	-0.22239242133644802	0	1
PPP4R1	2	frac_non_diploid	0.12734502615209464	0.09448578547032521	6	6	0.0	0.16666666666666666	-0.16666666666666666	-0.22239242133644802	0	1
PRDX6	2	frac_non_diploid	0.12734502615209464	0.09448578547032521	6	6	0.0	0.16666666666666666	-0.16666666666666666	-0.22239242133644802	0	1
PRPS2	1	frac_non_diploid	0.12734502615209464	0.09448578547032521	6	6	0.0	0.16666666666666666	-0.16666666666666666	-0.22239242133644802	0	1
PRRC2C	1	frac_non_diploid	0.12734502615209464	0.09448578547032521	6	6	0.0	0.16666666666666666	-0.16666666666666666	-0.22239242133644802	0	1
PRSS23	2	frac_non_diploid	0.12734502615209464	0.09448578547032521	6	6	0.0	0.16666666666666666	-0.16666666666666666	-0.22239242133644802	0	1
PSEN2	1	frac_non_diploid	0.12734502615209464	0.09448578547032521	6	6	0.0	0.16666666666666666	-0.16666666666666666	-0.22239242133644802	0	1
PTP4A2	2	frac_non_diploid	0.12734502615209464	0.09448578547032521	6	6	0.0	0.16666666666666666	-0.16666666666666666	-0.22239242133644802	0	1
PTPDC1	1	frac_non_diploid	0.12734502615209464	0.09448578547032521	6	6	0.0	0.16666666666666666	-0.16666666666666666	-0.22239242133644802	0	1
PTPN12	2	frac_non_diploid	0.12734502615209464	0.09448578547032521	6	6	0.16666666666666666	0.3333333333333333	-0.16666666666666666	-0.19264507794239571	1	1
RAB28	1	frac_non_diploid	0.12734502615209464	0.09448578547032521	6	6	0.0	0.16666666666666666	-0.16666666666666666	-0.22239242133644802	0	1
RAD23B	1	frac_non_diploid	0.12734502615209464	0.09448578547032521	6	6	0.0	0.16666666666666666	-0.16666666666666666	-0.22239242133644802	0	1
RAD54L2	2	frac_non_diploid	0.12734502615209464	0.09448578547032521	6	6	0.0	0.16666666666666666	-0.16666666666666666	-0.22239242133644802	0	1
RAPGEF6	1	frac_non_diploid	0.12734502615209464	0.09448578547032521	6	6	0.0	0.16666666666666666	-0.16666666666666666	-0.22239242133644802	0	1
RBM12	3	frac_non_diploid	0.12734502615209464	0.09448578547032521	6	6	0.16666666666666666	0.3333333333333333	-0.16666666666666666	-0.19264507794239571	1	1
RBM23	1	frac_non_diploid	0.12734502615209464	0.09448578547032521	6	6	0.0	0.16666666666666666	-0.16666666666666666	-0.22239242133644802	0	1
RCN1	1	frac_non_diploid	0.12734502615209464	0.09448578547032521	6	6	0.0	0.16666666666666666	-0.16666666666666666	-0.22239242133644802	0	1
REV3L	2	frac_non_diploid	0.12734502615209464	0.09448578547032521	6	6	0.0	0.16666666666666666	-0.16666666666666666	-0.22239242133644802	0	1
RHOA	1	frac_non_diploid	0.12734502615209464	0.09448578547032521	6	6	0.0	0.16666666666666666	-0.16666666666666666	-0.22239242133644802	0	1
RHOA-IT1	1	frac_non_diploid	0.12734502615209464	0.09448578547032521	6	6	0.0	0.16666666666666666	-0.16666666666666666	-0.22239242133644802	0	1
RHOC	1	frac_non_diploid	0.12734502615209464	0.09448578547032521	6	6	0.0	0.16666666666666666	-0.16666666666666666	-0.22239242133644802	0	1
RN7SKP97	1	frac_non_diploid	0.12734502615209464	0.09448578547032521	6	6	0.0	0.16666666666666666	-0.16666666666666666	-0.22239242133644802	0	1
RN7SL23P	1	frac_non_diploid	0.12734502615209464	0.09448578547032521	6	6	0.0	0.16666666666666666	-0.16666666666666666	-0.22239242133644802	0	1
RN7SL558P	1	frac_non_diploid	0.12734502615209464	0.09448578547032521	6	6	0.0	0.16666666666666666	-0.16666666666666666	-0.22239242133644802	0	1
RNF34	1	frac_non_diploid	0.12734502615209464	0.09448578547032521	6	6	0.0	0.16666666666666666	-0.16666666666666666	-0.22239242133644802	0	1
RNU4-50P	1	frac_non_diploid	0.12734502615209464	0.09448578547032521	6	6	0.0	0.16666666666666666	-0.16666666666666666	-0.22239242133644802	0	1
RNU6-469P	1	frac_non_diploid	0.12734502615209464	0.09448578547032521	6	6	0.0	0.16666666666666666	-0.16666666666666666	-0.22239242133644802	0	1
RPA1	2	frac_non_diploid	0.12734502615209464	0.09448578547032521	6	6	0.0	0.16666666666666666	-0.16666666666666666	-0.22239242133644802	0	1
RPL8	2	frac_non_diploid	0.12734502615209464	0.09448578547032521	6	6	0.0	0.16666666666666666	-0.16666666666666666	-0.22239242133644802	0	1
RPLP1	1	frac_non_diploid	0.12734502615209464	0.09448578547032521	6	6	0.0	0.16666666666666666	-0.16666666666666666	-0.22239242133644802	0	1
RUSC2	2	frac_non_diploid	0.12734502615209464	0.09448578547032521	6	6	0.0	0.16666666666666666	-0.16666666666666666	-0.22239242133644802	0	1
SACS	1	frac_non_diploid	0.12734502615209464	0.09448578547032521	6	6	0.0	0.16666666666666666	-0.16666666666666666	-0.22239242133644802	0	1
SCML2P2	1	frac_non_diploid	0.12734502615209464	0.09448578547032521	6	6	0.0	0.16666666666666666	-0.16666666666666666	-0.22239242133644802	0	1
SCUBE3	2	frac_non_diploid	0.12734502615209464	0.09448578547032521	6	6	0.0	0.16666666666666666	-0.16666666666666666	-0.22239242133644802	0	1
SDHAF2	1	frac_non_diploid	0.12734502615209464	0.09448578547032521	6	6	0.0	0.16666666666666666	-0.16666666666666666	-0.22239242133644802	0	1
SEMA3C	3	frac_non_diploid	0.12734502615209464	0.09448578547032521	6	6	0.0	0.16666666666666666	-0.16666666666666666	-0.22239242133644802	0	1
SETD2	5	frac_non_diploid	0.12734502615209464	0.09448578547032521	6	6	0.16666666666666666	0.3333333333333333	-0.16666666666666666	-0.19264507794239571	1	1
SFSWAP	1	frac_non_diploid	0.12734502615209464	0.09448578547032521	6	6	0.0	0.16666666666666666	-0.16666666666666666	-0.22239242133644802	0	1
SGTB	1	frac_non_diploid	0.12734502615209464	0.09448578547032521	6	6	0.0	0.16666666666666666	-0.16666666666666666	-0.22239242133644802	0	1
SHKBP1	1	frac_non_diploid	0.12734502615209464	0.09448578547032521	6	6	0.0	0.16666666666666666	-0.16666666666666666	-0.22239242133644802	0	1
SLC25A39	1	frac_non_diploid	0.12734502615209464	0.09448578547032521	6	6	0.0	0.16666666666666666	-0.16666666666666666	-0.22239242133644802	0	1
SLC30A9	1	frac_non_diploid	0.12734502615209464	0.09448578547032521	6	6	0.0	0.16666666666666666	-0.16666666666666666	-0.22239242133644802	0	1
SLC38A6	1	frac_non_diploid	0.12734502615209464	0.09448578547032521	6	6	0.0	0.16666666666666666	-0.16666666666666666	-0.22239242133644802	0	1
SLC44A2	1	frac_non_diploid	0.12734502615209464	0.09448578547032521	6	6	0.0	0.16666666666666666	-0.16666666666666666	-0.22239242133644802	0	1
SLC8A1	1	frac_non_diploid	0.12734502615209464	0.09448578547032521	6	6	0.0	0.16666666666666666	-0.16666666666666666	-0.22239242133644802	0	1
SLTM	1	frac_non_diploid	0.12734502615209464	0.09448578547032521	6	6	0.0	0.16666666666666666	-0.16666666666666666	-0.22239242133644802	0	1
SMC6	1	frac_non_diploid	0.12734502615209464	0.09448578547032521	6	6	0.0	0.16666666666666666	-0.16666666666666666	-0.22239242133644802	0	1
SMG6	1	frac_non_diploid	0.12734502615209464	0.09448578547032521	6	6	0.0	0.16666666666666666	-0.16666666666666666	-0.22239242133644802	0	1
SNORA36A	1	frac_non_diploid	0.12734502615209464	0.09448578547032521	6	6	0.0	0.16666666666666666	-0.16666666666666666	-0.22239242133644802	0	1
SNORA70	1	frac_non_diploid	0.12734502615209464	0.09448578547032521	6	6	0.0	0.16666666666666666	-0.16666666666666666	-0.22239242133644802	0	1
SNORD114-15	1	frac_non_diploid	0.12734502615209464	0.09448578547032521	6	6	0.0	0.16666666666666666	-0.16666666666666666	-0.22239242133644802	0	1
SNORD114-17	1	frac_non_diploid	0.12734502615209464	0.09448578547032521	6	6	0.0	0.16666666666666666	-0.16666666666666666	-0.22239242133644802	0	1
SNORD114-19	1	frac_non_diploid	0.12734502615209464	0.09448578547032521	6	6	0.0	0.16666666666666666	-0.16666666666666666	-0.22239242133644802	0	1
SNRNP70	1	frac_non_diploid	0.12734502615209464	0.09448578547032521	6	6	0.0	0.16666666666666666	-0.16666666666666666	-0.22239242133644802	0	1
SNX13	1	frac_non_diploid	0.12734502615209464	0.09448578547032521	6	6	0.0	0.16666666666666666	-0.16666666666666666	-0.22239242133644802	0	1
SOBP	1	frac_non_diploid	0.12734502615209464	0.09448578547032521	6	6	0.0	0.16666666666666666	-0.16666666666666666	-0.22239242133644802	0	1
SPARC	5	frac_non_diploid	0.12734502615209464	0.09448578547032521	6	6	0.16666666666666666	0.3333333333333333	-0.16666666666666666	-0.19264507794239571	1	2
SPAST	1	frac_non_diploid	0.12734502615209464	0.09448578547032521	6	6	0.0	0.16666666666666666	-0.16666666666666666	-0.22239242133644802	0	1
SPIN1	3	frac_non_diploid	0.12734502615209464	0.09448578547032521	6	6	0.0	0.16666666666666666	-0.16666666666666666	-0.22239242133644802	0	1
SPTBN1	1	frac_non_diploid	0.12734502615209464	0.09448578547032521	6	6	0.0	0.16666666666666666	-0.16666666666666666	-0.22239242133644802	0	1
SRPK2	1	frac_non_diploid	0.12734502615209464	0.09448578547032521	6	6	0.0	0.16666666666666666	-0.16666666666666666	-0.22239242133644802	0	1
SRPX	1	frac_non_diploid	0.12734502615209464	0.09448578547032521	6	6	0.0	0.16666666666666666	-0.16666666666666666	-0.22239242133644802	0	1
STAG3L5P-PVRIG2P-PILRB	1	frac_non_diploid	0.12734502615209464	0.09448578547032521	6	6	0.0	0.16666666666666666	-0.16666666666666666	-0.22239242133644802	0	1
STAT1	1	frac_non_diploid	0.12734502615209464	0.09448578547032521	6	6	0.0	0.16666666666666666	-0.16666666666666666	-0.22239242133644802	0	1
STK10	1	frac_non_diploid	0.12734502615209464	0.09448578547032521	6	6	0.0	0.16666666666666666	-0.16666666666666666	-0.22239242133644802	0	1
STRN3	1	frac_non_diploid	0.12734502615209464	0.09448578547032521	6	6	0.0	0.16666666666666666	-0.16666666666666666	-0.22239242133644802	0	1
SUCO	1	frac_non_diploid	0.12734502615209464	0.09448578547032521	6	6	0.0	0.16666666666666666	-0.16666666666666666	-0.22239242133644802	0	1
SUPT20H	1	frac_non_diploid	0.12734502615209464	0.09448578547032521	6	6	0.0	0.16666666666666666	-0.16666666666666666	-0.22239242133644802	0	1
SUPT5H	1	frac_non_diploid	0.12734502615209464	0.09448578547032521	6	6	0.0	0.16666666666666666	-0.16666666666666666	-0.22239242133644802	0	1
SYTL2	1	frac_non_diploid	0.12734502615209464	0.09448578547032521	6	6	0.0	0.16666666666666666	-0.16666666666666666	-0.22239242133644802	0	1
TACC1	1	frac_non_diploid	0.12734502615209464	0.09448578547032521	6	6	0.0	0.16666666666666666	-0.16666666666666666	-0.22239242133644802	0	1
TAOK1	1	frac_non_diploid	0.12734502615209464	0.09448578547032521	6	6	0.0	0.16666666666666666	-0.16666666666666666	-0.22239242133644802	0	1
TBC1D7	1	frac_non_diploid	0.12734502615209464	0.09448578547032521	6	6	0.0	0.16666666666666666	-0.16666666666666666	-0.22239242133644802	0	1
TM9SF1	1	frac_non_diploid	0.12734502615209464	0.09448578547032521	6	6	0.0	0.16666666666666666	-0.16666666666666666	-0.22239242133644802	0	1
TMED2	1	frac_non_diploid	0.12734502615209464	0.09448578547032521	6	6	0.0	0.16666666666666666	-0.16666666666666666	-0.22239242133644802	0	1
TMEM181	3	frac_non_diploid	0.12734502615209464	0.09448578547032521	6	6	0.16666666666666666	0.3333333333333333	-0.16666666666666666	-0.19264507794239571	1	2
TMX1	1	frac_non_diploid	0.12734502615209464	0.09448578547032521	6	6	0.0	0.16666666666666666	-0.16666666666666666	-0.22239242133644802	0	1
TNPO3	2	frac_non_diploid	0.12734502615209464	0.09448578547032521	6	6	0.0	0.16666666666666666	-0.16666666666666666	-0.22239242133644802	0	1
TNS3	1	frac_non_diploid	0.12734502615209464	0.09448578547032521	6	6	0.0	0.16666666666666666	-0.16666666666666666	-0.22239242133644802	0	1
TOX	1	frac_non_diploid	0.12734502615209464	0.09448578547032521	6	6	0.0	0.16666666666666666	-0.16666666666666666	-0.22239242133644802	0	1
TP53I11	1	frac_non_diploid	0.12734502615209464	0.09448578547032521	6	6	0.0	0.16666666666666666	-0.16666666666666666	-0.22239242133644802	0	1
TPM1	1	frac_non_diploid	0.12734502615209464	0.09448578547032521	6	6	0.0	0.16666666666666666	-0.16666666666666666	-0.22239242133644802	0	1
TPM2	1	frac_non_diploid	0.12734502615209464	0.09448578547032521	6	6	0.0	0.16666666666666666	-0.16666666666666666	-0.22239242133644802	0	1
TRHDE	2	frac_non_diploid	0.12734502615209464	0.09448578547032521	6	6	0.16666666666666666	0.3333333333333333	-0.16666666666666666	-0.19264507794239571	1	1
TTC21B	1	frac_non_diploid	0.12734502615209464	0.09448578547032521	6	6	0.0	0.16666666666666666	-0.16666666666666666	-0.22239242133644802	0	1
TTC7A	2	frac_non_diploid	0.12734502615209464	0.09448578547032521	6	6	0.16666666666666666	0.3333333333333333	-0.16666666666666666	-0.19264507794239571	1	1
TUSC3	2	frac_non_diploid	0.12734502615209464	0.09448578547032521	6	6	0.0	0.16666666666666666	-0.16666666666666666	-0.22239242133644802	0	1
UBAC2	1	frac_non_diploid	0.12734502615209464	0.09448578547032521	6	6	0.0	0.16666666666666666	-0.16666666666666666	-0.22239242133644802	0	1
UBE2K	1	frac_non_diploid	0.12734502615209464	0.09448578547032521	6	6	0.0	0.16666666666666666	-0.16666666666666666	-0.22239242133644802	0	1
UBFD1	1	frac_non_diploid	0.12734502615209464	0.09448578547032521	6	6	0.0	0.16666666666666666	-0.16666666666666666	-0.22239242133644802	0	1
UQCC1	1	frac_non_diploid	0.12734502615209464	0.09448578547032521	6	6	0.0	0.16666666666666666	-0.16666666666666666	-0.22239242133644802	0	1
USP13	2	frac_non_diploid	0.12734502615209464	0.09448578547032521	6	6	0.0	0.16666666666666666	-0.16666666666666666	-0.22239242133644802	0	1
USP36	2	frac_non_diploid	0.12734502615209464	0.09448578547032521	6	6	0.0	0.16666666666666666	-0.16666666666666666	-0.22239242133644802	0	1
USP48	2	frac_non_diploid	0.12734502615209464	0.09448578547032521	6	6	0.16666666666666666	0.3333333333333333	-0.16666666666666666	-0.19264507794239571	1	1
VPS13B	3	frac_non_diploid	0.12734502615209464	0.09448578547032521	6	6	0.16666666666666666	0.3333333333333333	-0.16666666666666666	-0.19264507794239571	1	1
VPS35	1	frac_non_diploid	0.12734502615209464	0.09448578547032521	6	6	0.0	0.16666666666666666	-0.16666666666666666	-0.22239242133644802	0	1
WDFY3	1	frac_non_diploid	0.12734502615209464	0.09448578547032521	6	6	0.0	0.16666666666666666	-0.16666666666666666	-0.22239242133644802	0	1
WIPI1	2	frac_non_diploid	0.12734502615209464	0.09448578547032521	6	6	0.0	0.16666666666666666	-0.16666666666666666	-0.22239242133644802	0	1
WIZ	1	frac_non_diploid	0.12734502615209464	0.09448578547032521	6	6	0.0	0.16666666666666666	-0.16666666666666666	-0.22239242133644802	0	1
XKR4	1	frac_non_diploid	0.12734502615209464	0.09448578547032521	6	6	0.0	0.16666666666666666	-0.16666666666666666	-0.22239242133644802	0	1
YEATS2	2	frac_non_diploid	0.12734502615209464	0.09448578547032521	6	6	0.0	0.16666666666666666	-0.16666666666666666	-0.22239242133644802	0	1
YWHAQ	1	frac_non_diploid	0.12734502615209464	0.09448578547032521	6	6	0.0	0.16666666666666666	-0.16666666666666666	-0.22239242133644802	0	1
ZCCHC24	1	frac_non_diploid	0.12734502615209464	0.09448578547032521	6	6	0.0	0.16666666666666666	-0.16666666666666666	-0.22239242133644802	0	1
ZDHHC7	1	frac_non_diploid	0.12734502615209464	0.09448578547032521	6	6	0.0	0.16666666666666666	-0.16666666666666666	-0.22239242133644802	0	1
ZMYND8	1	frac_non_diploid	0.12734502615209464	0.09448578547032521	6	6	0.0	0.16666666666666666	-0.16666666666666666	-0.22239242133644802	0	1
ZNF148	1	frac_non_diploid	0.12734502615209464	0.09448578547032521	6	6	0.0	0.16666666666666666	-0.16666666666666666	-0.22239242133644802	0	1
ZNF292	1	frac_non_diploid	0.12734502615209464	0.09448578547032521	6	6	0.0	0.16666666666666666	-0.16666666666666666	-0.22239242133644802	0	1
ZNF606	1	frac_non_diploid	0.12734502615209464	0.09448578547032521	6	6	0.0	0.16666666666666666	-0.16666666666666666	-0.22239242133644802	0	1
ZNF652	1	frac_non_diploid	0.12734502615209464	0.09448578547032521	6	6	0.0	0.16666666666666666	-0.16666666666666666	-0.22239242133644802	0	1
ZSWIM4	1	frac_non_diploid	0.12734502615209464	0.09448578547032521	6	6	0.0	0.16666666666666666	-0.16666666666666666	-0.22239242133644802	0	1
ZZEF1	1	frac_non_diploid	0.12734502615209464	0.09448578547032521	6	6	0.0	0.16666666666666666	-0.16666666666666666	-0.22239242133644802	0	1
ACTB	6	frac_non_diploid	0.12734502615209464	0.09448578547032521	6	6	0.3333333333333333	0.5	-0.16666666666666669	-0.16992500144231246	2	2
BACH1	3	frac_non_diploid	0.12734502615209464	0.09448578547032521	6	6	0.3333333333333333	0.5	-0.16666666666666669	-0.16992500144231246	1	2
CLASP1	3	frac_non_diploid	0.12734502615209464	0.09448578547032521	6	6	0.3333333333333333	0.5	-0.16666666666666669	-0.16992500144231246	2	2
ENSG00000276740	3	frac_non_diploid	0.12734502615209464	0.09448578547032521	6	6	0.3333333333333333	0.5	-0.16666666666666669	-0.16992500144231246	1	2
FKBP8	2	frac_non_diploid	0.12734502615209464	0.09448578547032521	6	6	0.3333333333333333	0.5	-0.16666666666666669	-0.16992500144231246	1	2
HERC4	5	frac_non_diploid	0.12734502615209464	0.09448578547032521	6	6	0.3333333333333333	0.5	-0.16666666666666669	-0.16992500144231246	1	2
PACSIN2	3	frac_non_diploid	0.12734502615209464	0.09448578547032521	6	6	0.3333333333333333	0.5	-0.16666666666666669	-0.16992500144231246	2	1
RAB7A	1	frac_non_diploid	0.12734502615209464	0.09448578547032521	6	6	0.3333333333333333	0.5	-0.16666666666666669	-0.16992500144231246	1	1
TRIO	7	frac_non_diploid	0.12734502615209464	0.09448578547032521	6	6	0.3333333333333333	0.5	-0.16666666666666669	-0.16992500144231246	1	2
USP34	2	frac_non_diploid	0.12734502615209464	0.09448578547032521	6	6	0.3333333333333333	0.5	-0.16666666666666669	-0.16992500144231246	1	1
ATP8B1	7	frac_non_diploid	0.12734502615209464	0.09448578547032521	6	6	1.0	1.1666666666666667	-0.16666666666666674	-0.11547721741993625	3	2
EIF4G3	7	frac_non_diploid	0.12734502615209464	0.09448578547032521	6	6	0.6666666666666666	0.8333333333333334	-0.16666666666666674	-0.13750352374993513	2	2
FAT1	4	frac_non_diploid	0.12734502615209464	0.09448578547032521	6	6	1.3333333333333333	1.5	-0.16666666666666674	-0.09953567355091457	3	3
MT1A	2	frac_non_diploid	0.12734502615209464	0.09448578547032521	6	6	1.8333333333333333	2.0	-0.16666666666666674	-0.08246216019197317	1	2
ACTN1	2	frac_non_diploid	0.12734502615209464	0.09448578547032521	6	6	0.0	0.3333333333333333	-0.3333333333333333	-0.4150374992788438	0	1
ACTR1B	1	frac_non_diploid	0.12734502615209464	0.09448578547032521	6	6	0.0	0.3333333333333333	-0.3333333333333333	-0.4150374992788438	0	1
ADAMTS12	1	frac_non_diploid	0.12734502615209464	0.09448578547032521	6	6	0.0	0.3333333333333333	-0.3333333333333333	-0.4150374992788438	0	1
ADNP	1	frac_non_diploid	0.12734502615209464	0.09448578547032521	6	6	0.0	0.3333333333333333	-0.3333333333333333	-0.4150374992788438	0	1
AGTPBP1	1	frac_non_diploid	0.12734502615209464	0.09448578547032521	6	6	0.0	0.3333333333333333	-0.3333333333333333	-0.4150374992788438	0	1
AKAP8	2	frac_non_diploid	0.12734502615209464	0.09448578547032521	6	6	0.0	0.3333333333333333	-0.3333333333333333	-0.4150374992788438	0	1
ARL13B	1	frac_non_diploid	0.12734502615209464	0.09448578547032521	6	6	0.0	0.3333333333333333	-0.3333333333333333	-0.4150374992788438	0	1
ASH1L	5	frac_non_diploid	0.12734502615209464	0.09448578547032521	6	6	0.3333333333333333	0.6666666666666666	-0.3333333333333333	-0.3219280948873623	1	1
ATP9A	2	frac_non_diploid	0.12734502615209464	0.09448578547032521	6	6	0.0	0.3333333333333333	-0.3333333333333333	-0.4150374992788438	0	1
BCAS4	1	frac_non_diploid	0.12734502615209464	0.09448578547032521	6	6	0.0	0.3333333333333333	-0.3333333333333333	-0.4150374992788438	0	1
BIRC6	4	frac_non_diploid	0.12734502615209464	0.09448578547032521	6	6	0.0	0.3333333333333333	-0.3333333333333333	-0.4150374992788438	0	2
BRCA2	1	frac_non_diploid	0.12734502615209464	0.09448578547032521	6	6	0.0	0.3333333333333333	-0.3333333333333333	-0.4150374992788438	0	1
BRD4	1	frac_non_diploid	0.12734502615209464	0.09448578547032521	6	6	0.0	0.3333333333333333	-0.3333333333333333	-0.4150374992788438	0	1
BRD8	1	frac_non_diploid	0.12734502615209464	0.09448578547032521	6	6	0.0	0.3333333333333333	-0.3333333333333333	-0.4150374992788438	0	1
BSG	1	frac_non_diploid	0.12734502615209464	0.09448578547032521	6	6	0.0	0.3333333333333333	-0.3333333333333333	-0.4150374992788438	0	1
CCDC18-AS1	1	frac_non_diploid	0.12734502615209464	0.09448578547032521	6	6	0.0	0.3333333333333333	-0.3333333333333333	-0.4150374992788438	0	1
CDK14	3	frac_non_diploid	0.12734502615209464	0.09448578547032521	6	6	0.0	0.3333333333333333	-0.3333333333333333	-0.4150374992788438	0	2
CHAF1B	1	frac_non_diploid	0.12734502615209464	0.09448578547032521	6	6	0.0	0.3333333333333333	-0.3333333333333333	-0.4150374992788438	0	1
CNN1	1	frac_non_diploid	0.12734502615209464	0.09448578547032521	6	6	0.0	0.3333333333333333	-0.3333333333333333	-0.4150374992788438	0	1
COG6	1	frac_non_diploid	0.12734502615209464	0.09448578547032521	6	6	0.0	0.3333333333333333	-0.3333333333333333	-0.4150374992788438	0	1
COX5A	2	frac_non_diploid	0.12734502615209464	0.09448578547032521	6	6	0.0	0.3333333333333333	-0.3333333333333333	-0.4150374992788438	0	1
CPT1C	1	frac_non_diploid	0.12734502615209464	0.09448578547032521	6	6	0.0	0.3333333333333333	-0.3333333333333333	-0.4150374992788438	0	1
DAB2	2	frac_non_diploid	0.12734502615209464	0.09448578547032521	6	6	0.0	0.3333333333333333	-0.3333333333333333	-0.4150374992788438	0	2
DENND4A	1	frac_non_diploid	0.12734502615209464	0.09448578547032521	6	6	0.0	0.3333333333333333	-0.3333333333333333	-0.4150374992788438	0	1
DLG1	2	frac_non_diploid	0.12734502615209464	0.09448578547032521	6	6	0.0	0.3333333333333333	-0.3333333333333333	-0.4150374992788438	0	1
DNAAF9	1	frac_non_diploid	0.12734502615209464	0.09448578547032521	6	6	0.0	0.3333333333333333	-0.3333333333333333	-0.4150374992788438	0	1
DNAI4	1	frac_non_diploid	0.12734502615209464	0.09448578547032521	6	6	0.0	0.3333333333333333	-0.3333333333333333	-0.4150374992788438	0	1
DPF3	1	frac_non_diploid	0.12734502615209464	0.09448578547032521	6	6	0.0	0.3333333333333333	-0.3333333333333333	-0.4150374992788438	0	1
ECD	1	frac_non_diploid	0.12734502615209464	0.09448578547032521	6	6	0.0	0.3333333333333333	-0.3333333333333333	-0.4150374992788438	0	1
ECE1	1	frac_non_diploid	0.12734502615209464	0.09448578547032521	6	6	0.0	0.3333333333333333	-0.3333333333333333	-0.4150374992788438	0	1
EEF1A1P3	1	frac_non_diploid	0.12734502615209464	0.09448578547032521	6	6	0.0	0.3333333333333333	-0.3333333333333333	-0.4150374992788438	0	1
EHD1	1	frac_non_diploid	0.12734502615209464	0.09448578547032521	6	6	0.0	0.3333333333333333	-0.3333333333333333	-0.4150374992788438	0	1
EMSY	1	frac_non_diploid	0.12734502615209464	0.09448578547032521	6	6	0.0	0.3333333333333333	-0.3333333333333333	-0.4150374992788438	0	1
ENSG00000212445	2	frac_non_diploid	0.12734502615209464	0.09448578547032521	6	6	0.0	0.3333333333333333	-0.3333333333333333	-0.4150374992788438	0	1
ENSG00000229567	1	frac_non_diploid	0.12734502615209464	0.09448578547032521	6	6	0.0	0.3333333333333333	-0.3333333333333333	-0.4150374992788438	0	1
ENSG00000240808	1	frac_non_diploid	0.12734502615209464	0.09448578547032521	6	6	0.0	0.3333333333333333	-0.3333333333333333	-0.4150374992788438	0	1
ENSG00000241069	1	frac_non_diploid	0.12734502615209464	0.09448578547032521	6	6	0.0	0.3333333333333333	-0.3333333333333333	-0.4150374992788438	0	1
ENSG00000254673	1	frac_non_diploid	0.12734502615209464	0.09448578547032521	6	6	0.0	0.3333333333333333	-0.3333333333333333	-0.4150374992788438	0	1
ENSG00000255356	1	frac_non_diploid	0.12734502615209464	0.09448578547032521	6	6	0.0	0.3333333333333333	-0.3333333333333333	-0.4150374992788438	0	1
ENSG00000259580	1	frac_non_diploid	0.12734502615209464	0.09448578547032521	6	6	0.0	0.3333333333333333	-0.3333333333333333	-0.4150374992788438	0	1
ENSG00000265401	2	frac_non_diploid	0.12734502615209464	0.09448578547032521	6	6	0.0	0.3333333333333333	-0.3333333333333333	-0.4150374992788438	0	1
ENSG00000268163	1	frac_non_diploid	0.12734502615209464	0.09448578547032521	6	6	0.0	0.3333333333333333	-0.3333333333333333	-0.4150374992788438	0	1
ENSG00000269547	1	frac_non_diploid	0.12734502615209464	0.09448578547032521	6	6	0.0	0.3333333333333333	-0.3333333333333333	-0.4150374992788438	0	1
ENSG00000273218	1	frac_non_diploid	0.12734502615209464	0.09448578547032521	6	6	0.0	0.3333333333333333	-0.3333333333333333	-0.4150374992788438	0	1
ENSG00000276248	1	frac_non_diploid	0.12734502615209464	0.09448578547032521	6	6	0.0	0.3333333333333333	-0.3333333333333333	-0.4150374992788438	0	1
ENSG00000276916	1	frac_non_diploid	0.12734502615209464	0.09448578547032521	6	6	0.0	0.3333333333333333	-0.3333333333333333	-0.4150374992788438	0	1
ENSG00000288529	1	frac_non_diploid	0.12734502615209464	0.09448578547032521	6	6	0.0	0.3333333333333333	-0.3333333333333333	-0.4150374992788438	0	1
ENSG00000288849	1	frac_non_diploid	0.12734502615209464	0.09448578547032521	6	6	0.0	0.3333333333333333	-0.3333333333333333	-0.4150374992788438	0	1
ENSG00000289699	3	frac_non_diploid	0.12734502615209464	0.09448578547032521	6	6	0.0	0.3333333333333333	-0.3333333333333333	-0.4150374992788438	0	2
EPB41L5	2	frac_non_diploid	0.12734502615209464	0.09448578547032521	6	6	0.0	0.3333333333333333	-0.3333333333333333	-0.4150374992788438	0	1
EPHX3	1	frac_non_diploid	0.12734502615209464	0.09448578547032521	6	6	0.0	0.3333333333333333	-0.3333333333333333	-0.4150374992788438	0	1
ERC1	1	frac_non_diploid	0.12734502615209464	0.09448578547032521	6	6	0.0	0.3333333333333333	-0.3333333333333333	-0.4150374992788438	0	2
ERICH6	1	frac_non_diploid	0.12734502615209464	0.09448578547032521	6	6	0.0	0.3333333333333333	-0.3333333333333333	-0.4150374992788438	0	1
ESYT1	1	frac_non_diploid	0.12734502615209464	0.09448578547032521	6	6	0.0	0.3333333333333333	-0.3333333333333333	-0.4150374992788438	0	1
ETV6	1	frac_non_diploid	0.12734502615209464	0.09448578547032521	6	6	0.0	0.3333333333333333	-0.3333333333333333	-0.4150374992788438	0	1
EVI5	1	frac_non_diploid	0.12734502615209464	0.09448578547032521	6	6	0.0	0.3333333333333333	-0.3333333333333333	-0.4150374992788438	0	1
FAM120A	2	frac_non_diploid	0.12734502615209464	0.09448578547032521	6	6	0.0	0.3333333333333333	-0.3333333333333333	-0.4150374992788438	0	1
FBLN1	1	frac_non_diploid	0.12734502615209464	0.09448578547032521	6	6	0.0	0.3333333333333333	-0.3333333333333333	-0.4150374992788438	0	1
FBXO17	1	frac_non_diploid	0.12734502615209464	0.09448578547032521	6	6	0.0	0.3333333333333333	-0.3333333333333333	-0.4150374992788438	0	1
FGD6	1	frac_non_diploid	0.12734502615209464	0.09448578547032521	6	6	0.0	0.3333333333333333	-0.3333333333333333	-0.4150374992788438	0	1
FSIP1	3	frac_non_diploid	0.12734502615209464	0.09448578547032521	6	6	0.0	0.3333333333333333	-0.3333333333333333	-0.4150374992788438	0	1
FUBP1	1	frac_non_diploid	0.12734502615209464	0.09448578547032521	6	6	0.0	0.3333333333333333	-0.3333333333333333	-0.4150374992788438	0	1
GCN1	2	frac_non_diploid	0.12734502615209464	0.09448578547032521	6	6	0.0	0.3333333333333333	-0.3333333333333333	-0.4150374992788438	0	1
GPR176	1	frac_non_diploid	0.12734502615209464	0.09448578547032521	6	6	0.0	0.3333333333333333	-0.3333333333333333	-0.4150374992788438	0	1
HMGCS1	1	frac_non_diploid	0.12734502615209464	0.09448578547032521	6	6	0.0	0.3333333333333333	-0.3333333333333333	-0.4150374992788438	0	1
HOOK3	1	frac_non_diploid	0.12734502615209464	0.09448578547032521	6	6	0.0	0.3333333333333333	-0.3333333333333333	-0.4150374992788438	0	1
INTS2	3	frac_non_diploid	0.12734502615209464	0.09448578547032521	6	6	0.0	0.3333333333333333	-0.3333333333333333	-0.4150374992788438	0	1
LAMA5	1	frac_non_diploid	0.12734502615209464	0.09448578547032521	6	6	0.0	0.3333333333333333	-0.3333333333333333	-0.4150374992788438	0	1
MAP3K5	3	frac_non_diploid	0.12734502615209464	0.09448578547032521	6	6	0.0	0.3333333333333333	-0.3333333333333333	-0.4150374992788438	0	2
MAPK9	1	frac_non_diploid	0.12734502615209464	0.09448578547032521	6	6	0.0	0.3333333333333333	-0.3333333333333333	-0.4150374992788438	0	1
MDM2	1	frac_non_diploid	0.12734502615209464	0.09448578547032521	6	6	0.0	0.3333333333333333	-0.3333333333333333	-0.4150374992788438	0	1
MED27	1	frac_non_diploid	0.12734502615209464	0.09448578547032521	6	6	0.0	0.3333333333333333	-0.3333333333333333	-0.4150374992788438	0	1
MGAT5	3	frac_non_diploid	0.12734502615209464	0.09448578547032521	6	6	0.0	0.3333333333333333	-0.3333333333333333	-0.4150374992788438	0	1
MIR31HG	1	frac_non_diploid	0.12734502615209464	0.09448578547032521	6	6	0.0	0.3333333333333333	-0.3333333333333333	-0.4150374992788438	0	1
MIR3605	1	frac_non_diploid	0.12734502615209464	0.09448578547032521	6	6	0.0	0.3333333333333333	-0.3333333333333333	-0.4150374992788438	0	1
MIR4498	1	frac_non_diploid	0.12734502615209464	0.09448578547032521	6	6	0.0	0.3333333333333333	-0.3333333333333333	-0.4150374992788438	0	1
MIR576	1	frac_non_diploid	0.12734502615209464	0.09448578547032521	6	6	0.0	0.3333333333333333	-0.3333333333333333	-0.4150374992788438	0	1
MLH3	1	frac_non_diploid	0.12734502615209464	0.09448578547032521	6	6	0.0	0.3333333333333333	-0.3333333333333333	-0.4150374992788438	0	1
MLYCD	1	frac_non_diploid	0.12734502615209464	0.09448578547032521	6	6	0.0	0.3333333333333333	-0.3333333333333333	-0.4150374992788438	0	1
NCOR1	2	frac_non_diploid	0.12734502615209464	0.09448578547032521	6	6	0.0	0.3333333333333333	-0.3333333333333333	-0.4150374992788438	0	1
NECAP2	1	frac_non_diploid	0.12734502615209464	0.09448578547032521	6	6	0.0	0.3333333333333333	-0.3333333333333333	-0.4150374992788438	0	1
NECTIN2	2	frac_non_diploid	0.12734502615209464	0.09448578547032521	6	6	0.0	0.3333333333333333	-0.3333333333333333	-0.4150374992788438	0	2
NOD1	1	frac_non_diploid	0.12734502615209464	0.09448578547032521	6	6	0.0	0.3333333333333333	-0.3333333333333333	-0.4150374992788438	0	1
NOTCH3	1	frac_non_diploid	0.12734502615209464	0.09448578547032521	6	6	0.0	0.3333333333333333	-0.3333333333333333	-0.4150374992788438	0	1
NPHP3	1	frac_non_diploid	0.12734502615209464	0.09448578547032521	6	6	0.0	0.3333333333333333	-0.3333333333333333	-0.4150374992788438	0	1
NPHP3-ACAD11	1	frac_non_diploid	0.12734502615209464	0.09448578547032521	6	6	0.0	0.3333333333333333	-0.3333333333333333	-0.4150374992788438	0	1
NUP153	1	frac_non_diploid	0.12734502615209464	0.09448578547032521	6	6	0.0	0.3333333333333333	-0.3333333333333333	-0.4150374992788438	0	1
OTUD5	1	frac_non_diploid	0.12734502615209464	0.09448578547032521	6	6	0.0	0.3333333333333333	-0.3333333333333333	-0.4150374992788438	0	1
OXCT1	1	frac_non_diploid	0.12734502615209464	0.09448578547032521	6	6	0.0	0.3333333333333333	-0.3333333333333333	-0.4150374992788438	0	1
PDGFC	1	frac_non_diploid	0.12734502615209464	0.09448578547032521	6	6	0.0	0.3333333333333333	-0.3333333333333333	-0.4150374992788438	0	1
PHACTR2	2	frac_non_diploid	0.12734502615209464	0.09448578547032521	6	6	0.0	0.3333333333333333	-0.3333333333333333	-0.4150374992788438	0	2
PHC2	1	frac_non_diploid	0.12734502615209464	0.09448578547032521	6	6	0.0	0.3333333333333333	-0.3333333333333333	-0.4150374992788438	0	1
PHF21A	1	frac_non_diploid	0.12734502615209464	0.09448578547032521	6	6	0.0	0.3333333333333333	-0.3333333333333333	-0.4150374992788438	0	1
PMS2	1	frac_non_diploid	0.12734502615209464	0.09448578547032521	6	6	0.0	0.3333333333333333	-0.3333333333333333	-0.4150374992788438	0	1
POLH	1	frac_non_diploid	0.12734502615209464	0.09448578547032521	6	6	0.0	0.3333333333333333	-0.3333333333333333	-0.4150374992788438	0	1
POU5F1P5	2	frac_non_diploid	0.12734502615209464	0.09448578547032521	6	6	0.0	0.3333333333333333	-0.3333333333333333	-0.4150374992788438	0	2
PPP6R3	1	frac_non_diploid	0.12734502615209464	0.09448578547032521	6	6	0.0	0.3333333333333333	-0.3333333333333333	-0.4150374992788438	0	1
PRKCA	2	frac_non_diploid	0.12734502615209464	0.09448578547032521	6	6	0.3333333333333333	0.6666666666666666	-0.3333333333333333	-0.3219280948873623	1	1
PTPRG	1	frac_non_diploid	0.12734502615209464	0.09448578547032521	6	6	0.0	0.3333333333333333	-0.3333333333333333	-0.4150374992788438	0	1
RAB31	1	frac_non_diploid	0.12734502615209464	0.09448578547032521	6	6	0.0	0.3333333333333333	-0.3333333333333333	-0.4150374992788438	0	1
RERE	2	frac_non_diploid	0.12734502615209464	0.09448578547032521	6	6	0.0	0.3333333333333333	-0.3333333333333333	-0.4150374992788438	0	1
RN7SL220P	2	frac_non_diploid	0.12734502615209464	0.09448578547032521	6	6	0.0	0.3333333333333333	-0.3333333333333333	-0.4150374992788438	0	2
SEMA3F	1	frac_non_diploid	0.12734502615209464	0.09448578547032521	6	6	0.0	0.3333333333333333	-0.3333333333333333	-0.4150374992788438	0	1
SH2B3	2	frac_non_diploid	0.12734502615209464	0.09448578547032521	6	6	0.0	0.3333333333333333	-0.3333333333333333	-0.4150374992788438	0	1
SHISA5	1	frac_non_diploid	0.12734502615209464	0.09448578547032521	6	6	0.0	0.3333333333333333	-0.3333333333333333	-0.4150374992788438	0	1
SLC2A14	1	frac_non_diploid	0.12734502615209464	0.09448578547032521	6	6	0.0	0.3333333333333333	-0.3333333333333333	-0.4150374992788438	0	1
SLC2A3	1	frac_non_diploid	0.12734502615209464	0.09448578547032521	6	6	0.0	0.3333333333333333	-0.3333333333333333	-0.4150374992788438	0	1
SLC4A7	3	frac_non_diploid	0.12734502615209464	0.09448578547032521	6	6	0.0	0.3333333333333333	-0.3333333333333333	-0.4150374992788438	0	1
SMO	2	frac_non_diploid	0.12734502615209464	0.09448578547032521	6	6	0.0	0.3333333333333333	-0.3333333333333333	-0.4150374992788438	0	2
SMU1	1	frac_non_diploid	0.12734502615209464	0.09448578547032521	6	6	0.0	0.3333333333333333	-0.3333333333333333	-0.4150374992788438	0	1
SNX25	1	frac_non_diploid	0.12734502615209464	0.09448578547032521	6	6	0.0	0.3333333333333333	-0.3333333333333333	-0.4150374992788438	0	1
SOAT1	3	frac_non_diploid	0.12734502615209464	0.09448578547032521	6	6	0.0	0.3333333333333333	-0.3333333333333333	-0.4150374992788438	0	1
SPTLC1P1	1	frac_non_diploid	0.12734502615209464	0.09448578547032521	6	6	0.0	0.3333333333333333	-0.3333333333333333	-0.4150374992788438	0	1
STK32B	1	frac_non_diploid	0.12734502615209464	0.09448578547032521	6	6	0.0	0.3333333333333333	-0.3333333333333333	-0.4150374992788438	0	1
STK39	2	frac_non_diploid	0.12734502615209464	0.09448578547032521	6	6	0.0	0.3333333333333333	-0.3333333333333333	-0.4150374992788438	0	1
STX17	1	frac_non_diploid	0.12734502615209464	0.09448578547032521	6	6	0.0	0.3333333333333333	-0.3333333333333333	-0.4150374992788438	0	1
TAGLN	1	frac_non_diploid	0.12734502615209464	0.09448578547032521	6	6	0.0	0.3333333333333333	-0.3333333333333333	-0.4150374992788438	0	1
TBC1D19	2	frac_non_diploid	0.12734502615209464	0.09448578547032521	6	6	0.0	0.3333333333333333	-0.3333333333333333	-0.4150374992788438	0	1
TBL1X	1	frac_non_diploid	0.12734502615209464	0.09448578547032521	6	6	0.0	0.3333333333333333	-0.3333333333333333	-0.4150374992788438	0	1
TBPL1	1	frac_non_diploid	0.12734502615209464	0.09448578547032521	6	6	0.0	0.3333333333333333	-0.3333333333333333	-0.4150374992788438	0	1
THSD4	1	frac_non_diploid	0.12734502615209464	0.09448578547032521	6	6	0.0	0.3333333333333333	-0.3333333333333333	-0.4150374992788438	0	1
TMCO3	1	frac_non_diploid	0.12734502615209464	0.09448578547032521	6	6	0.0	0.3333333333333333	-0.3333333333333333	-0.4150374992788438	0	1
TMEM165	1	frac_non_diploid	0.12734502615209464	0.09448578547032521	6	6	0.0	0.3333333333333333	-0.3333333333333333	-0.4150374992788438	0	1
TMEM245	2	frac_non_diploid	0.12734502615209464	0.09448578547032521	6	6	0.0	0.3333333333333333	-0.3333333333333333	-0.4150374992788438	0	2
TMEM44	1	frac_non_diploid	0.12734502615209464	0.09448578547032521	6	6	0.0	0.3333333333333333	-0.3333333333333333	-0.4150374992788438	0	1
TMLHE	1	frac_non_diploid	0.12734502615209464	0.09448578547032521	6	6	0.0	0.3333333333333333	-0.3333333333333333	-0.4150374992788438	0	1
TRIP12	1	frac_non_diploid	0.12734502615209464	0.09448578547032521	6	6	0.0	0.3333333333333333	-0.3333333333333333	-0.4150374992788438	0	1
TSC1	1	frac_non_diploid	0.12734502615209464	0.09448578547032521	6	6	0.0	0.3333333333333333	-0.3333333333333333	-0.4150374992788438	0	1
USP31	1	frac_non_diploid	0.12734502615209464	0.09448578547032521	6	6	0.0	0.3333333333333333	-0.3333333333333333	-0.4150374992788438	0	1
VN1R1	1	frac_non_diploid	0.12734502615209464	0.09448578547032521	6	6	0.0	0.3333333333333333	-0.3333333333333333	-0.4150374992788438	0	1
XPNPEP3	1	frac_non_diploid	0.12734502615209464	0.09448578547032521	6	6	0.0	0.3333333333333333	-0.3333333333333333	-0.4150374992788438	0	1
YIF1B	1	frac_non_diploid	0.12734502615209464	0.09448578547032521	6	6	0.0	0.3333333333333333	-0.3333333333333333	-0.4150374992788438	0	1
ZDHHC20	1	frac_non_diploid	0.12734502615209464	0.09448578547032521	6	6	0.0	0.3333333333333333	-0.3333333333333333	-0.4150374992788438	0	1
ZNF134	1	frac_non_diploid	0.12734502615209464	0.09448578547032521	6	6	0.0	0.3333333333333333	-0.3333333333333333	-0.4150374992788438	0	1
ZNF415P1	1	frac_non_diploid	0.12734502615209464	0.09448578547032521	6	6	0.0	0.3333333333333333	-0.3333333333333333	-0.4150374992788438	0	1
ZNF525	1	frac_non_diploid	0.12734502615209464	0.09448578547032521	6	6	0.0	0.3333333333333333	-0.3333333333333333	-0.4150374992788438	0	1
ZNF765	1	frac_non_diploid	0.12734502615209464	0.09448578547032521	6	6	0.0	0.3333333333333333	-0.3333333333333333	-0.4150374992788438	0	1
ZNF845	1	frac_non_diploid	0.12734502615209464	0.09448578547032521	6	6	0.0	0.3333333333333333	-0.3333333333333333	-0.4150374992788438	0	1
ANO10	3	frac_non_diploid	0.12734502615209464	0.09448578547032521	6	6	0.16666666666666666	0.5	-0.33333333333333337	-0.36257007938470825	1	1
APOBEC3C	3	frac_non_diploid	0.12734502615209464	0.09448578547032521	6	6	0.16666666666666666	0.5	-0.33333333333333337	-0.36257007938470825	1	1
APOBEC3D	2	frac_non_diploid	0.12734502615209464	0.09448578547032521	6	6	0.16666666666666666	0.5	-0.33333333333333337	-0.36257007938470825	1	1
ARID1A	2	frac_non_diploid	0.12734502615209464	0.09448578547032521	6	6	0.16666666666666666	0.5	-0.33333333333333337	-0.36257007938470825	1	1
ASCC3	5	frac_non_diploid	0.12734502615209464	0.09448578547032521	6	6	0.16666666666666666	0.5	-0.33333333333333337	-0.36257007938470825	1	1
ATXN10	4	frac_non_diploid	0.12734502615209464	0.09448578547032521	6	6	0.16666666666666666	0.5	-0.33333333333333337	-0.36257007938470825	1	2
BARD1	3	frac_non_diploid	0.12734502615209464	0.09448578547032521	6	6	0.5	0.8333333333333334	-0.33333333333333337	-0.289506617194985	1	1
ENSG00000284554	3	frac_non_diploid	0.12734502615209464	0.09448578547032521	6	6	0.16666666666666666	0.5	-0.33333333333333337	-0.36257007938470825	1	1
HSPG2	4	frac_non_diploid	0.12734502615209464	0.09448578547032521	6	6	0.16666666666666666	0.5	-0.33333333333333337	-0.36257007938470825	1	1
KNTC1	3	frac_non_diploid	0.12734502615209464	0.09448578547032521	6	6	0.16666666666666666	0.5	-0.33333333333333337	-0.36257007938470825	1	1
VPS13C	4	frac_non_diploid	0.12734502615209464	0.09448578547032521	6	6	0.16666666666666666	0.5	-0.33333333333333337	-0.36257007938470825	1	2
ZEB1	3	frac_non_diploid	0.12734502615209464	0.09448578547032521	6	6	0.16666666666666666	0.5	-0.33333333333333337	-0.36257007938470825	1	2
ANTXR1	1	frac_non_diploid	0.12734502615209464	0.09448578547032521	6	6	0.0	0.5	-0.5	-0.5849625007211563	0	1
ARFGEF2	1	frac_non_diploid	0.12734502615209464	0.09448578547032521	6	6	0.0	0.5	-0.5	-0.5849625007211563	0	1
ARHGEF9	2	frac_non_diploid	0.12734502615209464	0.09448578547032521	6	6	0.0	0.5	-0.5	-0.5849625007211563	0	1
ARHGEF9-IT1	2	frac_non_diploid	0.12734502615209464	0.09448578547032521	6	6	0.0	0.5	-0.5	-0.5849625007211563	0	1
ARID1B	1	frac_non_diploid	0.12734502615209464	0.09448578547032521	6	6	0.0	0.5	-0.5	-0.5849625007211563	0	1
ARNT2	2	frac_non_diploid	0.12734502615209464	0.09448578547032521	6	6	0.0	0.5	-0.5	-0.5849625007211563	0	1
ASPH	2	frac_non_diploid	0.12734502615209464	0.09448578547032521	6	6	0.16666666666666666	0.6666666666666666	-0.5	-0.5145731728297581	1	3
ATP2B4	4	frac_non_diploid	0.12734502615209464	0.09448578547032521	6	6	0.0	0.5	-0.5	-0.5849625007211563	0	1
BMPR2	3	frac_non_diploid	0.12734502615209464	0.09448578547032521	6	6	0.0	0.5	-0.5	-0.5849625007211563	0	1
CCT2	1	frac_non_diploid	0.12734502615209464	0.09448578547032521	6	6	0.0	0.5	-0.5	-0.5849625007211563	0	1
COPG1	1	frac_non_diploid	0.12734502615209464	0.09448578547032521	6	6	0.0	0.5	-0.5	-0.5849625007211563	0	1
CRIM1	8	frac_non_diploid	0.12734502615209464	0.09448578547032521	6	6	1.0	1.5	-0.5	-0.3219280948873623	4	4
DNA2	1	frac_non_diploid	0.12734502615209464	0.09448578547032521	6	6	0.0	0.5	-0.5	-0.5849625007211563	0	1
DPY19L1	1	frac_non_diploid	0.12734502615209464	0.09448578547032521	6	6	0.0	0.5	-0.5	-0.5849625007211563	0	1
DST	1	frac_non_diploid	0.12734502615209464	0.09448578547032521	6	6	0.0	0.5	-0.5	-0.5849625007211563	0	1
EHMT1	2	frac_non_diploid	0.12734502615209464	0.09448578547032521	6	6	0.0	0.5	-0.5	-0.5849625007211563	0	1
EML2	1	frac_non_diploid	0.12734502615209464	0.09448578547032521	6	6	0.0	0.5	-0.5	-0.5849625007211563	0	1
ENSG00000251661	2	frac_non_diploid	0.12734502615209464	0.09448578547032521	6	6	0.0	0.5	-0.5	-0.5849625007211563	0	1
ENSG00000258663	1	frac_non_diploid	0.12734502615209464	0.09448578547032521	6	6	0.0	0.5	-0.5	-0.5849625007211563	0	1
ENSG00000259931	1	frac_non_diploid	0.12734502615209464	0.09448578547032521	6	6	0.0	0.5	-0.5	-0.5849625007211563	0	1
ENSG00000260269	1	frac_non_diploid	0.12734502615209464	0.09448578547032521	6	6	0.0	0.5	-0.5	-0.5849625007211563	0	1
ENSG00000265113	1	frac_non_diploid	0.12734502615209464	0.09448578547032521	6	6	0.0	0.5	-0.5	-0.5849625007211563	0	1
ENSG00000274038	1	frac_non_diploid	0.12734502615209464	0.09448578547032521	6	6	0.3333333333333333	0.8333333333333334	-0.5	-0.4594316186372974	1	1
ERCC4	1	frac_non_diploid	0.12734502615209464	0.09448578547032521	6	6	0.0	0.5	-0.5	-0.5849625007211563	0	1
FBXW11	2	frac_non_diploid	0.12734502615209464	0.09448578547032521	6	6	0.0	0.5	-0.5	-0.5849625007211563	0	1
FBXW7	1	frac_non_diploid	0.12734502615209464	0.09448578547032521	6	6	0.0	0.5	-0.5	-0.5849625007211563	0	2
FKBP9	2	frac_non_diploid	0.12734502615209464	0.09448578547032521	6	6	0.0	0.5	-0.5	-0.5849625007211563	0	1
GALK2	2	frac_non_diploid	0.12734502615209464	0.09448578547032521	6	6	0.0	0.5	-0.5	-0.5849625007211563	0	1
HP1BP3	3	frac_non_diploid	0.12734502615209464	0.09448578547032521	6	6	0.0	0.5	-0.5	-0.5849625007211563	0	2
HTT	1	frac_non_diploid	0.12734502615209464	0.09448578547032521	6	6	0.0	0.5	-0.5	-0.5849625007211563	0	1
MATR3	1	frac_non_diploid	0.12734502615209464	0.09448578547032521	6	6	0.0	0.5	-0.5	-0.5849625007211563	0	2
MED13L	4	frac_non_diploid	0.12734502615209464	0.09448578547032521	6	6	0.16666666666666666	0.6666666666666666	-0.5	-0.5145731728297581	1	2
MIR4804	1	frac_non_diploid	0.12734502615209464	0.09448578547032521	6	6	0.0	0.5	-0.5	-0.5849625007211563	0	1
MITD1	1	frac_non_diploid	0.12734502615209464	0.09448578547032521	6	6	0.0	0.5	-0.5	-0.5849625007211563	0	1
NUP98	3	frac_non_diploid	0.12734502615209464	0.09448578547032521	6	6	0.0	0.5	-0.5	-0.5849625007211563	0	1
OBSL1	1	frac_non_diploid	0.12734502615209464	0.09448578547032521	6	6	0.0	0.5	-0.5	-0.5849625007211563	0	1
OGA	4	frac_non_diploid	0.12734502615209464	0.09448578547032521	6	6	0.0	0.5	-0.5	-0.5849625007211563	0	3
PEA15	1	frac_non_diploid	0.12734502615209464	0.09448578547032521	6	6	0.0	0.5	-0.5	-0.5849625007211563	0	1
PHC3	4	frac_non_diploid	0.12734502615209464	0.09448578547032521	6	6	0.5	1.0	-0.5	-0.4150374992788438	2	3
PRDX3	1	frac_non_diploid	0.12734502615209464	0.09448578547032521	6	6	0.0	0.5	-0.5	-0.5849625007211563	0	1
PSG4	2	frac_non_diploid	0.12734502615209464	0.09448578547032521	6	6	2.1666666666666665	2.6666666666666665	-0.5	-0.21150410519371174	1	2
PTPN9	1	frac_non_diploid	0.12734502615209464	0.09448578547032521	6	6	0.0	0.5	-0.5	-0.5849625007211563	0	1
QARS1	1	frac_non_diploid	0.12734502615209464	0.09448578547032521	6	6	0.0	0.5	-0.5	-0.5849625007211563	0	1
RABGAP1L	1	frac_non_diploid	0.12734502615209464	0.09448578547032521	6	6	0.0	0.5	-0.5	-0.5849625007211563	0	1
RER1	1	frac_non_diploid	0.12734502615209464	0.09448578547032521	6	6	0.0	0.5	-0.5	-0.5849625007211563	0	1
RPL7P46	1	frac_non_diploid	0.12734502615209464	0.09448578547032521	6	6	0.3333333333333333	0.8333333333333334	-0.5	-0.4594316186372974	1	1
SMURF2	3	frac_non_diploid	0.12734502615209464	0.09448578547032521	6	6	0.0	0.5	-0.5	-0.5849625007211563	0	2
SNHG4	1	frac_non_diploid	0.12734502615209464	0.09448578547032521	6	6	0.0	0.5	-0.5	-0.5849625007211563	0	2
SNORA74A	1	frac_non_diploid	0.12734502615209464	0.09448578547032521	6	6	0.0	0.5	-0.5	-0.5849625007211563	0	2
SNTB2	1	frac_non_diploid	0.12734502615209464	0.09448578547032521	6	6	0.0	0.5	-0.5	-0.5849625007211563	0	1
SRSF11	2	frac_non_diploid	0.12734502615209464	0.09448578547032521	6	6	0.0	0.5	-0.5	-0.5849625007211563	0	2
STK4	1	frac_non_diploid	0.12734502615209464	0.09448578547032521	6	6	0.0	0.5	-0.5	-0.5849625007211563	0	1
SUCLG2	2	frac_non_diploid	0.12734502615209464	0.09448578547032521	6	6	0.0	0.5	-0.5	-0.5849625007211563	0	1
TENM3	2	frac_non_diploid	0.12734502615209464	0.09448578547032521	6	6	0.0	0.5	-0.5	-0.5849625007211563	0	2
TMEM106B	1	frac_non_diploid	0.12734502615209464	0.09448578547032521	6	6	0.0	0.5	-0.5	-0.5849625007211563	0	1
TNPO1	1	frac_non_diploid	0.12734502615209464	0.09448578547032521	6	6	0.0	0.5	-0.5	-0.5849625007211563	0	1
TPT1-AS1	1	frac_non_diploid	0.12734502615209464	0.09448578547032521	6	6	0.0	0.5	-0.5	-0.5849625007211563	0	1
UBQLN1	2	frac_non_diploid	0.12734502615209464	0.09448578547032521	6	6	0.0	0.5	-0.5	-0.5849625007211563	0	2
USP33	1	frac_non_diploid	0.12734502615209464	0.09448578547032521	6	6	0.0	0.5	-0.5	-0.5849625007211563	0	1
VPS45	1	frac_non_diploid	0.12734502615209464	0.09448578547032521	6	6	0.0	0.5	-0.5	-0.5849625007211563	0	1
ZFAND6	1	frac_non_diploid	0.12734502615209464	0.09448578547032521	6	6	0.0	0.5	-0.5	-0.5849625007211563	0	1
ZFYVE16	1	frac_non_diploid	0.12734502615209464	0.09448578547032521	6	6	0.0	0.5	-0.5	-0.5849625007211563	0	1
ZMYM2	4	frac_non_diploid	0.12734502615209464	0.09448578547032521	6	6	0.0	0.5	-0.5	-0.5849625007211563	0	2
ZNF496	1	frac_non_diploid	0.12734502615209464	0.09448578547032521	6	6	0.0	0.5	-0.5	-0.5849625007211563	0	1
ABHD2	1	frac_non_diploid	0.12734502615209464	0.09448578547032521	6	6	0.6666666666666666	1.1666666666666667	-0.5000000000000001	-0.37851162325373017	1	1
CCZ1B	1	frac_non_diploid	0.12734502615209464	0.09448578547032521	6	6	0.6666666666666666	1.1666666666666667	-0.5000000000000001	-0.37851162325373017	1	2
ANKIB1	1	frac_non_diploid	0.12734502615209464	0.09448578547032521	6	6	0.0	0.6666666666666666	-0.6666666666666666	-0.736965594166206	0	1
ASH1L-IT1	2	frac_non_diploid	0.12734502615209464	0.09448578547032521	6	6	0.0	0.6666666666666666	-0.6666666666666666	-0.736965594166206	0	1
CHD9	3	frac_non_diploid	0.12734502615209464	0.09448578547032521	6	6	0.0	0.6666666666666666	-0.6666666666666666	-0.736965594166206	0	2
CWF19L2	1	frac_non_diploid	0.12734502615209464	0.09448578547032521	6	6	0.0	0.6666666666666666	-0.6666666666666666	-0.736965594166206	0	1
DOP1B	1	frac_non_diploid	0.12734502615209464	0.09448578547032521	6	6	0.0	0.6666666666666666	-0.6666666666666666	-0.736965594166206	0	2
ENSG00000261553	2	frac_non_diploid	0.12734502615209464	0.09448578547032521	6	6	0.0	0.6666666666666666	-0.6666666666666666	-0.736965594166206	0	1
ENSG00000273167	1	frac_non_diploid	0.12734502615209464	0.09448578547032521	6	6	0.0	0.6666666666666666	-0.6666666666666666	-0.736965594166206	0	1
ENSG00000285304	1	frac_non_diploid	0.12734502615209464	0.09448578547032521	6	6	0.0	0.6666666666666666	-0.6666666666666666	-0.736965594166206	0	1
ENSG00000285547	1	frac_non_diploid	0.12734502615209464	0.09448578547032521	6	6	0.0	0.6666666666666666	-0.6666666666666666	-0.736965594166206	0	1
HDAC8	1	frac_non_diploid	0.12734502615209464	0.09448578547032521	6	6	0.0	0.6666666666666666	-0.6666666666666666	-0.736965594166206	0	1
LMO7	3	frac_non_diploid	0.12734502615209464	0.09448578547032521	6	6	0.0	0.6666666666666666	-0.6666666666666666	-0.736965594166206	0	1
LRCH1	1	frac_non_diploid	0.12734502615209464	0.09448578547032521	6	6	0.0	0.6666666666666666	-0.6666666666666666	-0.736965594166206	0	1
MAGI1	1	frac_non_diploid	0.12734502615209464	0.09448578547032521	6	6	0.0	0.6666666666666666	-0.6666666666666666	-0.736965594166206	0	1
PCNX4	1	frac_non_diploid	0.12734502615209464	0.09448578547032521	6	6	0.0	0.6666666666666666	-0.6666666666666666	-0.736965594166206	0	2
PIK3C2A	2	frac_non_diploid	0.12734502615209464	0.09448578547032521	6	6	0.0	0.6666666666666666	-0.6666666666666666	-0.736965594166206	0	2
POLE2	2	frac_non_diploid	0.12734502615209464	0.09448578547032521	6	6	0.0	0.6666666666666666	-0.6666666666666666	-0.736965594166206	0	2
PTOV1	1	frac_non_diploid	0.12734502615209464	0.09448578547032521	6	6	0.0	0.6666666666666666	-0.6666666666666666	-0.736965594166206	0	1
RASGRF2	4	frac_non_diploid	0.12734502615209464	0.09448578547032521	6	6	0.0	0.6666666666666666	-0.6666666666666666	-0.736965594166206	0	2
SH3BP1	1	frac_non_diploid	0.12734502615209464	0.09448578547032521	6	6	0.0	0.6666666666666666	-0.6666666666666666	-0.736965594166206	0	1
SPATA13	1	frac_non_diploid	0.12734502615209464	0.09448578547032521	6	6	0.0	0.6666666666666666	-0.6666666666666666	-0.736965594166206	0	1
TBCK	1	frac_non_diploid	0.12734502615209464	0.09448578547032521	6	6	0.0	0.6666666666666666	-0.6666666666666666	-0.736965594166206	0	1
TCOF1	1	frac_non_diploid	0.12734502615209464	0.09448578547032521	6	6	0.0	0.6666666666666666	-0.6666666666666666	-0.736965594166206	0	2
TOP1	1	frac_non_diploid	0.12734502615209464	0.09448578547032521	6	6	0.0	0.6666666666666666	-0.6666666666666666	-0.736965594166206	0	2
TSNARE1	1	frac_non_diploid	0.12734502615209464	0.09448578547032521	6	6	0.0	0.6666666666666666	-0.6666666666666666	-0.736965594166206	0	1
UIMC1	1	frac_non_diploid	0.12734502615209464	0.09448578547032521	6	6	0.0	0.6666666666666666	-0.6666666666666666	-0.736965594166206	0	2
UXS1	1	frac_non_diploid	0.12734502615209464	0.09448578547032521	6	6	0.0	0.6666666666666666	-0.6666666666666666	-0.736965594166206	0	3
VMP1	3	frac_non_diploid	0.12734502615209464	0.09448578547032521	6	6	0.0	0.6666666666666666	-0.6666666666666666	-0.736965594166206	0	2
ZDBF2	1	frac_non_diploid	0.12734502615209464	0.09448578547032521	6	6	0.0	0.6666666666666666	-0.6666666666666666	-0.736965594166206	0	1
ZFYVE1	1	frac_non_diploid	0.12734502615209464	0.09448578547032521	6	6	0.0	0.6666666666666666	-0.6666666666666666	-0.736965594166206	0	1
ZNF362	1	frac_non_diploid	0.12734502615209464	0.09448578547032521	6	6	0.0	0.6666666666666666	-0.6666666666666666	-0.736965594166206	0	2
ZNF439	1	frac_non_diploid	0.12734502615209464	0.09448578547032521	6	6	0.0	0.6666666666666666	-0.6666666666666666	-0.736965594166206	0	1
ZNF69	1	frac_non_diploid	0.12734502615209464	0.09448578547032521	6	6	0.0	0.6666666666666666	-0.6666666666666666	-0.736965594166206	0	1
ZNF800	3	frac_non_diploid	0.12734502615209464	0.09448578547032521	6	6	0.0	0.6666666666666666	-0.6666666666666666	-0.736965594166206	0	1
CLEC16A	2	frac_non_diploid	0.12734502615209464	0.09448578547032521	6	6	0.3333333333333333	1.0	-0.6666666666666667	-0.5849625007211563	1	1
ENSG00000261864	3	frac_non_diploid	0.12734502615209464	0.09448578547032521	6	6	0.16666666666666666	0.8333333333333334	-0.6666666666666667	-0.6520766965796931	1	2
ENSG00000290854	1	frac_non_diploid	0.12734502615209464	0.09448578547032521	6	6	0.16666666666666666	0.8333333333333334	-0.6666666666666667	-0.6520766965796931	1	3
MIR493HG	12	frac_non_diploid	0.12734502615209464	0.09448578547032521	6	6	0.3333333333333333	1.0	-0.6666666666666667	-0.5849625007211563	2	2
NALF1	4	frac_non_diploid	0.12734502615209464	0.09448578547032521	6	6	0.3333333333333333	1.0	-0.6666666666666667	-0.5849625007211563	1	2
NFATC3	4	frac_non_diploid	0.12734502615209464	0.09448578547032521	6	6	0.16666666666666666	0.8333333333333334	-0.6666666666666667	-0.6520766965796931	1	2
SLC35E2A	1	frac_non_diploid	0.12734502615209464	0.09448578547032521	6	6	0.16666666666666666	0.8333333333333334	-0.6666666666666667	-0.6520766965796931	1	3
SNORD114-2	12	frac_non_diploid	0.12734502615209464	0.09448578547032521	6	6	0.3333333333333333	1.0	-0.6666666666666667	-0.5849625007211563	2	2
COL6A2	6	frac_non_diploid	0.12734502615209464	0.09448578547032521	6	6	0.5	1.3333333333333333	-0.8333333333333333	-0.6374299206152917	2	1
ANKRD36C	3	frac_non_diploid	0.12734502615209464	0.09448578547032521	6	6	0.0	0.8333333333333334	-0.8333333333333334	-0.8744691179161412	0	1
ATG7	1	frac_non_diploid	0.12734502615209464	0.09448578547032521	6	6	0.0	0.8333333333333334	-0.8333333333333334	-0.8744691179161412	0	2
ENSG00000225092	2	frac_non_diploid	0.12734502615209464	0.09448578547032521	6	6	0.0	0.8333333333333334	-0.8333333333333334	-0.8744691179161412	0	2
ENSG00000236073	3	frac_non_diploid	0.12734502615209464	0.09448578547032521	6	6	0.0	0.8333333333333334	-0.8333333333333334	-0.8744691179161412	0	2
FAM216A	1	frac_non_diploid	0.12734502615209464	0.09448578547032521	6	6	0.0	0.8333333333333334	-0.8333333333333334	-0.8744691179161412	0	1
MACF1	4	frac_non_diploid	0.12734502615209464	0.09448578547032521	6	6	0.16666666666666666	1.0	-0.8333333333333334	-0.777607578663552	1	3
RARS1	3	frac_non_diploid	0.12734502615209464	0.09448578547032521	6	6	0.16666666666666666	1.0	-0.8333333333333334	-0.777607578663552	1	3
RREB1	2	frac_non_diploid	0.12734502615209464	0.09448578547032521	6	6	0.0	0.8333333333333334	-0.8333333333333334	-0.8744691179161412	0	2
TGFB1	1	frac_non_diploid	0.12734502615209464	0.09448578547032521	6	6	0.0	0.8333333333333334	-0.8333333333333334	-0.8744691179161412	0	2
TMEM184B	1	frac_non_diploid	0.12734502615209464	0.09448578547032521	6	6	0.0	0.8333333333333334	-0.8333333333333334	-0.8744691179161412	0	1
MEG8	14	frac_non_diploid	0.12734502615209464	0.09448578547032521	6	6	0.3333333333333333	1.1666666666666667	-0.8333333333333335	-0.7004397181410923	2	3
NEDD4	1	frac_non_diploid	0.12734502615209464	0.09448578547032521	6	6	0.0	1.0	-1.0	-1.0	0	2
SNORD114-3	3	frac_non_diploid	0.12734502615209464	0.09448578547032521	6	6	0.0	1.0	-1.0	-1.0	0	2
SNORD114-7	3	frac_non_diploid	0.12734502615209464	0.09448578547032521	6	6	0.0	1.0	-1.0	-1.0	0	2
SPIDR	1	frac_non_diploid	0.12734502615209464	0.09448578547032521	6	6	0.0	1.0	-1.0	-1.0	0	1
FNDC3B	4	frac_non_diploid	0.12734502615209464	0.09448578547032521	6	6	0.5	1.6666666666666667	-1.1666666666666667	-0.830074998557688	1	2
PAN3	3	frac_non_diploid	0.12734502615209464	0.09448578547032521	6	6	0.0	1.1666666666666667	-1.1666666666666667	-1.1154772174199363	0	3
PIK3C3	2	frac_non_diploid	0.12734502615209464	0.09448578547032521	6	6	0.0	1.1666666666666667	-1.1666666666666667	-1.1154772174199363	0	1
RN7SL434P	1	frac_non_diploid	0.12734502615209464	0.09448578547032521	6	6	0.0	1.1666666666666667	-1.1666666666666667	-1.1154772174199363	0	1
RNU6-1279P	1	frac_non_diploid	0.12734502615209464	0.09448578547032521	6	6	0.0	1.1666666666666667	-1.1666666666666667	-1.1154772174199363	0	1
UBXN7	1	frac_non_diploid	0.12734502615209464	0.09448578547032521	6	6	0.0	1.1666666666666667	-1.1666666666666667	-1.1154772174199363	0	1
ZNF827	2	frac_non_diploid	0.12734502615209464	0.09448578547032521	6	6	0.0	1.1666666666666667	-1.1666666666666667	-1.1154772174199363	0	1
LPAR1	5	frac_non_diploid	0.12734502615209464	0.09448578547032521	6	6	6.833333333333333	8.166666666666666	-1.333333333333333	-0.22677086184702214	5	6
ARHGAP10	3	frac_non_diploid	0.12734502615209464	0.09448578547032521	6	6	0.0	1.3333333333333333	-1.3333333333333333	-1.2223924213364479	0	2
CDC123	2	frac_non_diploid	0.12734502615209464	0.09448578547032521	6	6	0.16666666666666666	1.5	-1.3333333333333333	-1.0995356735509143	1	1
SEC24B	4	frac_non_diploid	0.12734502615209464	0.09448578547032521	6	6	0.0	1.3333333333333333	-1.3333333333333333	-1.2223924213364479	0	2
HIPK2	2	frac_non_diploid	0.12734502615209464	0.09448578547032521	6	6	0.0	1.6666666666666667	-1.6666666666666667	-1.415037499278844	0	4
FBN1	5	frac_non_diploid	0.12734502615209464	0.09448578547032521	6	6	0.16666666666666666	2.0	-1.8333333333333333	-1.3625700793847082	1	2
DOCK1	7	frac_non_diploid	0.12734502615209464	0.09448578547032521	6	6	0.16666666666666666	2.1666666666666665	-1.9999999999999998	-1.4405725913859813	1	4
HIPK3	2	frac_non_diploid	0.12734502615209464	0.09448578547032521	6	6	3.1666666666666665	5.5	-2.3333333333333335	-0.6415460290875238	4	6
MT1M	4	frac_non_diploid	0.12734502615209464	0.09448578547032521	6	6	2.5	5.833333333333333	-3.333333333333333	-0.9652345818393234	1	3
MT1E	3	frac_non_diploid	0.12734502615209464	0.09448578547032521	6	6	2.3333333333333335	5.666666666666667	-3.3333333333333335	-1.0	1	3
MT1JP	3	frac_non_diploid	0.12734502615209464	0.09448578547032521	6	6	1.8333333333333333	5.833333333333333	-4.0	-1.2700891633677442	1	3
LINC00632	1	frac_non_diploid	0.12734502615209464	0.09448578547032521	6	6	41.0	58.5	-17.5	-0.5025003405291831	6	6
